[2025-11-21T15:46:25.675] [DEBUG] debug-file - Executing task :entry:default@PackageHap
[2025-11-21T15:46:25.688] [DEBUG] debug-file - entry:default@PackageHap is not up-to-date, since the input file 'C:\Users\34857\DevEcoStudioProjects\GreenGroth\entry\build\default\intermediates\loader_out\default\ets' has been changed.
[2025-11-21T15:46:25.689] [DEBUG] debug-file - Incremental task entry:default@PackageHap pre-execution cost: 12 ms .
[2025-11-21T15:46:25.690] [DEBUG] debug-file - Use tool [C:\Program Files\Huawei\DevEco Studio\sdk\default\openharmony\toolchains\lib\app_packing_tool.jar]
 [
  'java',
  '-Dfile.encoding=GBK',
  '-jar',
  'C:\\Program Files\\Huawei\\DevEco Studio\\sdk\\default\\openharmony\\toolchains\\lib\\app_packing_tool.jar',
  '--mode',
  'hap',
  '--force',
  'true',
  '--lib-path',
  'C:\\Users\\34857\\DevEcoStudioProjects\\GreenGroth\\entry\\build\\default\\intermediates\\stripped_native_libs\\default',
  '--json-path',
  'C:\\Users\\34857\\DevEcoStudioProjects\\GreenGroth\\entry\\build\\default\\intermediates\\package\\default\\module.json',
  '--resources-path',
  'C:\\Users\\34857\\DevEcoStudioProjects\\GreenGroth\\entry\\build\\default\\intermediates\\res\\default\\resources',
  '--index-path',
  'C:\\Users\\34857\\DevEcoStudioProjects\\GreenGroth\\entry\\build\\default\\intermediates\\res\\default\\resources.index',
  '--pack-info-path',
  'C:\\Users\\34857\\DevEcoStudioProjects\\GreenGroth\\entry\\build\\default\\outputs\\default\\pack.info',
  '--out-path',
  'C:\\Users\\34857\\DevEcoStudioProjects\\GreenGroth\\entry\\build\\default\\outputs\\default\\entry-default-unsigned.hap',
  '--ets-path',
  'C:\\Users\\34857\\DevEcoStudioProjects\\GreenGroth\\entry\\build\\default\\intermediates\\loader_out\\default\\ets',
  '--pkg-context-path',
  'C:\\Users\\34857\\DevEcoStudioProjects\\GreenGroth\\entry\\build\\default\\intermediates\\loader\\default\\pkgContextInfo.json'
]
[2025-11-21T15:46:25.743] [DEBUG] debug-file - java daemon socket received message:{"code":0,"message":"pack success"}
[2025-11-21T15:46:25.748] [DEBUG] debug-file - entry : default@PackageHap cost memory 0.8156509399414062
[2025-11-21T15:46:25.748] [DEBUG] debug-file - runTaskFromQueue task cost before running: 1 s 986 ms 
[2025-11-21T15:46:25.749] [INFO] debug-file - Finished :entry:default@PackageHap... after 74 ms 
[2025-11-21T15:46:25.751] [DEBUG] debug-file - Executing task :entry:default@PackingCheck
[2025-11-21T15:46:25.757] [DEBUG] debug-file - entry : default@PackingCheck cost memory 0.357177734375
[2025-11-21T15:46:25.757] [DEBUG] debug-file - runTaskFromQueue task cost before running: 1 s 995 ms 
[2025-11-21T15:46:25.757] [INFO] debug-file - Finished :entry:default@PackingCheck... after 6 ms 
[2025-11-21T15:46:25.759] [DEBUG] debug-file - Executing task :entry:default@SignHap
[2025-11-21T15:46:25.762] [DEBUG] debug-file - entry:default@SignHap is not up-to-date, since the input file 'C:\Users\34857\DevEcoStudioProjects\GreenGroth\entry\build\default\outputs\default\entry-default-unsigned.hap' has been changed.
[2025-11-21T15:46:25.762] [DEBUG] debug-file - Incremental task entry:default@SignHap pre-execution cost: 3 ms .
[2025-11-21T15:46:25.789] [DEBUG] debug-file - java daemon socket close code:1000 reason:close by user
[2025-11-21T15:46:25.833] [DEBUG] debug-file - java daemon socket received message:{"code":0,"message":"verify profile success"}
[2025-11-21T15:46:25.837] [DEBUG] debug-file - java daemon socket close code:1000 reason:close by user
[2025-11-21T15:46:25.937] [DEBUG] debug-file - java daemon socket received message:{"code":0,"message":"sign app success"}
[2025-11-21T15:46:25.938] [DEBUG] debug-file - entry : default@SignHap cost memory 0.6641921997070312
[2025-11-21T15:46:25.939] [DEBUG] debug-file - runTaskFromQueue task cost before running: 2 s 177 ms 
[2025-11-21T15:46:25.939] [INFO] debug-file - Finished :entry:default@SignHap... after 180 ms 
[2025-11-21T15:46:25.942] [DEBUG] debug-file - Executing task :entry:default@CollectDebugSymbol
[2025-11-21T15:46:25.944] [DEBUG] debug-file - entry : default@CollectDebugSymbol cost memory 0.09909820556640625
[2025-11-21T15:46:25.944] [DEBUG] debug-file - runTaskFromQueue task cost before running: 2 s 182 ms 
[2025-11-21T15:46:25.944] [INFO] debug-file - Finished :entry:default@CollectDebugSymbol... after 3 ms 
[2025-11-21T15:46:25.944] [DEBUG] debug-file - Executing task :entry:assembleHap
[2025-11-21T15:46:25.945] [DEBUG] debug-file - entry : assembleHap cost memory 0.01386260986328125
[2025-11-21T15:46:25.945] [DEBUG] debug-file - runTaskFromQueue task cost before running: 2 s 183 ms 
[2025-11-21T15:46:25.945] [INFO] debug-file - Finished :entry:assembleHap... after 1 ms 
[2025-11-21T15:46:25.954] [INFO] debug-file - BUILD SUCCESSFUL in 2 s 192 ms 
[2025-11-21T15:46:25.955] [DEBUG] debug-file - There is no need to refresh cache, since the incremental task entry:default@PreBuild is up-to-date.
[2025-11-21T15:46:25.955] [DEBUG] debug-file - Update task entry:default@CreateModuleInfo output file:C:\Users\34857\DevEcoStudioProjects\GreenGroth\entry\build\default\generated\profile\default\ModuleInfo.ts cache.
[2025-11-21T15:46:25.955] [DEBUG] debug-file - Incremental task entry:default@CreateModuleInfo post-execution cost:1 ms .
[2025-11-21T15:46:25.955] [DEBUG] debug-file - There is no need to refresh cache, since the incremental task entry:default@GenerateMetadata is up-to-date.
[2025-11-21T15:46:25.955] [DEBUG] debug-file - There is no need to refresh cache, since the incremental task entry:default@MergeProfile is up-to-date.
[2025-11-21T15:46:25.955] [DEBUG] debug-file - There is no need to refresh cache, since the incremental task entry:default@CreateBuildProfile is up-to-date.
[2025-11-21T15:46:25.955] [DEBUG] debug-file - There is no need to refresh cache, since the incremental task entry:default@GeneratePkgContextInfo is up-to-date.
[2025-11-21T15:46:25.955] [DEBUG] debug-file - Update task entry:default@ProcessIntegratedHsp output file:C:\Users\34857\DevEcoStudioProjects\GreenGroth\build\cache\default\integrated_hsp\integratedHspCache.json cache.
[2025-11-21T15:46:25.956] [DEBUG] debug-file - Incremental task entry:default@ProcessIntegratedHsp post-execution cost:1 ms .
[2025-11-21T15:46:25.956] [DEBUG] debug-file - There is no need to refresh cache, since the incremental task entry:default@MakePackInfo is up-to-date.
[2025-11-21T15:46:25.956] [DEBUG] debug-file - Update task entry:default@SyscapTransform input file:C:\Program Files\Huawei\DevEco Studio\sdk\default\openharmony\toolchains\syscap_tool.exe cache by regenerate.
[2025-11-21T15:46:25.956] [DEBUG] debug-file - Update task entry:default@SyscapTransform input file:C:\Program Files\Huawei\DevEco Studio\sdk\default\openharmony\ets\api\device-define cache by regenerate.
[2025-11-21T15:46:25.958] [DEBUG] debug-file - Update task entry:default@SyscapTransform output file:C:\Users\34857\DevEcoStudioProjects\GreenGroth\entry\build\default\intermediates\syscap\default\rpcid.sc cache.
[2025-11-21T15:46:25.959] [DEBUG] debug-file - Incremental task entry:default@SyscapTransform post-execution cost:3 ms .
[2025-11-21T15:46:25.959] [DEBUG] debug-file - There is no need to refresh cache, since the incremental task entry:default@ProcessProfile is up-to-date.
[2025-11-21T15:46:25.959] [DEBUG] debug-file - There is no need to refresh cache, since the incremental task entry:default@ProcessRouterMap is up-to-date.
[2025-11-21T15:46:25.959] [DEBUG] debug-file - There is no need to refresh cache, since the incremental task entry:default@ProcessShareConfig is up-to-date.
[2025-11-21T15:46:25.959] [DEBUG] debug-file - Update task entry:default@ProcessStartupConfig input file:C:\Users\34857\DevEcoStudioProjects\GreenGroth\entry\build\default\intermediates\loader\default\pkgContextInfo.json cache by regenerate.
[2025-11-21T15:46:25.959] [DEBUG] debug-file - Update task entry:default@ProcessStartupConfig output file:C:\Users\34857\DevEcoStudioProjects\GreenGroth\entry\build\default\intermediates\startup\default\startup_config.json cache.
[2025-11-21T15:46:25.960] [DEBUG] debug-file - Incremental task entry:default@ProcessStartupConfig post-execution cost:1 ms .
[2025-11-21T15:46:25.960] [DEBUG] debug-file - There is no need to refresh cache, since the incremental task entry:default@ProcessResource is up-to-date.
[2025-11-21T15:46:25.960] [DEBUG] debug-file - There is no need to refresh cache, since the incremental task entry:default@GenerateLoaderJson is up-to-date.
[2025-11-21T15:46:25.960] [DEBUG] debug-file - There is no need to refresh cache, since the incremental task entry:default@ProcessLibs is up-to-date.
[2025-11-21T15:46:25.960] [DEBUG] debug-file - There is no need to refresh cache, since the incremental task entry:default@CompileResource is up-to-date.
[2025-11-21T15:46:25.960] [DEBUG] debug-file - There is no need to refresh cache, since the incremental task entry:default@DoNativeStrip is up-to-date.
[2025-11-21T15:46:25.963] [DEBUG] debug-file - Update task entry:default@CompileArkTS input file:C:\Users\34857\DevEcoStudioProjects\GreenGroth\entry\build\default\intermediates\loader\default cache by regenerate.
[2025-11-21T15:46:25.964] [DEBUG] debug-file - Update task entry:default@CompileArkTS input file:C:\Users\34857\DevEcoStudioProjects\GreenGroth\oh_modules\.ohpm\@ohos+axios@2.2.6\oh_modules\@ohos\axios\index.js cache by regenerate.
[2025-11-21T15:46:25.965] [DEBUG] debug-file - Update task entry:default@CompileArkTS input file:C:\Users\34857\DevEcoStudioProjects\GreenGroth\oh_modules\.ohpm\@ohos+axios@2.2.6\oh_modules\@ohos\axios\src\main\ets cache by regenerate.
[2025-11-21T15:46:25.985] [DEBUG] debug-file - Update task entry:default@CompileArkTS input file:C:\Users\34857\DevEcoStudioProjects\GreenGroth\entry\build\default\intermediates\res\default\resources\rawfile cache by regenerate.
[2025-11-21T15:46:25.987] [DEBUG] debug-file - Update task entry:default@CompileArkTS input file:C:\Users\34857\DevEcoStudioProjects\GreenGroth\entry\build\default\intermediates\res\default\ResourceTable.txt cache by regenerate.
[2025-11-21T15:46:25.987] [DEBUG] debug-file - Update task entry:default@CompileArkTS input file:C:\Users\34857\DevEcoStudioProjects\GreenGroth\entry\build\default\intermediates\res\default\ark_module.json cache by regenerate.
[2025-11-21T15:46:25.987] [DEBUG] debug-file - Update task entry:default@CompileArkTS input file:C:\Users\34857\DevEcoStudioProjects\GreenGroth\entry\build\default\intermediates\res\default\resources\base\profile cache by regenerate.
[2025-11-21T15:46:25.988] [DEBUG] debug-file - Update task entry:default@CompileArkTS input file:C:\Users\34857\DevEcoStudioProjects\GreenGroth\entry\src\main\ets cache from map.
[2025-11-21T15:46:25.988] [DEBUG] debug-file - Update task entry:default@CompileArkTS input file:C:\Users\34857\DevEcoStudioProjects\GreenGroth\entry\build\default\intermediates\loader\default\pkgContextInfo.json cache by regenerate.
[2025-11-21T15:46:25.989] [DEBUG] debug-file - Update task entry:default@CompileArkTS input file:C:\Users\34857\DevEcoStudioProjects\GreenGroth\entry\build\default\generated\profile\default\BuildProfile.ets cache by regenerate.
[2025-11-21T15:46:25.989] [DEBUG] debug-file - Update task entry:default@CompileArkTS input file:C:\Users\34857\DevEcoStudioProjects\GreenGroth\entry\src\mock\mock-config.json5 cache by regenerate.
[2025-11-21T15:46:25.990] [DEBUG] debug-file - Update task entry:default@CompileArkTS output file:C:\Users\34857\DevEcoStudioProjects\GreenGroth\entry\build\default\intermediates\loader_out\default\ets cache.
[2025-11-21T15:46:25.991] [DEBUG] debug-file - Incremental task entry:default@CompileArkTS post-execution cost:31 ms .
[2025-11-21T15:46:25.993] [DEBUG] debug-file - Update task entry:default@BuildJS input file:C:\Users\34857\DevEcoStudioProjects\GreenGroth\entry\build\default\intermediates\loader\default cache by regenerate.
[2025-11-21T15:46:25.994] [DEBUG] debug-file - Update task entry:default@BuildJS input file:C:\Users\34857\DevEcoStudioProjects\GreenGroth\oh_modules\.ohpm\@ohos+axios@2.2.6\oh_modules\@ohos\axios\index.js cache by regenerate.
[2025-11-21T15:46:25.994] [DEBUG] debug-file - Update task entry:default@BuildJS input file:C:\Users\34857\DevEcoStudioProjects\GreenGroth\entry\build\default\intermediates\res\default\resources\rawfile cache by regenerate.
[2025-11-21T15:46:25.996] [DEBUG] debug-file - Update task entry:default@BuildJS input file:C:\Users\34857\DevEcoStudioProjects\GreenGroth\entry\build\default\intermediates\res\default\ResourceTable.txt cache by regenerate.
[2025-11-21T15:46:25.996] [DEBUG] debug-file - Update task entry:default@BuildJS input file:C:\Users\34857\DevEcoStudioProjects\GreenGroth\entry\build\default\intermediates\res\default\ark_module.json cache by regenerate.
[2025-11-21T15:46:25.996] [DEBUG] debug-file - Update task entry:default@BuildJS input file:C:\Users\34857\DevEcoStudioProjects\GreenGroth\entry\build\default\intermediates\res\default\resources\base\profile cache by regenerate.
[2025-11-21T15:46:25.997] [DEBUG] debug-file - Update task entry:default@BuildJS input file:C:\Users\34857\DevEcoStudioProjects\GreenGroth\entry\build\default\intermediates\loader\default\pkgContextInfo.json cache by regenerate.
[2025-11-21T15:46:25.998] [DEBUG] debug-file - Update task entry:default@BuildJS output file:C:\Users\34857\DevEcoStudioProjects\GreenGroth\entry\build\default\intermediates\loader_out\default\js cache.
[2025-11-21T15:46:25.998] [DEBUG] debug-file - Incremental task entry:default@BuildJS post-execution cost:8 ms .
[2025-11-21T15:46:25.998] [DEBUG] debug-file - There is no need to refresh cache, since the incremental task entry:default@CacheNativeLibs is up-to-date.
[2025-11-21T15:46:25.998] [DEBUG] debug-file - There is no need to refresh cache, since the incremental task entry:default@GeneratePkgModuleJson is up-to-date.
[2025-11-21T15:46:25.998] [DEBUG] debug-file - Incremental task entry:default@ProcessCompiledResources post-execution cost:1 ms .
[2025-11-21T15:46:25.999] [DEBUG] debug-file - Update task entry:default@PackageHap input file:C:\Users\34857\DevEcoStudioProjects\GreenGroth\entry\build\default\intermediates\stripped_native_libs\default cache by regenerate.
[2025-11-21T15:46:26.000] [DEBUG] debug-file - Update task entry:default@PackageHap input file:C:\Users\34857\DevEcoStudioProjects\GreenGroth\entry\build\default\intermediates\res\default\module.json cache by regenerate.
[2025-11-21T15:46:26.000] [DEBUG] debug-file - Update task entry:default@PackageHap input file:C:\Users\34857\DevEcoStudioProjects\GreenGroth\entry\build\default\intermediates\res\default\resources cache by regenerate.
[2025-11-21T15:46:26.004] [DEBUG] debug-file - Update task entry:default@PackageHap input file:C:\Users\34857\DevEcoStudioProjects\GreenGroth\entry\build\default\intermediates\res\default\resources.index cache by regenerate.
[2025-11-21T15:46:26.004] [DEBUG] debug-file - Update task entry:default@PackageHap input file:C:\Users\34857\DevEcoStudioProjects\GreenGroth\entry\build\default\outputs\default\pack.info cache by regenerate.
[2025-11-21T15:46:26.005] [DEBUG] debug-file - Update task entry:default@PackageHap input file:C:\Users\34857\DevEcoStudioProjects\GreenGroth\entry\build\default\intermediates\loader_out\default\ets cache from map.
[2025-11-21T15:46:26.005] [DEBUG] debug-file - Update task entry:default@PackageHap input file:C:\Users\34857\DevEcoStudioProjects\GreenGroth\entry\build\default\intermediates\loader\default\pkgContextInfo.json cache by regenerate.
[2025-11-21T15:46:26.005] [DEBUG] debug-file - Update task entry:default@PackageHap input file:C:\Users\34857\DevEcoStudioProjects\GreenGroth\entry\build\default\intermediates\loader_out\default\ets\sourceMaps.map cache by regenerate.
[2025-11-21T15:46:26.006] [DEBUG] debug-file - Update task entry:default@PackageHap input file:C:\Users\34857\DevEcoStudioProjects\GreenGroth\entry\build\default\generated\profile\default\BuildProfile.ets cache by regenerate.
[2025-11-21T15:46:26.006] [DEBUG] debug-file - Update task entry:default@PackageHap output file:C:\Users\34857\DevEcoStudioProjects\GreenGroth\entry\build\default\outputs\default\entry-default-unsigned.hap cache.
[2025-11-21T15:46:26.006] [DEBUG] debug-file - Update task entry:default@PackageHap output file:C:\Users\34857\DevEcoStudioProjects\GreenGroth\entry\build\default\intermediates\source_map\default\sourceMaps.map cache.
[2025-11-21T15:46:26.006] [DEBUG] debug-file - Update task entry:default@PackageHap output file:C:\Users\34857\DevEcoStudioProjects\GreenGroth\entry\build\default\outputs\default\mapping\sourceMaps.map cache.
[2025-11-21T15:46:26.007] [DEBUG] debug-file - Incremental task entry:default@PackageHap post-execution cost:9 ms .
[2025-11-21T15:46:26.007] [DEBUG] debug-file - Update task entry:default@SignHap input file:C:\Users\34857\.ohos\config\default_GreenGroth_2zkMoGRQ23T0hwfrix4UQ-P3d7ce_fX4DJwYQf7UnIw=.cer cache by regenerate.
[2025-11-21T15:46:26.008] [DEBUG] debug-file - Update task entry:default@SignHap input file:C:\Users\34857\.ohos\config\default_GreenGroth_2zkMoGRQ23T0hwfrix4UQ-P3d7ce_fX4DJwYQf7UnIw=.p7b cache by regenerate.
[2025-11-21T15:46:26.008] [DEBUG] debug-file - Update task entry:default@SignHap input file:C:\Users\34857\.ohos\config\default_GreenGroth_2zkMoGRQ23T0hwfrix4UQ-P3d7ce_fX4DJwYQf7UnIw=.p12 cache by regenerate.
[2025-11-21T15:46:26.008] [DEBUG] debug-file - Update task entry:default@SignHap input file:C:\Users\34857\DevEcoStudioProjects\GreenGroth\entry\build\default\outputs\default\entry-default-unsigned.hap cache from map.
[2025-11-21T15:46:26.008] [DEBUG] debug-file - Update task entry:default@SignHap output file:C:\Users\34857\DevEcoStudioProjects\GreenGroth\entry\build\default\outputs\default\entry-default-signed.hap cache.
[2025-11-21T15:46:26.009] [DEBUG] debug-file - Incremental task entry:default@SignHap post-execution cost:2 ms .
[2025-11-21T15:46:26.009] [DEBUG] debug-file - Update task entry:default@CollectDebugSymbol input file:C:\Users\34857\DevEcoStudioProjects\GreenGroth\entry\build\default\intermediates\loader_out\default\ets\sourceMaps.map cache by regenerate.
[2025-11-21T15:46:26.010] [DEBUG] debug-file - Update task entry:default@CollectDebugSymbol input file:C:\Users\34857\DevEcoStudioProjects\GreenGroth\entry\build\default\intermediates\libs\default cache by regenerate.
[2025-11-21T15:46:26.010] [DEBUG] debug-file - Update task entry:default@CollectDebugSymbol output file:C:\Users\34857\DevEcoStudioProjects\GreenGroth\entry\build\default\outputs\default\symbol cache.
[2025-11-21T15:46:26.010] [DEBUG] debug-file - Incremental task entry:default@CollectDebugSymbol post-execution cost:2 ms .
[2025-11-21T15:46:26.034] [DEBUG] debug-file - hvigor build process will be closed.
[2025-11-21T15:46:26.034] [DEBUG] debug-file - java daemon socket close code:1000 reason:close by user
[2025-11-21T15:46:26.040] [DEBUG] debug-file - session manager: send message to worker process.
[2025-11-21T15:46:26.042] [DEBUG] debug-file - session manager: send message to worker process.
[2025-11-21T15:46:26.042] [DEBUG] debug-file - watch worker: worker id should be larger than 0. Nothing will be sent to any worker thread.
[2025-11-21T15:46:26.043] [DEBUG] debug-file - watch worker: worker id should be larger than 0. Nothing will be sent to any worker thread.
[2025-11-21T15:47:48.737] [DEBUG] debug-file - session manager: set active socket. socketId=gSQ_0778vXTFb7q4AAAN
[2025-11-21T15:47:48.751] [DEBUG] debug-file - watch worker: worker id should be larger than 0. Nothing will be sent to any worker thread.
[2025-11-21T15:47:48.760] [DEBUG] debug-file - Hvigor init with startParameters:{
  hvigorfileTypeCheck: false,
  parallelExecution: true,
  incrementalExecution: true,
  printStackTrace: false,
  daemon: true,
  analyze: 0,
  logLevel: Level { level: 20000, levelStr: 'INFO', colour: 'green' },
  optimizationStrategy: 'memory',
  hotCompile: undefined,
  hotReloadBuild: undefined
}
[2025-11-21T15:47:48.767] [DEBUG] debug-file - Cache service initialization finished in 7 ms 
[2025-11-21T15:47:48.769] [DEBUG] debug-file - hvigorfile, resolving C:\Users\34857\DevEcoStudioProjects\GreenGroth\hvigorfile.ts
[2025-11-21T15:47:48.778] [DEBUG] debug-file - hvigorfile, require result:  { default: { plugins: [] } }
[2025-11-21T15:47:48.778] [DEBUG] debug-file - hvigorfile, binding system plugins null
[2025-11-21T15:47:48.790] [DEBUG] debug-file - Start initialize project's product build option map with build mode debug.
[2025-11-21T15:47:48.790] [DEBUG] debug-file - Picking option from product 'default' with build mode 'debug'.
[2025-11-21T15:47:48.790] [DEBUG] debug-file - Product 'default' build option initialized
[2025-11-21T15:47:48.790] [DEBUG] debug-file - End initialize project's product build option map with build mode 'debug'.
[2025-11-21T15:47:48.791] [DEBUG] debug-file - Obtain build option for product 'default'in this build.
[2025-11-21T15:47:48.795] [DEBUG] debug-file - C:\Users\34857\DevEcoStudioProjects\GreenGroth\build\cache\default\remote_hsp\remoteHspCache.json not exists.
[2025-11-21T15:47:48.802] [DEBUG] debug-file - Start recording SDK configuration permission data.
[2025-11-21T15:47:48.835] [DEBUG] debug-file - Sdk init in 39 ms 
[2025-11-21T15:47:48.839] [DEBUG] debug-file - Project task initialization takes 4 ms 
[2025-11-21T15:47:48.839] [DEBUG] debug-file - hvigorfile, binding custom plugins []
[2025-11-21T15:47:48.839] [DEBUG] debug-file - hvigorfile, no custom plugins were found in C:\Users\34857\DevEcoStudioProjects\GreenGroth\hvigorfile.ts
[2025-11-21T15:47:48.840] [DEBUG] debug-file - hvigorfile, resolve finished C:\Users\34857\DevEcoStudioProjects\GreenGroth\hvigorfile.ts
[2025-11-21T15:47:48.840] [DEBUG] debug-file - hvigorfile, resolving C:\Users\34857\DevEcoStudioProjects\GreenGroth\entry\hvigorfile.ts
[2025-11-21T15:47:48.844] [DEBUG] debug-file - hvigorfile, require result:  { default: { plugins: [] } }
[2025-11-21T15:47:48.844] [DEBUG] debug-file - hvigorfile, binding system plugins null
[2025-11-21T15:47:48.846] [DEBUG] debug-file - failed to load cangjie to dynamically generate schemas: Error: Cannot find module '@ohos/cangjie-build-support/index'
Require stack:
- C:\Program Files\Huawei\DevEco Studio\tools\hvigor\hvigor-ohos-plugin\src\plugin\factory\plugin-factory.js
- C:\Program Files\Huawei\DevEco Studio\tools\hvigor\hvigor-ohos-plugin\index.js
- C:\Users\34857\DevEcoStudioProjects\GreenGroth\hvigorfile.ts
- C:\Program Files\Huawei\DevEco Studio\tools\hvigor\hvigor\src\base\internal\lifecycle\configuration.js
- C:\Program Files\Huawei\DevEco Studio\tools\hvigor\hvigor\src\base\boot\index.js
- C:\Program Files\Huawei\DevEco Studio\tools\hvigor\hvigor\src\base\daemon\cluster\worker-process-lifecycle.js
- C:\Program Files\Huawei\DevEco Studio\tools\hvigor\hvigor\src\base\daemon\process\daemon-process-boot-script.js
[2025-11-21T15:47:48.849] [DEBUG] debug-file - Start initialize module-target build option map, moduleName=entry, buildMode=debug
[2025-11-21T15:47:48.849] [DEBUG] debug-file - Target 'default' config initialized
[2025-11-21T15:47:48.849] [DEBUG] debug-file - Target 'ohosTest' config initialized
[2025-11-21T15:47:48.849] [DEBUG] debug-file - Module 'entry' target 'default' build option initialized
[2025-11-21T15:47:48.849] [DEBUG] debug-file - Module 'entry' target 'ohosTest' build option initialized
[2025-11-21T15:47:48.849] [DEBUG] debug-file - End initialize module-target build option map, moduleName=entry
[2025-11-21T15:47:48.849] [DEBUG] debug-file - Start initialize module-target build option map, moduleName=entry, buildMode=release
[2025-11-21T15:47:48.849] [DEBUG] debug-file - Target 'default' config initialized
[2025-11-21T15:47:48.850] [DEBUG] debug-file - Target 'ohosTest' config initialized
[2025-11-21T15:47:48.850] [DEBUG] debug-file - Module 'entry' target 'default' build option initialized
[2025-11-21T15:47:48.850] [DEBUG] debug-file - Module 'entry' target 'ohosTest' build option initialized
[2025-11-21T15:47:48.850] [DEBUG] debug-file - End initialize module-target build option map, moduleName=entry
[2025-11-21T15:47:48.850] [DEBUG] debug-file - Start initialize module-target build option map, moduleName=entry, buildMode=debug
[2025-11-21T15:47:48.850] [DEBUG] debug-file - Target 'default' config initialized
[2025-11-21T15:47:48.850] [DEBUG] debug-file - Target 'ohosTest' config initialized
[2025-11-21T15:47:48.851] [DEBUG] debug-file - Module 'entry' target 'default' build option initialized
[2025-11-21T15:47:48.851] [DEBUG] debug-file - Module 'entry' target 'ohosTest' build option initialized
[2025-11-21T15:47:48.851] [DEBUG] debug-file - End initialize module-target build option map, moduleName=entry
[2025-11-21T15:47:48.851] [DEBUG] debug-file - Obtain build option for module 'entry' target 'default'in this build.
[2025-11-21T15:47:48.853] [DEBUG] debug-file - Module entry task initialization takes 2 ms 
[2025-11-21T15:47:48.853] [DEBUG] debug-file - hvigorfile, binding custom plugins []
[2025-11-21T15:47:48.853] [DEBUG] debug-file - hvigorfile, no custom plugins were found in C:\Users\34857\DevEcoStudioProjects\GreenGroth\entry\hvigorfile.ts
[2025-11-21T15:47:48.853] [DEBUG] debug-file - hvigorfile, resolve finished C:\Users\34857\DevEcoStudioProjects\GreenGroth\entry\hvigorfile.ts
[2025-11-21T15:47:48.945] [DEBUG] debug-file - hvigorfile, resolve hvigorfile dependencies in 92 ms 
[2025-11-21T15:47:48.945] [DEBUG] debug-file - project has submodules:entry
[2025-11-21T15:47:48.949] [DEBUG] debug-file - start to load updatedOhPackageInfo to the disk
[2025-11-21T15:47:48.961] [DEBUG] debug-file - load to the disk finished
[2025-11-21T15:47:48.963] [DEBUG] debug-file - Start to initialize dependency information.
[2025-11-21T15:47:48.983] [DEBUG] debug-file - Module GreenGroth Collected Dependency: 
[2025-11-21T15:47:48.983] [DEBUG] debug-file - Module GreenGroth's total dependency: 0
[2025-11-21T15:47:48.984] [DEBUG] debug-file - Start to initialize dependency information.
[2025-11-21T15:47:49.003] [DEBUG] debug-file - Module entry Collected Dependency: C:\Users\34857\DevEcoStudioProjects\GreenGroth\oh_modules\.ohpm\@ohos+axios@2.2.6\oh_modules\@ohos\axios
[2025-11-21T15:47:49.003] [DEBUG] debug-file - Module entry's total dependency: 1
[2025-11-21T15:47:49.009] [DEBUG] debug-file - Configuration phase cost:242 ms 
[2025-11-21T15:47:49.012] [DEBUG] debug-file - Configuration task cost before running: 255 ms 
[2025-11-21T15:47:49.026] [DEBUG] debug-file - Executing task :entry:default@PreBuild
[2025-11-21T15:47:49.028] [DEBUG] debug-file - Task 'entry:default@PreBuild' cost while wrapping incremental declarations: 1 ms 
[2025-11-21T15:47:49.059] [DEBUG] debug-file - Incremental task entry:default@PreBuild pre-execution cost: 22 ms .
[2025-11-21T15:47:49.059] [DEBUG] debug-file - entry : default@PreBuild cost memory 0.34998321533203125
[2025-11-21T15:47:49.070] [INFO] debug-file - UP-TO-DATE :entry:default@PreBuild...  
[2025-11-21T15:47:49.073] [DEBUG] debug-file - Executing task :entry:default@CreateModuleInfo
[2025-11-21T15:47:49.074] [DEBUG] debug-file - Task 'entry:default@CreateModuleInfo' cost while wrapping incremental declarations: 1 ms 
[2025-11-21T15:47:49.074] [DEBUG] debug-file - entry : default@CreateModuleInfo cost memory 0.0405426025390625
[2025-11-21T15:47:49.075] [DEBUG] debug-file - runTaskFromQueue task cost before running: 318 ms 
[2025-11-21T15:47:49.075] [INFO] debug-file - Finished :entry:default@CreateModuleInfo... after 2 ms 
[2025-11-21T15:47:49.090] [DEBUG] debug-file - Executing task :entry:default@GenerateMetadata
[2025-11-21T15:47:49.091] [DEBUG] debug-file - Task 'entry:default@GenerateMetadata' cost while wrapping incremental declarations: 1 ms 
[2025-11-21T15:47:49.094] [DEBUG] debug-file - Incremental task entry:default@GenerateMetadata pre-execution cost: 3 ms .
[2025-11-21T15:47:49.095] [DEBUG] debug-file - entry : default@GenerateMetadata cost memory 0.094207763671875
[2025-11-21T15:47:49.095] [INFO] debug-file - UP-TO-DATE :entry:default@GenerateMetadata...  
[2025-11-21T15:47:49.099] [DEBUG] debug-file - Executing task :entry:default@ConfigureCmake
[2025-11-21T15:47:49.099] [DEBUG] debug-file - entry : default@ConfigureCmake cost memory 0.0157318115234375
[2025-11-21T15:47:49.099] [DEBUG] debug-file - runTaskFromQueue task cost before running: 343 ms 
[2025-11-21T15:47:49.100] [INFO] debug-file - Finished :entry:default@ConfigureCmake... after 1 ms 
[2025-11-21T15:47:49.103] [DEBUG] debug-file - Executing task :entry:default@MergeProfile
[2025-11-21T15:47:49.103] [DEBUG] debug-file - Task 'entry:default@MergeProfile' cost while wrapping incremental declarations: 1 ms 
[2025-11-21T15:47:49.111] [DEBUG] debug-file - Incremental task entry:default@MergeProfile pre-execution cost: 7 ms .
[2025-11-21T15:47:49.111] [DEBUG] debug-file - entry : default@MergeProfile cost memory 0.15192413330078125
[2025-11-21T15:47:49.112] [INFO] debug-file - UP-TO-DATE :entry:default@MergeProfile...  
[2025-11-21T15:47:49.114] [DEBUG] debug-file - Executing task :entry:default@CreateBuildProfile
[2025-11-21T15:47:49.116] [DEBUG] debug-file - Task 'entry:default@CreateBuildProfile' cost while wrapping incremental declarations: 2 ms 
[2025-11-21T15:47:49.118] [DEBUG] debug-file - Incremental task entry:default@CreateBuildProfile pre-execution cost: 3 ms .
[2025-11-21T15:47:49.118] [DEBUG] debug-file - entry : default@CreateBuildProfile cost memory 0.10092926025390625
[2025-11-21T15:47:49.118] [INFO] debug-file - UP-TO-DATE :entry:default@CreateBuildProfile...  
[2025-11-21T15:47:49.124] [DEBUG] debug-file - Executing task :entry:default@PreCheckSyscap
[2025-11-21T15:47:49.125] [DEBUG] debug-file - entry : default@PreCheckSyscap cost memory 0.01595306396484375
[2025-11-21T15:47:49.125] [DEBUG] debug-file - runTaskFromQueue task cost before running: 369 ms 
[2025-11-21T15:47:49.125] [INFO] debug-file - Finished :entry:default@PreCheckSyscap... after 1 ms 
[2025-11-21T15:47:49.128] [DEBUG] debug-file - Executing task :entry:default@GeneratePkgContextInfo
[2025-11-21T15:47:49.136] [DEBUG] debug-file - Task 'entry:default@GeneratePkgContextInfo' cost while wrapping incremental declarations: 1 ms 
[2025-11-21T15:47:49.137] [DEBUG] debug-file - Incremental task entry:default@GeneratePkgContextInfo pre-execution cost: 1 ms .
[2025-11-21T15:47:49.137] [DEBUG] debug-file - entry : default@GeneratePkgContextInfo cost memory 0.3036651611328125
[2025-11-21T15:47:49.138] [INFO] debug-file - UP-TO-DATE :entry:default@GeneratePkgContextInfo...  
[2025-11-21T15:47:49.149] [DEBUG] debug-file - Executing task :entry:default@ProcessIntegratedHsp
[2025-11-21T15:47:49.150] [DEBUG] debug-file - entry:default@ProcessIntegratedHsp is not up-to-date, since the output file 'C:\Users\34857\DevEcoStudioProjects\GreenGroth\build\cache\default\integrated_hsp\integratedHspCache.json' does not exist.
[2025-11-21T15:47:49.150] [DEBUG] debug-file - Incremental task entry:default@ProcessIntegratedHsp pre-execution cost: 1 ms .
[2025-11-21T15:47:49.150] [DEBUG] debug-file - entry : default@ProcessIntegratedHsp cost memory 0.06287384033203125
[2025-11-21T15:47:49.151] [DEBUG] debug-file - runTaskFromQueue task cost before running: 394 ms 
[2025-11-21T15:47:49.151] [INFO] debug-file - Finished :entry:default@ProcessIntegratedHsp... after 2 ms 
[2025-11-21T15:47:49.154] [DEBUG] debug-file - Executing task :entry:default@BuildNativeWithCmake
[2025-11-21T15:47:49.155] [DEBUG] debug-file - entry : default@BuildNativeWithCmake cost memory 0.01677703857421875
[2025-11-21T15:47:49.155] [DEBUG] debug-file - runTaskFromQueue task cost before running: 398 ms 
[2025-11-21T15:47:49.155] [INFO] debug-file - Finished :entry:default@BuildNativeWithCmake... after 1 ms 
[2025-11-21T15:47:49.158] [DEBUG] debug-file - Executing task :entry:default@MakePackInfo
[2025-11-21T15:47:49.166] [DEBUG] debug-file - Incremental task entry:default@MakePackInfo pre-execution cost: 7 ms .
[2025-11-21T15:47:49.166] [DEBUG] debug-file - entry : default@MakePackInfo cost memory 0.13501739501953125
[2025-11-21T15:47:49.168] [INFO] debug-file - UP-TO-DATE :entry:default@MakePackInfo...  
[2025-11-21T15:47:49.170] [DEBUG] debug-file - Executing task :entry:default@SyscapTransform
[2025-11-21T15:47:49.171] [DEBUG] debug-file - File: 'C:\Users\34857\DevEcoStudioProjects\GreenGroth\entry\src\main\syscap.json' from 'sysCapJsonPath' is not exists, just ignore.
[2025-11-21T15:47:49.172] [DEBUG] debug-file - Task 'entry:default@SyscapTransform' cost while wrapping incremental declarations: 2 ms 
[2025-11-21T15:47:49.177] [DEBUG] debug-file - entry:default@SyscapTransform is not up-to-date, since the output file 'C:\Users\34857\DevEcoStudioProjects\GreenGroth\entry\build\default\intermediates\syscap\default\rpcid.sc' does not exist.
[2025-11-21T15:47:49.177] [DEBUG] debug-file - Incremental task entry:default@SyscapTransform pre-execution cost: 5 ms .
[2025-11-21T15:47:49.177] [DEBUG] debug-file - entry : default@SyscapTransform cost memory 0.160888671875
[2025-11-21T15:47:49.178] [DEBUG] debug-file - runTaskFromQueue task cost before running: 421 ms 
[2025-11-21T15:47:49.178] [INFO] debug-file - Finished :entry:default@SyscapTransform... after 8 ms 
[2025-11-21T15:47:49.180] [DEBUG] debug-file - Executing task :entry:default@ProcessProfile
[2025-11-21T15:47:49.182] [DEBUG] debug-file - Task 'entry:default@ProcessProfile' cost while wrapping incremental declarations: 1 ms 
[2025-11-21T15:47:49.184] [DEBUG] debug-file - Incremental task entry:default@ProcessProfile pre-execution cost: 2 ms .
[2025-11-21T15:47:49.184] [DEBUG] debug-file - entry : default@ProcessProfile cost memory 0.1440582275390625
[2025-11-21T15:47:49.184] [INFO] debug-file - UP-TO-DATE :entry:default@ProcessProfile...  
[2025-11-21T15:47:49.186] [DEBUG] debug-file - Executing task :entry:default@ProcessRouterMap
[2025-11-21T15:47:49.193] [DEBUG] debug-file - Incremental task entry:default@ProcessRouterMap pre-execution cost: 5 ms .
[2025-11-21T15:47:49.193] [DEBUG] debug-file - entry : default@ProcessRouterMap cost memory 0.18553924560546875
[2025-11-21T15:47:49.194] [INFO] debug-file - UP-TO-DATE :entry:default@ProcessRouterMap...  
[2025-11-21T15:47:49.196] [DEBUG] debug-file - Executing task :entry:default@ProcessShareConfig
[2025-11-21T15:47:49.201] [DEBUG] debug-file - Incremental task entry:default@ProcessShareConfig pre-execution cost: 5 ms .
[2025-11-21T15:47:49.201] [DEBUG] debug-file - entry : default@ProcessShareConfig cost memory 0.16632843017578125
[2025-11-21T15:47:49.202] [INFO] debug-file - UP-TO-DATE :entry:default@ProcessShareConfig...  
[2025-11-21T15:47:49.204] [DEBUG] debug-file - Executing task :entry:default@ProcessStartupConfig
[2025-11-21T15:47:49.204] [DEBUG] debug-file - Task 'entry:default@ProcessStartupConfig' cost while wrapping incremental declarations: 1 ms 
[2025-11-21T15:47:49.206] [DEBUG] debug-file - entry:default@ProcessStartupConfig is not up-to-date, since the output file 'C:\Users\34857\DevEcoStudioProjects\GreenGroth\entry\build\default\intermediates\startup\default\startup_config.json' does not exist.
[2025-11-21T15:47:49.206] [DEBUG] debug-file - Incremental task entry:default@ProcessStartupConfig pre-execution cost: 2 ms .
[2025-11-21T15:47:49.208] [DEBUG] debug-file - entry : default@ProcessStartupConfig cost memory 0.16613006591796875
[2025-11-21T15:47:49.208] [DEBUG] debug-file - runTaskFromQueue task cost before running: 452 ms 
[2025-11-21T15:47:49.209] [INFO] debug-file - Finished :entry:default@ProcessStartupConfig... after 4 ms 
[2025-11-21T15:47:49.210] [DEBUG] debug-file - Executing task :entry:default@BuildNativeWithNinja
[2025-11-21T15:47:49.211] [DEBUG] debug-file - entry : default@BuildNativeWithNinja cost memory 0.02382659912109375
[2025-11-21T15:47:49.211] [DEBUG] debug-file - runTaskFromQueue task cost before running: 455 ms 
[2025-11-21T15:47:49.211] [INFO] debug-file - Finished :entry:default@BuildNativeWithNinja... after 1 ms 
[2025-11-21T15:47:49.214] [DEBUG] debug-file - restool module names: entry; moduleName=entry, taskName=default@ProcessResource
[2025-11-21T15:47:49.217] [DEBUG] debug-file - Executing task :entry:default@ProcessResource
[2025-11-21T15:47:49.217] [DEBUG] debug-file - Task 'entry:default@ProcessResource' cost while wrapping incremental declarations: 1 ms 
[2025-11-21T15:47:49.219] [DEBUG] debug-file - Incremental task entry:default@ProcessResource pre-execution cost: 2 ms .
[2025-11-21T15:47:49.219] [DEBUG] debug-file - entry : default@ProcessResource cost memory 0.1437225341796875
[2025-11-21T15:47:49.223] [INFO] debug-file - UP-TO-DATE :entry:default@ProcessResource...  
[2025-11-21T15:47:49.225] [DEBUG] debug-file - Executing task :entry:default@GenerateLoaderJson
[2025-11-21T15:47:49.227] [DEBUG] debug-file - Task 'entry:default@GenerateLoaderJson' cost while wrapping incremental declarations: 1 ms 
[2025-11-21T15:47:49.242] [DEBUG] debug-file - Incremental task entry:default@GenerateLoaderJson pre-execution cost: 10 ms .
[2025-11-21T15:47:49.242] [DEBUG] debug-file - entry : default@GenerateLoaderJson cost memory 0.6396560668945312
[2025-11-21T15:47:49.248] [INFO] debug-file - UP-TO-DATE :entry:default@GenerateLoaderJson...  
[2025-11-21T15:47:49.250] [DEBUG] debug-file - Executing task :entry:default@ProcessLibs
[2025-11-21T15:47:49.256] [DEBUG] debug-file - Incremental task entry:default@ProcessLibs pre-execution cost: 4 ms .
[2025-11-21T15:47:49.256] [DEBUG] debug-file - entry : default@ProcessLibs cost memory 0.18981170654296875
[2025-11-21T15:47:49.257] [INFO] debug-file - UP-TO-DATE :entry:default@ProcessLibs...  
[2025-11-21T15:47:49.259] [DEBUG] debug-file - restool module names: entry; moduleName=entry, taskName=default@CompileResource
[2025-11-21T15:47:49.261] [DEBUG] debug-file - Executing task :entry:default@CompileResource
[2025-11-21T15:47:49.297] [DEBUG] debug-file - Incremental task entry:default@CompileResource pre-execution cost: 35 ms .
[2025-11-21T15:47:49.297] [DEBUG] debug-file - entry : default@CompileResource cost memory 1.0916976928710938
[2025-11-21T15:47:49.299] [INFO] debug-file - UP-TO-DATE :entry:default@CompileResource...  
[2025-11-21T15:47:49.300] [DEBUG] debug-file - Executing task :entry:default@DoNativeStrip
[2025-11-21T15:47:49.301] [DEBUG] debug-file - Task 'entry:default@DoNativeStrip' cost while wrapping incremental declarations: 1 ms 
[2025-11-21T15:47:49.303] [DEBUG] debug-file - Incremental task entry:default@DoNativeStrip pre-execution cost: 2 ms .
[2025-11-21T15:47:49.303] [DEBUG] debug-file - entry : default@DoNativeStrip cost memory 0.08431243896484375
[2025-11-21T15:47:49.303] [INFO] debug-file - UP-TO-DATE :entry:default@DoNativeStrip...  
[2025-11-21T15:47:49.306] [DEBUG] debug-file - Executing task :entry:default@CompileArkTS
[2025-11-21T15:47:49.306] [DEBUG] debug-file - obfuscationOptions: undefined
[2025-11-21T15:47:49.360] [DEBUG] debug-file - Incremental task entry:default@CompileArkTS pre-execution cost: 42 ms .
[2025-11-21T15:47:49.360] [DEBUG] debug-file - entry : default@CompileArkTS cost memory -4.384590148925781
[2025-11-21T15:47:49.365] [INFO] debug-file - UP-TO-DATE :entry:default@CompileArkTS...  
[2025-11-21T15:47:49.367] [DEBUG] debug-file - Executing task :entry:default@BuildJS
[2025-11-21T15:47:49.372] [DEBUG] debug-file - entry : default@BuildJS cost memory 0.14614105224609375
[2025-11-21T15:47:49.372] [DEBUG] debug-file - runTaskFromQueue task cost before running: 616 ms 
[2025-11-21T15:47:49.372] [INFO] debug-file - Finished :entry:default@BuildJS... after 5 ms 
[2025-11-21T15:47:49.373] [DEBUG] debug-file - Executing task :entry:default@CacheNativeLibs
[2025-11-21T15:47:49.374] [DEBUG] debug-file - Task 'entry:default@CacheNativeLibs' cost while wrapping incremental declarations: 1 ms 
[2025-11-21T15:47:49.376] [DEBUG] debug-file - Incremental task entry:default@CacheNativeLibs pre-execution cost: 2 ms .
[2025-11-21T15:47:49.376] [DEBUG] debug-file - entry : default@CacheNativeLibs cost memory 0.09984588623046875
[2025-11-21T15:47:49.376] [INFO] debug-file - UP-TO-DATE :entry:default@CacheNativeLibs...  
[2025-11-21T15:47:49.377] [DEBUG] debug-file - Executing task :entry:default@GeneratePkgModuleJson
[2025-11-21T15:47:49.377] [DEBUG] debug-file - File: 'C:\Users\34857\DevEcoStudioProjects\GreenGroth\entry\build\default\intermediates\preload\default\preload.json' from 'preloadSoJsonPath' is not exists, just ignore.
[2025-11-21T15:47:49.378] [DEBUG] debug-file - Task 'entry:default@GeneratePkgModuleJson' cost while wrapping incremental declarations: 1 ms 
[2025-11-21T15:47:49.379] [DEBUG] debug-file - Incremental task entry:default@GeneratePkgModuleJson pre-execution cost: 2 ms .
[2025-11-21T15:47:49.379] [DEBUG] debug-file - entry : default@GeneratePkgModuleJson cost memory 0.09515380859375
[2025-11-21T15:47:49.379] [INFO] debug-file - UP-TO-DATE :entry:default@GeneratePkgModuleJson...  
[2025-11-21T15:47:49.380] [DEBUG] debug-file - Executing task :entry:default@ProcessCompiledResources
[2025-11-21T15:47:49.381] [DEBUG] debug-file - File: 'C:\Users\34857\DevEcoStudioProjects\GreenGroth\entry\build\default\intermediates\preload\default\preload.json' from 'preloadSoJsonPath' is not exists, just ignore.
[2025-11-21T15:47:49.381] [DEBUG] debug-file - Task 'entry:default@ProcessCompiledResources' cost while wrapping incremental declarations: 1 ms 
[2025-11-21T15:47:49.381] [DEBUG] debug-file - entry : default@ProcessCompiledResources cost memory 0.0645599365234375
[2025-11-21T15:47:49.381] [DEBUG] debug-file - runTaskFromQueue task cost before running: 625 ms 
[2025-11-21T15:47:49.382] [INFO] debug-file - Finished :entry:default@ProcessCompiledResources... after 2 ms 
[2025-11-21T15:47:49.384] [DEBUG] debug-file - Executing task :entry:default@PackageHap
[2025-11-21T15:47:49.398] [DEBUG] debug-file - Incremental task entry:default@PackageHap pre-execution cost: 13 ms .
[2025-11-21T15:47:49.398] [DEBUG] debug-file - entry : default@PackageHap cost memory 0.49266815185546875
[2025-11-21T15:47:49.399] [INFO] debug-file - UP-TO-DATE :entry:default@PackageHap...  
[2025-11-21T15:47:49.400] [DEBUG] debug-file - Executing task :entry:default@PackingCheck
[2025-11-21T15:47:49.405] [DEBUG] debug-file - entry : default@PackingCheck cost memory 0.3392486572265625
[2025-11-21T15:47:49.406] [DEBUG] debug-file - runTaskFromQueue task cost before running: 649 ms 
[2025-11-21T15:47:49.406] [INFO] debug-file - Finished :entry:default@PackingCheck... after 6 ms 
[2025-11-21T15:47:49.407] [DEBUG] debug-file - Executing task :entry:default@SignHap
[2025-11-21T15:47:49.410] [DEBUG] debug-file - Incremental task entry:default@SignHap pre-execution cost: 3 ms .
[2025-11-21T15:47:49.410] [DEBUG] debug-file - entry : default@SignHap cost memory 0.112762451171875
[2025-11-21T15:47:49.411] [INFO] debug-file - UP-TO-DATE :entry:default@SignHap...  
[2025-11-21T15:47:49.412] [DEBUG] debug-file - Executing task :entry:default@CollectDebugSymbol
[2025-11-21T15:47:49.413] [DEBUG] debug-file - entry : default@CollectDebugSymbol cost memory 0.09906768798828125
[2025-11-21T15:47:49.414] [DEBUG] debug-file - runTaskFromQueue task cost before running: 657 ms 
[2025-11-21T15:47:49.414] [INFO] debug-file - Finished :entry:default@CollectDebugSymbol... after 2 ms 
[2025-11-21T15:47:49.414] [DEBUG] debug-file - Executing task :entry:assembleHap
[2025-11-21T15:47:49.414] [DEBUG] debug-file - entry : assembleHap cost memory 0.01386260986328125
[2025-11-21T15:47:49.414] [DEBUG] debug-file - runTaskFromQueue task cost before running: 658 ms 
[2025-11-21T15:47:49.414] [INFO] debug-file - Finished :entry:assembleHap... after 1 ms 
[2025-11-21T15:47:49.422] [INFO] debug-file - BUILD SUCCESSFUL in 666 ms 
[2025-11-21T15:47:49.422] [DEBUG] debug-file - There is no need to refresh cache, since the incremental task entry:default@PreBuild is up-to-date.
[2025-11-21T15:47:49.422] [DEBUG] debug-file - Update task entry:default@CreateModuleInfo output file:C:\Users\34857\DevEcoStudioProjects\GreenGroth\entry\build\default\generated\profile\default\ModuleInfo.ts cache.
[2025-11-21T15:47:49.423] [DEBUG] debug-file - Incremental task entry:default@CreateModuleInfo post-execution cost:1 ms .
[2025-11-21T15:47:49.423] [DEBUG] debug-file - There is no need to refresh cache, since the incremental task entry:default@GenerateMetadata is up-to-date.
[2025-11-21T15:47:49.423] [DEBUG] debug-file - There is no need to refresh cache, since the incremental task entry:default@MergeProfile is up-to-date.
[2025-11-21T15:47:49.423] [DEBUG] debug-file - There is no need to refresh cache, since the incremental task entry:default@CreateBuildProfile is up-to-date.
[2025-11-21T15:47:49.423] [DEBUG] debug-file - There is no need to refresh cache, since the incremental task entry:default@GeneratePkgContextInfo is up-to-date.
[2025-11-21T15:47:49.423] [DEBUG] debug-file - Update task entry:default@ProcessIntegratedHsp output file:C:\Users\34857\DevEcoStudioProjects\GreenGroth\build\cache\default\integrated_hsp\integratedHspCache.json cache.
[2025-11-21T15:47:49.424] [DEBUG] debug-file - Incremental task entry:default@ProcessIntegratedHsp post-execution cost:1 ms .
[2025-11-21T15:47:49.424] [DEBUG] debug-file - There is no need to refresh cache, since the incremental task entry:default@MakePackInfo is up-to-date.
[2025-11-21T15:47:49.424] [DEBUG] debug-file - Update task entry:default@SyscapTransform input file:C:\Program Files\Huawei\DevEco Studio\sdk\default\openharmony\toolchains\syscap_tool.exe cache by regenerate.
[2025-11-21T15:47:49.424] [DEBUG] debug-file - Update task entry:default@SyscapTransform input file:C:\Program Files\Huawei\DevEco Studio\sdk\default\openharmony\ets\api\device-define cache by regenerate.
[2025-11-21T15:47:49.426] [DEBUG] debug-file - Update task entry:default@SyscapTransform output file:C:\Users\34857\DevEcoStudioProjects\GreenGroth\entry\build\default\intermediates\syscap\default\rpcid.sc cache.
[2025-11-21T15:47:49.426] [DEBUG] debug-file - Incremental task entry:default@SyscapTransform post-execution cost:3 ms .
[2025-11-21T15:47:49.426] [DEBUG] debug-file - There is no need to refresh cache, since the incremental task entry:default@ProcessProfile is up-to-date.
[2025-11-21T15:47:49.426] [DEBUG] debug-file - There is no need to refresh cache, since the incremental task entry:default@ProcessRouterMap is up-to-date.
[2025-11-21T15:47:49.427] [DEBUG] debug-file - There is no need to refresh cache, since the incremental task entry:default@ProcessShareConfig is up-to-date.
[2025-11-21T15:47:49.427] [DEBUG] debug-file - Update task entry:default@ProcessStartupConfig input file:C:\Users\34857\DevEcoStudioProjects\GreenGroth\entry\build\default\intermediates\loader\default\pkgContextInfo.json cache by regenerate.
[2025-11-21T15:47:49.427] [DEBUG] debug-file - Update task entry:default@ProcessStartupConfig output file:C:\Users\34857\DevEcoStudioProjects\GreenGroth\entry\build\default\intermediates\startup\default\startup_config.json cache.
[2025-11-21T15:47:49.427] [DEBUG] debug-file - Incremental task entry:default@ProcessStartupConfig post-execution cost:1 ms .
[2025-11-21T15:47:49.427] [DEBUG] debug-file - There is no need to refresh cache, since the incremental task entry:default@ProcessResource is up-to-date.
[2025-11-21T15:47:49.428] [DEBUG] debug-file - There is no need to refresh cache, since the incremental task entry:default@GenerateLoaderJson is up-to-date.
[2025-11-21T15:47:49.428] [DEBUG] debug-file - There is no need to refresh cache, since the incremental task entry:default@ProcessLibs is up-to-date.
[2025-11-21T15:47:49.428] [DEBUG] debug-file - There is no need to refresh cache, since the incremental task entry:default@CompileResource is up-to-date.
[2025-11-21T15:47:49.428] [DEBUG] debug-file - There is no need to refresh cache, since the incremental task entry:default@DoNativeStrip is up-to-date.
[2025-11-21T15:47:49.428] [DEBUG] debug-file - There is no need to refresh cache, since the incremental task entry:default@CompileArkTS is up-to-date.
[2025-11-21T15:47:49.430] [DEBUG] debug-file - Update task entry:default@BuildJS input file:C:\Users\34857\DevEcoStudioProjects\GreenGroth\entry\build\default\intermediates\loader\default cache by regenerate.
[2025-11-21T15:47:49.431] [DEBUG] debug-file - Update task entry:default@BuildJS input file:C:\Users\34857\DevEcoStudioProjects\GreenGroth\oh_modules\.ohpm\@ohos+axios@2.2.6\oh_modules\@ohos\axios\index.js cache by regenerate.
[2025-11-21T15:47:49.431] [DEBUG] debug-file - Update task entry:default@BuildJS input file:C:\Users\34857\DevEcoStudioProjects\GreenGroth\entry\build\default\intermediates\res\default\resources\rawfile cache by regenerate.
[2025-11-21T15:47:49.433] [DEBUG] debug-file - Update task entry:default@BuildJS input file:C:\Users\34857\DevEcoStudioProjects\GreenGroth\entry\build\default\intermediates\res\default\ResourceTable.txt cache by regenerate.
[2025-11-21T15:47:49.433] [DEBUG] debug-file - Update task entry:default@BuildJS input file:C:\Users\34857\DevEcoStudioProjects\GreenGroth\entry\build\default\intermediates\res\default\ark_module.json cache by regenerate.
[2025-11-21T15:47:49.434] [DEBUG] debug-file - Update task entry:default@BuildJS input file:C:\Users\34857\DevEcoStudioProjects\GreenGroth\entry\build\default\intermediates\res\default\resources\base\profile cache by regenerate.
[2025-11-21T15:47:49.435] [DEBUG] debug-file - Update task entry:default@BuildJS input file:C:\Users\34857\DevEcoStudioProjects\GreenGroth\entry\build\default\intermediates\loader\default\pkgContextInfo.json cache by regenerate.
[2025-11-21T15:47:49.435] [DEBUG] debug-file - Update task entry:default@BuildJS output file:C:\Users\34857\DevEcoStudioProjects\GreenGroth\entry\build\default\intermediates\loader_out\default\js cache.
[2025-11-21T15:47:49.435] [DEBUG] debug-file - Incremental task entry:default@BuildJS post-execution cost:8 ms .
[2025-11-21T15:47:49.435] [DEBUG] debug-file - There is no need to refresh cache, since the incremental task entry:default@CacheNativeLibs is up-to-date.
[2025-11-21T15:47:49.435] [DEBUG] debug-file - There is no need to refresh cache, since the incremental task entry:default@GeneratePkgModuleJson is up-to-date.
[2025-11-21T15:47:49.435] [DEBUG] debug-file - Incremental task entry:default@ProcessCompiledResources post-execution cost:1 ms .
[2025-11-21T15:47:49.435] [DEBUG] debug-file - There is no need to refresh cache, since the incremental task entry:default@PackageHap is up-to-date.
[2025-11-21T15:47:49.435] [DEBUG] debug-file - There is no need to refresh cache, since the incremental task entry:default@SignHap is up-to-date.
[2025-11-21T15:47:49.436] [DEBUG] debug-file - Update task entry:default@CollectDebugSymbol input file:C:\Users\34857\DevEcoStudioProjects\GreenGroth\entry\build\default\intermediates\loader_out\default\ets\sourceMaps.map cache by regenerate.
[2025-11-21T15:47:49.437] [DEBUG] debug-file - Update task entry:default@CollectDebugSymbol input file:C:\Users\34857\DevEcoStudioProjects\GreenGroth\entry\build\default\intermediates\libs\default cache by regenerate.
[2025-11-21T15:47:49.437] [DEBUG] debug-file - Update task entry:default@CollectDebugSymbol output file:C:\Users\34857\DevEcoStudioProjects\GreenGroth\entry\build\default\outputs\default\symbol cache.
[2025-11-21T15:47:49.437] [DEBUG] debug-file - Incremental task entry:default@CollectDebugSymbol post-execution cost:2 ms .
[2025-11-21T15:47:49.457] [DEBUG] debug-file - hvigor build process will be closed.
[2025-11-21T15:47:49.469] [DEBUG] debug-file - session manager: send message to worker process.
[2025-11-21T15:47:49.471] [DEBUG] debug-file - session manager: send message to worker process.
[2025-11-21T15:47:49.572] [DEBUG] debug-file - watch worker: worker id should be larger than 0. Nothing will be sent to any worker thread.
[2025-11-21T15:47:49.572] [DEBUG] debug-file - watch worker: worker id should be larger than 0. Nothing will be sent to any worker thread.
[2025-11-21T15:50:05.327] [DEBUG] debug-file - session manager: set active socket. socketId=MYeK4OaDNTZfmEUEAAAP
[2025-11-21T15:50:05.337] [DEBUG] debug-file - watch worker: worker id should be larger than 0. Nothing will be sent to any worker thread.
[2025-11-21T15:50:05.346] [DEBUG] debug-file - Hvigor init with startParameters:{
  hvigorfileTypeCheck: false,
  parallelExecution: true,
  incrementalExecution: true,
  printStackTrace: false,
  daemon: true,
  analyze: 0,
  logLevel: Level { level: 20000, levelStr: 'INFO', colour: 'green' },
  optimizationStrategy: 'memory',
  hotCompile: undefined,
  hotReloadBuild: undefined
}
[2025-11-21T15:50:05.352] [DEBUG] debug-file - Cache service initialization finished in 6 ms 
[2025-11-21T15:50:05.354] [DEBUG] debug-file - hvigorfile, resolving C:\Users\34857\DevEcoStudioProjects\GreenGroth\hvigorfile.ts
[2025-11-21T15:50:05.361] [DEBUG] debug-file - hvigorfile, require result:  { default: { plugins: [] } }
[2025-11-21T15:50:05.361] [DEBUG] debug-file - hvigorfile, binding system plugins null
[2025-11-21T15:50:05.369] [DEBUG] debug-file - Start initialize project's product build option map with build mode debug.
[2025-11-21T15:50:05.370] [DEBUG] debug-file - Picking option from product 'default' with build mode 'debug'.
[2025-11-21T15:50:05.370] [DEBUG] debug-file - Product 'default' build option initialized
[2025-11-21T15:50:05.370] [DEBUG] debug-file - End initialize project's product build option map with build mode 'debug'.
[2025-11-21T15:50:05.372] [DEBUG] debug-file - Obtain build option for product 'default'in this build.
[2025-11-21T15:50:05.377] [DEBUG] debug-file - C:\Users\34857\DevEcoStudioProjects\GreenGroth\build\cache\default\remote_hsp\remoteHspCache.json not exists.
[2025-11-21T15:50:05.381] [DEBUG] debug-file - Start recording SDK configuration permission data.
[2025-11-21T15:50:05.410] [DEBUG] debug-file - Sdk init in 33 ms 
[2025-11-21T15:50:05.414] [DEBUG] debug-file - Project task initialization takes 3 ms 
[2025-11-21T15:50:05.414] [DEBUG] debug-file - hvigorfile, binding custom plugins []
[2025-11-21T15:50:05.414] [DEBUG] debug-file - hvigorfile, no custom plugins were found in C:\Users\34857\DevEcoStudioProjects\GreenGroth\hvigorfile.ts
[2025-11-21T15:50:05.414] [DEBUG] debug-file - hvigorfile, resolve finished C:\Users\34857\DevEcoStudioProjects\GreenGroth\hvigorfile.ts
[2025-11-21T15:50:05.414] [DEBUG] debug-file - hvigorfile, resolving C:\Users\34857\DevEcoStudioProjects\GreenGroth\entry\hvigorfile.ts
[2025-11-21T15:50:05.417] [DEBUG] debug-file - hvigorfile, require result:  { default: { plugins: [] } }
[2025-11-21T15:50:05.417] [DEBUG] debug-file - hvigorfile, binding system plugins null
[2025-11-21T15:50:05.419] [DEBUG] debug-file - failed to load cangjie to dynamically generate schemas: Error: Cannot find module '@ohos/cangjie-build-support/index'
Require stack:
- C:\Program Files\Huawei\DevEco Studio\tools\hvigor\hvigor-ohos-plugin\src\plugin\factory\plugin-factory.js
- C:\Program Files\Huawei\DevEco Studio\tools\hvigor\hvigor-ohos-plugin\index.js
- C:\Users\34857\DevEcoStudioProjects\GreenGroth\hvigorfile.ts
- C:\Program Files\Huawei\DevEco Studio\tools\hvigor\hvigor\src\base\internal\lifecycle\configuration.js
- C:\Program Files\Huawei\DevEco Studio\tools\hvigor\hvigor\src\base\boot\index.js
- C:\Program Files\Huawei\DevEco Studio\tools\hvigor\hvigor\src\base\daemon\cluster\worker-process-lifecycle.js
- C:\Program Files\Huawei\DevEco Studio\tools\hvigor\hvigor\src\base\daemon\process\daemon-process-boot-script.js
[2025-11-21T15:50:05.422] [DEBUG] debug-file - Start initialize module-target build option map, moduleName=entry, buildMode=debug
[2025-11-21T15:50:05.422] [DEBUG] debug-file - Target 'default' config initialized
[2025-11-21T15:50:05.422] [DEBUG] debug-file - Target 'ohosTest' config initialized
[2025-11-21T15:50:05.422] [DEBUG] debug-file - Module 'entry' target 'default' build option initialized
[2025-11-21T15:50:05.422] [DEBUG] debug-file - Module 'entry' target 'ohosTest' build option initialized
[2025-11-21T15:50:05.422] [DEBUG] debug-file - End initialize module-target build option map, moduleName=entry
[2025-11-21T15:50:05.423] [DEBUG] debug-file - Start initialize module-target build option map, moduleName=entry, buildMode=release
[2025-11-21T15:50:05.423] [DEBUG] debug-file - Target 'default' config initialized
[2025-11-21T15:50:05.423] [DEBUG] debug-file - Target 'ohosTest' config initialized
[2025-11-21T15:50:05.423] [DEBUG] debug-file - Module 'entry' target 'default' build option initialized
[2025-11-21T15:50:05.423] [DEBUG] debug-file - Module 'entry' target 'ohosTest' build option initialized
[2025-11-21T15:50:05.423] [DEBUG] debug-file - End initialize module-target build option map, moduleName=entry
[2025-11-21T15:50:05.423] [DEBUG] debug-file - Start initialize module-target build option map, moduleName=entry, buildMode=debug
[2025-11-21T15:50:05.423] [DEBUG] debug-file - Target 'default' config initialized
[2025-11-21T15:50:05.424] [DEBUG] debug-file - Target 'ohosTest' config initialized
[2025-11-21T15:50:05.425] [DEBUG] debug-file - Module 'entry' target 'default' build option initialized
[2025-11-21T15:50:05.425] [DEBUG] debug-file - Module 'entry' target 'ohosTest' build option initialized
[2025-11-21T15:50:05.425] [DEBUG] debug-file - End initialize module-target build option map, moduleName=entry
[2025-11-21T15:50:05.425] [DEBUG] debug-file - Obtain build option for module 'entry' target 'default'in this build.
[2025-11-21T15:50:05.427] [DEBUG] debug-file - Module entry task initialization takes 2 ms 
[2025-11-21T15:50:05.427] [DEBUG] debug-file - hvigorfile, binding custom plugins []
[2025-11-21T15:50:05.427] [DEBUG] debug-file - hvigorfile, no custom plugins were found in C:\Users\34857\DevEcoStudioProjects\GreenGroth\entry\hvigorfile.ts
[2025-11-21T15:50:05.427] [DEBUG] debug-file - hvigorfile, resolve finished C:\Users\34857\DevEcoStudioProjects\GreenGroth\entry\hvigorfile.ts
[2025-11-21T15:50:05.503] [DEBUG] debug-file - hvigorfile, resolve hvigorfile dependencies in 76 ms 
[2025-11-21T15:50:05.503] [DEBUG] debug-file - project has submodules:entry
[2025-11-21T15:50:05.506] [DEBUG] debug-file - start to load updatedOhPackageInfo to the disk
[2025-11-21T15:50:05.515] [DEBUG] debug-file - load to the disk finished
[2025-11-21T15:50:05.517] [DEBUG] debug-file - Start to initialize dependency information.
[2025-11-21T15:50:05.533] [DEBUG] debug-file - Module GreenGroth Collected Dependency: 
[2025-11-21T15:50:05.533] [DEBUG] debug-file - Module GreenGroth's total dependency: 0
[2025-11-21T15:50:05.534] [DEBUG] debug-file - Start to initialize dependency information.
[2025-11-21T15:50:05.546] [DEBUG] debug-file - Module entry Collected Dependency: C:\Users\34857\DevEcoStudioProjects\GreenGroth\oh_modules\.ohpm\@ohos+axios@2.2.6\oh_modules\@ohos\axios
[2025-11-21T15:50:05.546] [DEBUG] debug-file - Module entry's total dependency: 1
[2025-11-21T15:50:05.549] [DEBUG] debug-file - Configuration phase cost:197 ms 
[2025-11-21T15:50:05.550] [DEBUG] debug-file - Configuration task cost before running: 209 ms 
[2025-11-21T15:50:05.559] [DEBUG] debug-file - Executing task :entry:default@PreBuild
[2025-11-21T15:50:05.560] [DEBUG] debug-file - Task 'entry:default@PreBuild' cost while wrapping incremental declarations: 1 ms 
[2025-11-21T15:50:05.583] [DEBUG] debug-file - Incremental task entry:default@PreBuild pre-execution cost: 17 ms .
[2025-11-21T15:50:05.583] [DEBUG] debug-file - entry : default@PreBuild cost memory 0.5326004028320312
[2025-11-21T15:50:05.589] [INFO] debug-file - UP-TO-DATE :entry:default@PreBuild...  
[2025-11-21T15:50:05.590] [DEBUG] debug-file - Executing task :entry:default@CreateModuleInfo
[2025-11-21T15:50:05.591] [DEBUG] debug-file - Task 'entry:default@CreateModuleInfo' cost while wrapping incremental declarations: 1 ms 
[2025-11-21T15:50:05.591] [DEBUG] debug-file - entry : default@CreateModuleInfo cost memory 0.04056549072265625
[2025-11-21T15:50:05.591] [DEBUG] debug-file - runTaskFromQueue task cost before running: 250 ms 
[2025-11-21T15:50:05.592] [INFO] debug-file - Finished :entry:default@CreateModuleInfo... after 1 ms 
[2025-11-21T15:50:05.600] [DEBUG] debug-file - Executing task :entry:default@GenerateMetadata
[2025-11-21T15:50:05.601] [DEBUG] debug-file - Task 'entry:default@GenerateMetadata' cost while wrapping incremental declarations: 1 ms 
[2025-11-21T15:50:05.603] [DEBUG] debug-file - Incremental task entry:default@GenerateMetadata pre-execution cost: 2 ms .
[2025-11-21T15:50:05.603] [DEBUG] debug-file - entry : default@GenerateMetadata cost memory 0.09417724609375
[2025-11-21T15:50:05.604] [INFO] debug-file - UP-TO-DATE :entry:default@GenerateMetadata...  
[2025-11-21T15:50:05.606] [DEBUG] debug-file - Executing task :entry:default@ConfigureCmake
[2025-11-21T15:50:05.606] [DEBUG] debug-file - entry : default@ConfigureCmake cost memory 0.0157318115234375
[2025-11-21T15:50:05.606] [DEBUG] debug-file - runTaskFromQueue task cost before running: 265 ms 
[2025-11-21T15:50:05.607] [INFO] debug-file - Finished :entry:default@ConfigureCmake... after 1 ms 
[2025-11-21T15:50:05.608] [DEBUG] debug-file - Executing task :entry:default@MergeProfile
[2025-11-21T15:50:05.609] [DEBUG] debug-file - Task 'entry:default@MergeProfile' cost while wrapping incremental declarations: 1 ms 
[2025-11-21T15:50:05.616] [DEBUG] debug-file - Incremental task entry:default@MergeProfile pre-execution cost: 7 ms .
[2025-11-21T15:50:05.616] [DEBUG] debug-file - entry : default@MergeProfile cost memory 0.1522979736328125
[2025-11-21T15:50:05.617] [INFO] debug-file - UP-TO-DATE :entry:default@MergeProfile...  
[2025-11-21T15:50:05.621] [DEBUG] debug-file - Executing task :entry:default@CreateBuildProfile
[2025-11-21T15:50:05.622] [DEBUG] debug-file - Task 'entry:default@CreateBuildProfile' cost while wrapping incremental declarations: 2 ms 
[2025-11-21T15:50:05.624] [DEBUG] debug-file - Incremental task entry:default@CreateBuildProfile pre-execution cost: 2 ms .
[2025-11-21T15:50:05.624] [DEBUG] debug-file - entry : default@CreateBuildProfile cost memory 0.100921630859375
[2025-11-21T15:50:05.624] [INFO] debug-file - UP-TO-DATE :entry:default@CreateBuildProfile...  
[2025-11-21T15:50:05.626] [DEBUG] debug-file - Executing task :entry:default@PreCheckSyscap
[2025-11-21T15:50:05.626] [DEBUG] debug-file - entry : default@PreCheckSyscap cost memory 0.01595306396484375
[2025-11-21T15:50:05.626] [DEBUG] debug-file - runTaskFromQueue task cost before running: 285 ms 
[2025-11-21T15:50:05.627] [INFO] debug-file - Finished :entry:default@PreCheckSyscap... after 1 ms 
[2025-11-21T15:50:05.628] [DEBUG] debug-file - Executing task :entry:default@GeneratePkgContextInfo
[2025-11-21T15:50:05.635] [DEBUG] debug-file - Task 'entry:default@GeneratePkgContextInfo' cost while wrapping incremental declarations: 1 ms 
[2025-11-21T15:50:05.636] [DEBUG] debug-file - Incremental task entry:default@GeneratePkgContextInfo pre-execution cost: 1 ms .
[2025-11-21T15:50:05.636] [DEBUG] debug-file - entry : default@GeneratePkgContextInfo cost memory 0.30817413330078125
[2025-11-21T15:50:05.636] [INFO] debug-file - UP-TO-DATE :entry:default@GeneratePkgContextInfo...  
[2025-11-21T15:50:05.642] [DEBUG] debug-file - Executing task :entry:default@ProcessIntegratedHsp
[2025-11-21T15:50:05.642] [DEBUG] debug-file - entry:default@ProcessIntegratedHsp is not up-to-date, since the output file 'C:\Users\34857\DevEcoStudioProjects\GreenGroth\build\cache\default\integrated_hsp\integratedHspCache.json' does not exist.
[2025-11-21T15:50:05.643] [DEBUG] debug-file - Incremental task entry:default@ProcessIntegratedHsp pre-execution cost: 1 ms .
[2025-11-21T15:50:05.643] [DEBUG] debug-file - entry : default@ProcessIntegratedHsp cost memory 0.06287384033203125
[2025-11-21T15:50:05.643] [DEBUG] debug-file - runTaskFromQueue task cost before running: 301 ms 
[2025-11-21T15:50:05.643] [INFO] debug-file - Finished :entry:default@ProcessIntegratedHsp... after 1 ms 
[2025-11-21T15:50:05.644] [DEBUG] debug-file - Executing task :entry:default@BuildNativeWithCmake
[2025-11-21T15:50:05.644] [DEBUG] debug-file - entry : default@BuildNativeWithCmake cost memory 0.01677703857421875
[2025-11-21T15:50:05.645] [DEBUG] debug-file - runTaskFromQueue task cost before running: 303 ms 
[2025-11-21T15:50:05.645] [INFO] debug-file - Finished :entry:default@BuildNativeWithCmake... after 1 ms 
[2025-11-21T15:50:05.646] [DEBUG] debug-file - Executing task :entry:default@MakePackInfo
[2025-11-21T15:50:05.651] [DEBUG] debug-file - Incremental task entry:default@MakePackInfo pre-execution cost: 4 ms .
[2025-11-21T15:50:05.651] [DEBUG] debug-file - entry : default@MakePackInfo cost memory 0.13494873046875
[2025-11-21T15:50:05.651] [INFO] debug-file - UP-TO-DATE :entry:default@MakePackInfo...  
[2025-11-21T15:50:05.653] [DEBUG] debug-file - Executing task :entry:default@SyscapTransform
[2025-11-21T15:50:05.653] [DEBUG] debug-file - File: 'C:\Users\34857\DevEcoStudioProjects\GreenGroth\entry\src\main\syscap.json' from 'sysCapJsonPath' is not exists, just ignore.
[2025-11-21T15:50:05.654] [DEBUG] debug-file - Task 'entry:default@SyscapTransform' cost while wrapping incremental declarations: 2 ms 
[2025-11-21T15:50:05.657] [DEBUG] debug-file - entry:default@SyscapTransform is not up-to-date, since the output file 'C:\Users\34857\DevEcoStudioProjects\GreenGroth\entry\build\default\intermediates\syscap\default\rpcid.sc' does not exist.
[2025-11-21T15:50:05.657] [DEBUG] debug-file - Incremental task entry:default@SyscapTransform pre-execution cost: 3 ms .
[2025-11-21T15:50:05.657] [DEBUG] debug-file - entry : default@SyscapTransform cost memory 0.16117095947265625
[2025-11-21T15:50:05.657] [DEBUG] debug-file - runTaskFromQueue task cost before running: 316 ms 
[2025-11-21T15:50:05.658] [INFO] debug-file - Finished :entry:default@SyscapTransform... after 5 ms 
[2025-11-21T15:50:05.659] [DEBUG] debug-file - Executing task :entry:default@ProcessProfile
[2025-11-21T15:50:05.660] [DEBUG] debug-file - Task 'entry:default@ProcessProfile' cost while wrapping incremental declarations: 1 ms 
[2025-11-21T15:50:05.661] [DEBUG] debug-file - Incremental task entry:default@ProcessProfile pre-execution cost: 2 ms .
[2025-11-21T15:50:05.661] [DEBUG] debug-file - entry : default@ProcessProfile cost memory 0.1459503173828125
[2025-11-21T15:50:05.661] [INFO] debug-file - UP-TO-DATE :entry:default@ProcessProfile...  
[2025-11-21T15:50:05.663] [DEBUG] debug-file - Executing task :entry:default@ProcessRouterMap
[2025-11-21T15:50:05.670] [DEBUG] debug-file - Incremental task entry:default@ProcessRouterMap pre-execution cost: 4 ms .
[2025-11-21T15:50:05.670] [DEBUG] debug-file - entry : default@ProcessRouterMap cost memory -4.3273162841796875
[2025-11-21T15:50:05.671] [INFO] debug-file - UP-TO-DATE :entry:default@ProcessRouterMap...  
[2025-11-21T15:50:05.672] [DEBUG] debug-file - Executing task :entry:default@ProcessShareConfig
[2025-11-21T15:50:05.676] [DEBUG] debug-file - Incremental task entry:default@ProcessShareConfig pre-execution cost: 4 ms .
[2025-11-21T15:50:05.677] [DEBUG] debug-file - entry : default@ProcessShareConfig cost memory 0.16648101806640625
[2025-11-21T15:50:05.678] [INFO] debug-file - UP-TO-DATE :entry:default@ProcessShareConfig...  
[2025-11-21T15:50:05.679] [DEBUG] debug-file - Executing task :entry:default@ProcessStartupConfig
[2025-11-21T15:50:05.679] [DEBUG] debug-file - Task 'entry:default@ProcessStartupConfig' cost while wrapping incremental declarations: 1 ms 
[2025-11-21T15:50:05.681] [DEBUG] debug-file - entry:default@ProcessStartupConfig is not up-to-date, since the output file 'C:\Users\34857\DevEcoStudioProjects\GreenGroth\entry\build\default\intermediates\startup\default\startup_config.json' does not exist.
[2025-11-21T15:50:05.681] [DEBUG] debug-file - Incremental task entry:default@ProcessStartupConfig pre-execution cost: 2 ms .
[2025-11-21T15:50:05.682] [DEBUG] debug-file - entry : default@ProcessStartupConfig cost memory 0.1661376953125
[2025-11-21T15:50:05.682] [DEBUG] debug-file - runTaskFromQueue task cost before running: 340 ms 
[2025-11-21T15:50:05.682] [INFO] debug-file - Finished :entry:default@ProcessStartupConfig... after 3 ms 
[2025-11-21T15:50:05.683] [DEBUG] debug-file - Executing task :entry:default@BuildNativeWithNinja
[2025-11-21T15:50:05.684] [DEBUG] debug-file - entry : default@BuildNativeWithNinja cost memory 0.02382659912109375
[2025-11-21T15:50:05.684] [DEBUG] debug-file - runTaskFromQueue task cost before running: 342 ms 
[2025-11-21T15:50:05.684] [INFO] debug-file - Finished :entry:default@BuildNativeWithNinja... after 1 ms 
[2025-11-21T15:50:05.686] [DEBUG] debug-file - restool module names: entry; moduleName=entry, taskName=default@ProcessResource
[2025-11-21T15:50:05.688] [DEBUG] debug-file - Executing task :entry:default@ProcessResource
[2025-11-21T15:50:05.688] [DEBUG] debug-file - Task 'entry:default@ProcessResource' cost while wrapping incremental declarations: 1 ms 
[2025-11-21T15:50:05.690] [DEBUG] debug-file - Incremental task entry:default@ProcessResource pre-execution cost: 2 ms .
[2025-11-21T15:50:05.690] [DEBUG] debug-file - entry : default@ProcessResource cost memory 0.144012451171875
[2025-11-21T15:50:05.693] [INFO] debug-file - UP-TO-DATE :entry:default@ProcessResource...  
[2025-11-21T15:50:05.695] [DEBUG] debug-file - Executing task :entry:default@GenerateLoaderJson
[2025-11-21T15:50:05.696] [DEBUG] debug-file - Task 'entry:default@GenerateLoaderJson' cost while wrapping incremental declarations: 1 ms 
[2025-11-21T15:50:05.712] [DEBUG] debug-file - Incremental task entry:default@GenerateLoaderJson pre-execution cost: 11 ms .
[2025-11-21T15:50:05.712] [DEBUG] debug-file - entry : default@GenerateLoaderJson cost memory 0.6436920166015625
[2025-11-21T15:50:05.717] [INFO] debug-file - UP-TO-DATE :entry:default@GenerateLoaderJson...  
[2025-11-21T15:50:05.718] [DEBUG] debug-file - Executing task :entry:default@ProcessLibs
[2025-11-21T15:50:05.724] [DEBUG] debug-file - Incremental task entry:default@ProcessLibs pre-execution cost: 4 ms .
[2025-11-21T15:50:05.724] [DEBUG] debug-file - entry : default@ProcessLibs cost memory 0.1952972412109375
[2025-11-21T15:50:05.725] [INFO] debug-file - UP-TO-DATE :entry:default@ProcessLibs...  
[2025-11-21T15:50:05.726] [DEBUG] debug-file - restool module names: entry; moduleName=entry, taskName=default@CompileResource
[2025-11-21T15:50:05.728] [DEBUG] debug-file - Executing task :entry:default@CompileResource
[2025-11-21T15:50:05.759] [DEBUG] debug-file - Incremental task entry:default@CompileResource pre-execution cost: 30 ms .
[2025-11-21T15:50:05.759] [DEBUG] debug-file - entry : default@CompileResource cost memory 1.0911636352539062
[2025-11-21T15:50:05.760] [INFO] debug-file - UP-TO-DATE :entry:default@CompileResource...  
[2025-11-21T15:50:05.762] [DEBUG] debug-file - Executing task :entry:default@DoNativeStrip
[2025-11-21T15:50:05.762] [DEBUG] debug-file - Task 'entry:default@DoNativeStrip' cost while wrapping incremental declarations: 1 ms 
[2025-11-21T15:50:05.763] [DEBUG] debug-file - Incremental task entry:default@DoNativeStrip pre-execution cost: 2 ms .
[2025-11-21T15:50:05.763] [DEBUG] debug-file - entry : default@DoNativeStrip cost memory 0.08446502685546875
[2025-11-21T15:50:05.764] [INFO] debug-file - UP-TO-DATE :entry:default@DoNativeStrip...  
[2025-11-21T15:50:05.765] [DEBUG] debug-file - Executing task :entry:default@CompileArkTS
[2025-11-21T15:50:05.765] [DEBUG] debug-file - obfuscationOptions: undefined
[2025-11-21T15:50:05.813] [DEBUG] debug-file - Incremental task entry:default@CompileArkTS pre-execution cost: 38 ms .
[2025-11-21T15:50:05.813] [DEBUG] debug-file - entry : default@CompileArkTS cost memory 1.6818923950195312
[2025-11-21T15:50:05.816] [INFO] debug-file - UP-TO-DATE :entry:default@CompileArkTS...  
[2025-11-21T15:50:05.817] [DEBUG] debug-file - Executing task :entry:default@BuildJS
[2025-11-21T15:50:05.822] [DEBUG] debug-file - entry : default@BuildJS cost memory 0.14615631103515625
[2025-11-21T15:50:05.822] [DEBUG] debug-file - runTaskFromQueue task cost before running: 481 ms 
[2025-11-21T15:50:05.822] [INFO] debug-file - Finished :entry:default@BuildJS... after 5 ms 
[2025-11-21T15:50:05.824] [DEBUG] debug-file - Executing task :entry:default@CacheNativeLibs
[2025-11-21T15:50:05.825] [DEBUG] debug-file - Task 'entry:default@CacheNativeLibs' cost while wrapping incremental declarations: 1 ms 
[2025-11-21T15:50:05.827] [DEBUG] debug-file - Incremental task entry:default@CacheNativeLibs pre-execution cost: 2 ms .
[2025-11-21T15:50:05.827] [DEBUG] debug-file - entry : default@CacheNativeLibs cost memory 0.0997772216796875
[2025-11-21T15:50:05.827] [INFO] debug-file - UP-TO-DATE :entry:default@CacheNativeLibs...  
[2025-11-21T15:50:05.828] [DEBUG] debug-file - Executing task :entry:default@GeneratePkgModuleJson
[2025-11-21T15:50:05.828] [DEBUG] debug-file - File: 'C:\Users\34857\DevEcoStudioProjects\GreenGroth\entry\build\default\intermediates\preload\default\preload.json' from 'preloadSoJsonPath' is not exists, just ignore.
[2025-11-21T15:50:05.829] [DEBUG] debug-file - Task 'entry:default@GeneratePkgModuleJson' cost while wrapping incremental declarations: 1 ms 
[2025-11-21T15:50:05.830] [DEBUG] debug-file - Incremental task entry:default@GeneratePkgModuleJson pre-execution cost: 2 ms .
[2025-11-21T15:50:05.830] [DEBUG] debug-file - entry : default@GeneratePkgModuleJson cost memory 0.0951080322265625
[2025-11-21T15:50:05.830] [INFO] debug-file - UP-TO-DATE :entry:default@GeneratePkgModuleJson...  
[2025-11-21T15:50:05.831] [DEBUG] debug-file - Executing task :entry:default@ProcessCompiledResources
[2025-11-21T15:50:05.831] [DEBUG] debug-file - File: 'C:\Users\34857\DevEcoStudioProjects\GreenGroth\entry\build\default\intermediates\preload\default\preload.json' from 'preloadSoJsonPath' is not exists, just ignore.
[2025-11-21T15:50:05.831] [DEBUG] debug-file - Task 'entry:default@ProcessCompiledResources' cost while wrapping incremental declarations: 1 ms 
[2025-11-21T15:50:05.832] [DEBUG] debug-file - entry : default@ProcessCompiledResources cost memory 0.0645599365234375
[2025-11-21T15:50:05.832] [DEBUG] debug-file - runTaskFromQueue task cost before running: 490 ms 
[2025-11-21T15:50:05.832] [INFO] debug-file - Finished :entry:default@ProcessCompiledResources... after 1 ms 
[2025-11-21T15:50:05.837] [DEBUG] debug-file - Executing task :entry:default@PackageHap
[2025-11-21T15:50:05.864] [DEBUG] debug-file - Incremental task entry:default@PackageHap pre-execution cost: 24 ms .
[2025-11-21T15:50:05.864] [DEBUG] debug-file - entry : default@PackageHap cost memory 0.6127395629882812
[2025-11-21T15:50:05.866] [INFO] debug-file - UP-TO-DATE :entry:default@PackageHap...  
[2025-11-21T15:50:05.868] [DEBUG] debug-file - Executing task :entry:default@PackingCheck
[2025-11-21T15:50:05.884] [DEBUG] debug-file - entry : default@PackingCheck cost memory -4.846260070800781
[2025-11-21T15:50:05.884] [DEBUG] debug-file - runTaskFromQueue task cost before running: 542 ms 
[2025-11-21T15:50:05.884] [INFO] debug-file - Finished :entry:default@PackingCheck... after 16 ms 
[2025-11-21T15:50:05.888] [DEBUG] debug-file - Executing task :entry:default@SignHap
[2025-11-21T15:50:05.892] [DEBUG] debug-file - Incremental task entry:default@SignHap pre-execution cost: 4 ms .
[2025-11-21T15:50:05.892] [DEBUG] debug-file - entry : default@SignHap cost memory 0.11304473876953125
[2025-11-21T15:50:05.893] [INFO] debug-file - UP-TO-DATE :entry:default@SignHap...  
[2025-11-21T15:50:05.894] [DEBUG] debug-file - Executing task :entry:default@CollectDebugSymbol
[2025-11-21T15:50:05.896] [DEBUG] debug-file - entry : default@CollectDebugSymbol cost memory 0.10109710693359375
[2025-11-21T15:50:05.896] [DEBUG] debug-file - runTaskFromQueue task cost before running: 555 ms 
[2025-11-21T15:50:05.896] [INFO] debug-file - Finished :entry:default@CollectDebugSymbol... after 2 ms 
[2025-11-21T15:50:05.897] [DEBUG] debug-file - Executing task :entry:assembleHap
[2025-11-21T15:50:05.897] [DEBUG] debug-file - entry : assembleHap cost memory 0.01583099365234375
[2025-11-21T15:50:05.897] [DEBUG] debug-file - runTaskFromQueue task cost before running: 555 ms 
[2025-11-21T15:50:05.897] [INFO] debug-file - Finished :entry:assembleHap... after 1 ms 
[2025-11-21T15:50:05.906] [INFO] debug-file - BUILD SUCCESSFUL in 564 ms 
[2025-11-21T15:50:05.907] [DEBUG] debug-file - There is no need to refresh cache, since the incremental task entry:default@PreBuild is up-to-date.
[2025-11-21T15:50:05.907] [DEBUG] debug-file - Update task entry:default@CreateModuleInfo output file:C:\Users\34857\DevEcoStudioProjects\GreenGroth\entry\build\default\generated\profile\default\ModuleInfo.ts cache.
[2025-11-21T15:50:05.907] [DEBUG] debug-file - Incremental task entry:default@CreateModuleInfo post-execution cost:1 ms .
[2025-11-21T15:50:05.907] [DEBUG] debug-file - There is no need to refresh cache, since the incremental task entry:default@GenerateMetadata is up-to-date.
[2025-11-21T15:50:05.907] [DEBUG] debug-file - There is no need to refresh cache, since the incremental task entry:default@MergeProfile is up-to-date.
[2025-11-21T15:50:05.907] [DEBUG] debug-file - There is no need to refresh cache, since the incremental task entry:default@CreateBuildProfile is up-to-date.
[2025-11-21T15:50:05.907] [DEBUG] debug-file - There is no need to refresh cache, since the incremental task entry:default@GeneratePkgContextInfo is up-to-date.
[2025-11-21T15:50:05.908] [DEBUG] debug-file - Update task entry:default@ProcessIntegratedHsp output file:C:\Users\34857\DevEcoStudioProjects\GreenGroth\build\cache\default\integrated_hsp\integratedHspCache.json cache.
[2025-11-21T15:50:05.908] [DEBUG] debug-file - Incremental task entry:default@ProcessIntegratedHsp post-execution cost:1 ms .
[2025-11-21T15:50:05.908] [DEBUG] debug-file - There is no need to refresh cache, since the incremental task entry:default@MakePackInfo is up-to-date.
[2025-11-21T15:50:05.908] [DEBUG] debug-file - Update task entry:default@SyscapTransform input file:C:\Program Files\Huawei\DevEco Studio\sdk\default\openharmony\toolchains\syscap_tool.exe cache by regenerate.
[2025-11-21T15:50:05.908] [DEBUG] debug-file - Update task entry:default@SyscapTransform input file:C:\Program Files\Huawei\DevEco Studio\sdk\default\openharmony\ets\api\device-define cache by regenerate.
[2025-11-21T15:50:05.910] [DEBUG] debug-file - Update task entry:default@SyscapTransform output file:C:\Users\34857\DevEcoStudioProjects\GreenGroth\entry\build\default\intermediates\syscap\default\rpcid.sc cache.
[2025-11-21T15:50:05.911] [DEBUG] debug-file - Incremental task entry:default@SyscapTransform post-execution cost:3 ms .
[2025-11-21T15:50:05.911] [DEBUG] debug-file - There is no need to refresh cache, since the incremental task entry:default@ProcessProfile is up-to-date.
[2025-11-21T15:50:05.911] [DEBUG] debug-file - There is no need to refresh cache, since the incremental task entry:default@ProcessRouterMap is up-to-date.
[2025-11-21T15:50:05.911] [DEBUG] debug-file - There is no need to refresh cache, since the incremental task entry:default@ProcessShareConfig is up-to-date.
[2025-11-21T15:50:05.911] [DEBUG] debug-file - Update task entry:default@ProcessStartupConfig input file:C:\Users\34857\DevEcoStudioProjects\GreenGroth\entry\build\default\intermediates\loader\default\pkgContextInfo.json cache by regenerate.
[2025-11-21T15:50:05.911] [DEBUG] debug-file - Update task entry:default@ProcessStartupConfig output file:C:\Users\34857\DevEcoStudioProjects\GreenGroth\entry\build\default\intermediates\startup\default\startup_config.json cache.
[2025-11-21T15:50:05.912] [DEBUG] debug-file - Incremental task entry:default@ProcessStartupConfig post-execution cost:1 ms .
[2025-11-21T15:50:05.912] [DEBUG] debug-file - There is no need to refresh cache, since the incremental task entry:default@ProcessResource is up-to-date.
[2025-11-21T15:50:05.912] [DEBUG] debug-file - There is no need to refresh cache, since the incremental task entry:default@GenerateLoaderJson is up-to-date.
[2025-11-21T15:50:05.912] [DEBUG] debug-file - There is no need to refresh cache, since the incremental task entry:default@ProcessLibs is up-to-date.
[2025-11-21T15:50:05.912] [DEBUG] debug-file - There is no need to refresh cache, since the incremental task entry:default@CompileResource is up-to-date.
[2025-11-21T15:50:05.912] [DEBUG] debug-file - There is no need to refresh cache, since the incremental task entry:default@DoNativeStrip is up-to-date.
[2025-11-21T15:50:05.912] [DEBUG] debug-file - There is no need to refresh cache, since the incremental task entry:default@CompileArkTS is up-to-date.
[2025-11-21T15:50:05.914] [DEBUG] debug-file - Update task entry:default@BuildJS input file:C:\Users\34857\DevEcoStudioProjects\GreenGroth\entry\build\default\intermediates\loader\default cache by regenerate.
[2025-11-21T15:50:05.915] [DEBUG] debug-file - Update task entry:default@BuildJS input file:C:\Users\34857\DevEcoStudioProjects\GreenGroth\oh_modules\.ohpm\@ohos+axios@2.2.6\oh_modules\@ohos\axios\index.js cache by regenerate.
[2025-11-21T15:50:05.916] [DEBUG] debug-file - Update task entry:default@BuildJS input file:C:\Users\34857\DevEcoStudioProjects\GreenGroth\entry\build\default\intermediates\res\default\resources\rawfile cache by regenerate.
[2025-11-21T15:50:05.917] [DEBUG] debug-file - Update task entry:default@BuildJS input file:C:\Users\34857\DevEcoStudioProjects\GreenGroth\entry\build\default\intermediates\res\default\ResourceTable.txt cache by regenerate.
[2025-11-21T15:50:05.918] [DEBUG] debug-file - Update task entry:default@BuildJS input file:C:\Users\34857\DevEcoStudioProjects\GreenGroth\entry\build\default\intermediates\res\default\ark_module.json cache by regenerate.
[2025-11-21T15:50:05.918] [DEBUG] debug-file - Update task entry:default@BuildJS input file:C:\Users\34857\DevEcoStudioProjects\GreenGroth\entry\build\default\intermediates\res\default\resources\base\profile cache by regenerate.
[2025-11-21T15:50:05.919] [DEBUG] debug-file - Update task entry:default@BuildJS input file:C:\Users\34857\DevEcoStudioProjects\GreenGroth\entry\build\default\intermediates\loader\default\pkgContextInfo.json cache by regenerate.
[2025-11-21T15:50:05.919] [DEBUG] debug-file - Update task entry:default@BuildJS output file:C:\Users\34857\DevEcoStudioProjects\GreenGroth\entry\build\default\intermediates\loader_out\default\js cache.
[2025-11-21T15:50:05.919] [DEBUG] debug-file - Incremental task entry:default@BuildJS post-execution cost:8 ms .
[2025-11-21T15:50:05.920] [DEBUG] debug-file - There is no need to refresh cache, since the incremental task entry:default@CacheNativeLibs is up-to-date.
[2025-11-21T15:50:05.920] [DEBUG] debug-file - There is no need to refresh cache, since the incremental task entry:default@GeneratePkgModuleJson is up-to-date.
[2025-11-21T15:50:05.920] [DEBUG] debug-file - Incremental task entry:default@ProcessCompiledResources post-execution cost:1 ms .
[2025-11-21T15:50:05.920] [DEBUG] debug-file - There is no need to refresh cache, since the incremental task entry:default@PackageHap is up-to-date.
[2025-11-21T15:50:05.920] [DEBUG] debug-file - There is no need to refresh cache, since the incremental task entry:default@SignHap is up-to-date.
[2025-11-21T15:50:05.921] [DEBUG] debug-file - Update task entry:default@CollectDebugSymbol input file:C:\Users\34857\DevEcoStudioProjects\GreenGroth\entry\build\default\intermediates\loader_out\default\ets\sourceMaps.map cache by regenerate.
[2025-11-21T15:50:05.921] [DEBUG] debug-file - Update task entry:default@CollectDebugSymbol input file:C:\Users\34857\DevEcoStudioProjects\GreenGroth\entry\build\default\intermediates\libs\default cache by regenerate.
[2025-11-21T15:50:05.921] [DEBUG] debug-file - Update task entry:default@CollectDebugSymbol output file:C:\Users\34857\DevEcoStudioProjects\GreenGroth\entry\build\default\outputs\default\symbol cache.
[2025-11-21T15:50:05.922] [DEBUG] debug-file - Incremental task entry:default@CollectDebugSymbol post-execution cost:2 ms .
[2025-11-21T15:50:05.943] [DEBUG] debug-file - hvigor build process will be closed.
[2025-11-21T15:50:05.952] [DEBUG] debug-file - session manager: send message to worker process.
[2025-11-21T15:50:05.953] [DEBUG] debug-file - session manager: send message to worker process.
[2025-11-21T15:50:06.028] [DEBUG] debug-file - watch worker: worker id should be larger than 0. Nothing will be sent to any worker thread.
[2025-11-21T15:50:06.029] [DEBUG] debug-file - watch worker: worker id should be larger than 0. Nothing will be sent to any worker thread.
[2025-11-21T15:51:45.386] [DEBUG] debug-file - session manager: set active socket. socketId=n-vVUExSW0orjQRHAAAR
[2025-11-21T15:51:45.396] [DEBUG] debug-file - watch worker: worker id should be larger than 0. Nothing will be sent to any worker thread.
[2025-11-21T15:51:45.404] [DEBUG] debug-file - Hvigor init with startParameters:{
  hvigorfileTypeCheck: false,
  parallelExecution: true,
  incrementalExecution: true,
  printStackTrace: false,
  daemon: true,
  analyze: 0,
  logLevel: Level { level: 20000, levelStr: 'INFO', colour: 'green' },
  optimizationStrategy: 'memory',
  hotCompile: undefined,
  hotReloadBuild: undefined
}
[2025-11-21T15:51:45.409] [DEBUG] debug-file - Cache service initialization finished in 5 ms 
[2025-11-21T15:51:45.410] [DEBUG] debug-file - hvigorfile, resolving C:\Users\34857\DevEcoStudioProjects\GreenGroth\hvigorfile.ts
[2025-11-21T15:51:45.415] [DEBUG] debug-file - hvigorfile, require result:  { default: { plugins: [] } }
[2025-11-21T15:51:45.415] [DEBUG] debug-file - hvigorfile, binding system plugins null
[2025-11-21T15:51:45.422] [DEBUG] debug-file - Start initialize project's product build option map with build mode debug.
[2025-11-21T15:51:45.422] [DEBUG] debug-file - Picking option from product 'default' with build mode 'debug'.
[2025-11-21T15:51:45.422] [DEBUG] debug-file - Product 'default' build option initialized
[2025-11-21T15:51:45.422] [DEBUG] debug-file - End initialize project's product build option map with build mode 'debug'.
[2025-11-21T15:51:45.423] [DEBUG] debug-file - Obtain build option for product 'default'in this build.
[2025-11-21T15:51:45.427] [DEBUG] debug-file - C:\Users\34857\DevEcoStudioProjects\GreenGroth\build\cache\default\remote_hsp\remoteHspCache.json not exists.
[2025-11-21T15:51:45.431] [DEBUG] debug-file - Start recording SDK configuration permission data.
[2025-11-21T15:51:45.459] [DEBUG] debug-file - Sdk init in 31 ms 
[2025-11-21T15:51:45.462] [DEBUG] debug-file - Project task initialization takes 3 ms 
[2025-11-21T15:51:45.462] [DEBUG] debug-file - hvigorfile, binding custom plugins []
[2025-11-21T15:51:45.462] [DEBUG] debug-file - hvigorfile, no custom plugins were found in C:\Users\34857\DevEcoStudioProjects\GreenGroth\hvigorfile.ts
[2025-11-21T15:51:45.462] [DEBUG] debug-file - hvigorfile, resolve finished C:\Users\34857\DevEcoStudioProjects\GreenGroth\hvigorfile.ts
[2025-11-21T15:51:45.463] [DEBUG] debug-file - hvigorfile, resolving C:\Users\34857\DevEcoStudioProjects\GreenGroth\entry\hvigorfile.ts
[2025-11-21T15:51:45.467] [DEBUG] debug-file - hvigorfile, require result:  { default: { plugins: [] } }
[2025-11-21T15:51:45.467] [DEBUG] debug-file - hvigorfile, binding system plugins null
[2025-11-21T15:51:45.469] [DEBUG] debug-file - failed to load cangjie to dynamically generate schemas: Error: Cannot find module '@ohos/cangjie-build-support/index'
Require stack:
- C:\Program Files\Huawei\DevEco Studio\tools\hvigor\hvigor-ohos-plugin\src\plugin\factory\plugin-factory.js
- C:\Program Files\Huawei\DevEco Studio\tools\hvigor\hvigor-ohos-plugin\index.js
- C:\Users\34857\DevEcoStudioProjects\GreenGroth\hvigorfile.ts
- C:\Program Files\Huawei\DevEco Studio\tools\hvigor\hvigor\src\base\internal\lifecycle\configuration.js
- C:\Program Files\Huawei\DevEco Studio\tools\hvigor\hvigor\src\base\boot\index.js
- C:\Program Files\Huawei\DevEco Studio\tools\hvigor\hvigor\src\base\daemon\cluster\worker-process-lifecycle.js
- C:\Program Files\Huawei\DevEco Studio\tools\hvigor\hvigor\src\base\daemon\process\daemon-process-boot-script.js
[2025-11-21T15:51:45.471] [DEBUG] debug-file - Start initialize module-target build option map, moduleName=entry, buildMode=debug
[2025-11-21T15:51:45.471] [DEBUG] debug-file - Target 'default' config initialized
[2025-11-21T15:51:45.471] [DEBUG] debug-file - Target 'ohosTest' config initialized
[2025-11-21T15:51:45.472] [DEBUG] debug-file - Module 'entry' target 'default' build option initialized
[2025-11-21T15:51:45.472] [DEBUG] debug-file - Module 'entry' target 'ohosTest' build option initialized
[2025-11-21T15:51:45.472] [DEBUG] debug-file - End initialize module-target build option map, moduleName=entry
[2025-11-21T15:51:45.472] [DEBUG] debug-file - Start initialize module-target build option map, moduleName=entry, buildMode=release
[2025-11-21T15:51:45.472] [DEBUG] debug-file - Target 'default' config initialized
[2025-11-21T15:51:45.473] [DEBUG] debug-file - Target 'ohosTest' config initialized
[2025-11-21T15:51:45.473] [DEBUG] debug-file - Module 'entry' target 'default' build option initialized
[2025-11-21T15:51:45.473] [DEBUG] debug-file - Module 'entry' target 'ohosTest' build option initialized
[2025-11-21T15:51:45.473] [DEBUG] debug-file - End initialize module-target build option map, moduleName=entry
[2025-11-21T15:51:45.473] [DEBUG] debug-file - Start initialize module-target build option map, moduleName=entry, buildMode=debug
[2025-11-21T15:51:45.473] [DEBUG] debug-file - Target 'default' config initialized
[2025-11-21T15:51:45.474] [DEBUG] debug-file - Target 'ohosTest' config initialized
[2025-11-21T15:51:45.474] [DEBUG] debug-file - Module 'entry' target 'default' build option initialized
[2025-11-21T15:51:45.474] [DEBUG] debug-file - Module 'entry' target 'ohosTest' build option initialized
[2025-11-21T15:51:45.474] [DEBUG] debug-file - End initialize module-target build option map, moduleName=entry
[2025-11-21T15:51:45.474] [DEBUG] debug-file - Obtain build option for module 'entry' target 'default'in this build.
[2025-11-21T15:51:45.476] [DEBUG] debug-file - Module entry task initialization takes 2 ms 
[2025-11-21T15:51:45.476] [DEBUG] debug-file - hvigorfile, binding custom plugins []
[2025-11-21T15:51:45.476] [DEBUG] debug-file - hvigorfile, no custom plugins were found in C:\Users\34857\DevEcoStudioProjects\GreenGroth\entry\hvigorfile.ts
[2025-11-21T15:51:45.476] [DEBUG] debug-file - hvigorfile, resolve finished C:\Users\34857\DevEcoStudioProjects\GreenGroth\entry\hvigorfile.ts
[2025-11-21T15:51:45.553] [DEBUG] debug-file - hvigorfile, resolve hvigorfile dependencies in 77 ms 
[2025-11-21T15:51:45.553] [DEBUG] debug-file - project has submodules:entry
[2025-11-21T15:51:45.556] [DEBUG] debug-file - start to load updatedOhPackageInfo to the disk
[2025-11-21T15:51:45.565] [DEBUG] debug-file - load to the disk finished
[2025-11-21T15:51:45.567] [DEBUG] debug-file - Start to initialize dependency information.
[2025-11-21T15:51:45.580] [DEBUG] debug-file - Module GreenGroth Collected Dependency: 
[2025-11-21T15:51:45.581] [DEBUG] debug-file - Module GreenGroth's total dependency: 0
[2025-11-21T15:51:45.581] [DEBUG] debug-file - Start to initialize dependency information.
[2025-11-21T15:51:45.593] [DEBUG] debug-file - Module entry Collected Dependency: C:\Users\34857\DevEcoStudioProjects\GreenGroth\oh_modules\.ohpm\@ohos+axios@2.2.6\oh_modules\@ohos\axios
[2025-11-21T15:51:45.594] [DEBUG] debug-file - Module entry's total dependency: 1
[2025-11-21T15:51:45.597] [DEBUG] debug-file - Configuration phase cost:188 ms 
[2025-11-21T15:51:45.598] [DEBUG] debug-file - Configuration task cost before running: 198 ms 
[2025-11-21T15:51:45.607] [DEBUG] debug-file - Executing task :entry:default@PreBuild
[2025-11-21T15:51:45.608] [DEBUG] debug-file - Task 'entry:default@PreBuild' cost while wrapping incremental declarations: 1 ms 
[2025-11-21T15:51:45.635] [DEBUG] debug-file - Incremental task entry:default@PreBuild pre-execution cost: 21 ms .
[2025-11-21T15:51:45.635] [DEBUG] debug-file - entry : default@PreBuild cost memory 0.34551239013671875
[2025-11-21T15:51:45.642] [INFO] debug-file - UP-TO-DATE :entry:default@PreBuild...  
[2025-11-21T15:51:45.644] [DEBUG] debug-file - Executing task :entry:default@CreateModuleInfo
[2025-11-21T15:51:45.644] [DEBUG] debug-file - Task 'entry:default@CreateModuleInfo' cost while wrapping incremental declarations: 1 ms 
[2025-11-21T15:51:45.645] [DEBUG] debug-file - entry : default@CreateModuleInfo cost memory 0.0405426025390625
[2025-11-21T15:51:45.645] [DEBUG] debug-file - runTaskFromQueue task cost before running: 245 ms 
[2025-11-21T15:51:45.646] [INFO] debug-file - Finished :entry:default@CreateModuleInfo... after 2 ms 
[2025-11-21T15:51:45.656] [DEBUG] debug-file - Executing task :entry:default@GenerateMetadata
[2025-11-21T15:51:45.657] [DEBUG] debug-file - Task 'entry:default@GenerateMetadata' cost while wrapping incremental declarations: 1 ms 
[2025-11-21T15:51:45.660] [DEBUG] debug-file - Incremental task entry:default@GenerateMetadata pre-execution cost: 3 ms .
[2025-11-21T15:51:45.661] [DEBUG] debug-file - entry : default@GenerateMetadata cost memory 0.09423065185546875
[2025-11-21T15:51:45.661] [INFO] debug-file - UP-TO-DATE :entry:default@GenerateMetadata...  
[2025-11-21T15:51:45.665] [DEBUG] debug-file - Executing task :entry:default@ConfigureCmake
[2025-11-21T15:51:45.665] [DEBUG] debug-file - entry : default@ConfigureCmake cost memory 0.0157318115234375
[2025-11-21T15:51:45.665] [DEBUG] debug-file - runTaskFromQueue task cost before running: 266 ms 
[2025-11-21T15:51:45.666] [INFO] debug-file - Finished :entry:default@ConfigureCmake... after 1 ms 
[2025-11-21T15:51:45.668] [DEBUG] debug-file - Executing task :entry:default@MergeProfile
[2025-11-21T15:51:45.668] [DEBUG] debug-file - Task 'entry:default@MergeProfile' cost while wrapping incremental declarations: 1 ms 
[2025-11-21T15:51:45.675] [DEBUG] debug-file - Incremental task entry:default@MergeProfile pre-execution cost: 6 ms .
[2025-11-21T15:51:45.675] [DEBUG] debug-file - entry : default@MergeProfile cost memory 0.1519775390625
[2025-11-21T15:51:45.676] [INFO] debug-file - UP-TO-DATE :entry:default@MergeProfile...  
[2025-11-21T15:51:45.678] [DEBUG] debug-file - Executing task :entry:default@CreateBuildProfile
[2025-11-21T15:51:45.678] [DEBUG] debug-file - Task 'entry:default@CreateBuildProfile' cost while wrapping incremental declarations: 1 ms 
[2025-11-21T15:51:45.680] [DEBUG] debug-file - Incremental task entry:default@CreateBuildProfile pre-execution cost: 2 ms .
[2025-11-21T15:51:45.681] [DEBUG] debug-file - entry : default@CreateBuildProfile cost memory 0.099853515625
[2025-11-21T15:51:45.681] [INFO] debug-file - UP-TO-DATE :entry:default@CreateBuildProfile...  
[2025-11-21T15:51:45.682] [DEBUG] debug-file - Executing task :entry:default@PreCheckSyscap
[2025-11-21T15:51:45.682] [DEBUG] debug-file - entry : default@PreCheckSyscap cost memory 0.01595306396484375
[2025-11-21T15:51:45.683] [DEBUG] debug-file - runTaskFromQueue task cost before running: 283 ms 
[2025-11-21T15:51:45.683] [INFO] debug-file - Finished :entry:default@PreCheckSyscap... after 1 ms 
[2025-11-21T15:51:45.685] [DEBUG] debug-file - Executing task :entry:default@GeneratePkgContextInfo
[2025-11-21T15:51:45.692] [DEBUG] debug-file - Task 'entry:default@GeneratePkgContextInfo' cost while wrapping incremental declarations: 1 ms 
[2025-11-21T15:51:45.693] [DEBUG] debug-file - Incremental task entry:default@GeneratePkgContextInfo pre-execution cost: 1 ms .
[2025-11-21T15:51:45.693] [DEBUG] debug-file - entry : default@GeneratePkgContextInfo cost memory 0.333160400390625
[2025-11-21T15:51:45.694] [INFO] debug-file - UP-TO-DATE :entry:default@GeneratePkgContextInfo...  
[2025-11-21T15:51:45.701] [DEBUG] debug-file - Executing task :entry:default@ProcessIntegratedHsp
[2025-11-21T15:51:45.701] [DEBUG] debug-file - entry:default@ProcessIntegratedHsp is not up-to-date, since the output file 'C:\Users\34857\DevEcoStudioProjects\GreenGroth\build\cache\default\integrated_hsp\integratedHspCache.json' does not exist.
[2025-11-21T15:51:45.701] [DEBUG] debug-file - Incremental task entry:default@ProcessIntegratedHsp pre-execution cost: 1 ms .
[2025-11-21T15:51:45.701] [DEBUG] debug-file - entry : default@ProcessIntegratedHsp cost memory 0.06287384033203125
[2025-11-21T15:51:45.701] [DEBUG] debug-file - runTaskFromQueue task cost before running: 302 ms 
[2025-11-21T15:51:45.702] [INFO] debug-file - Finished :entry:default@ProcessIntegratedHsp... after 1 ms 
[2025-11-21T15:51:45.704] [DEBUG] debug-file - Executing task :entry:default@BuildNativeWithCmake
[2025-11-21T15:51:45.704] [DEBUG] debug-file - entry : default@BuildNativeWithCmake cost memory 0.01677703857421875
[2025-11-21T15:51:45.704] [DEBUG] debug-file - runTaskFromQueue task cost before running: 304 ms 
[2025-11-21T15:51:45.704] [INFO] debug-file - Finished :entry:default@BuildNativeWithCmake... after 1 ms 
[2025-11-21T15:51:45.706] [DEBUG] debug-file - Executing task :entry:default@MakePackInfo
[2025-11-21T15:51:45.711] [DEBUG] debug-file - Incremental task entry:default@MakePackInfo pre-execution cost: 4 ms .
[2025-11-21T15:51:45.712] [DEBUG] debug-file - entry : default@MakePackInfo cost memory 0.134796142578125
[2025-11-21T15:51:45.712] [INFO] debug-file - UP-TO-DATE :entry:default@MakePackInfo...  
[2025-11-21T15:51:45.714] [DEBUG] debug-file - Executing task :entry:default@SyscapTransform
[2025-11-21T15:51:45.714] [DEBUG] debug-file - File: 'C:\Users\34857\DevEcoStudioProjects\GreenGroth\entry\src\main\syscap.json' from 'sysCapJsonPath' is not exists, just ignore.
[2025-11-21T15:51:45.715] [DEBUG] debug-file - Task 'entry:default@SyscapTransform' cost while wrapping incremental declarations: 2 ms 
[2025-11-21T15:51:45.719] [DEBUG] debug-file - entry:default@SyscapTransform is not up-to-date, since the output file 'C:\Users\34857\DevEcoStudioProjects\GreenGroth\entry\build\default\intermediates\syscap\default\rpcid.sc' does not exist.
[2025-11-21T15:51:45.719] [DEBUG] debug-file - Incremental task entry:default@SyscapTransform pre-execution cost: 4 ms .
[2025-11-21T15:51:45.719] [DEBUG] debug-file - entry : default@SyscapTransform cost memory 0.16056060791015625
[2025-11-21T15:51:45.719] [DEBUG] debug-file - runTaskFromQueue task cost before running: 319 ms 
[2025-11-21T15:51:45.719] [INFO] debug-file - Finished :entry:default@SyscapTransform... after 6 ms 
[2025-11-21T15:51:45.721] [DEBUG] debug-file - Executing task :entry:default@ProcessProfile
[2025-11-21T15:51:45.722] [DEBUG] debug-file - Task 'entry:default@ProcessProfile' cost while wrapping incremental declarations: 1 ms 
[2025-11-21T15:51:45.724] [DEBUG] debug-file - Incremental task entry:default@ProcessProfile pre-execution cost: 2 ms .
[2025-11-21T15:51:45.724] [DEBUG] debug-file - entry : default@ProcessProfile cost memory 0.14633941650390625
[2025-11-21T15:51:45.724] [INFO] debug-file - UP-TO-DATE :entry:default@ProcessProfile...  
[2025-11-21T15:51:45.726] [DEBUG] debug-file - Executing task :entry:default@ProcessRouterMap
[2025-11-21T15:51:45.732] [DEBUG] debug-file - Incremental task entry:default@ProcessRouterMap pre-execution cost: 5 ms .
[2025-11-21T15:51:45.733] [DEBUG] debug-file - entry : default@ProcessRouterMap cost memory 0.18518829345703125
[2025-11-21T15:51:45.737] [INFO] debug-file - UP-TO-DATE :entry:default@ProcessRouterMap...  
[2025-11-21T15:51:45.739] [DEBUG] debug-file - Executing task :entry:default@ProcessShareConfig
[2025-11-21T15:51:45.745] [DEBUG] debug-file - Incremental task entry:default@ProcessShareConfig pre-execution cost: 5 ms .
[2025-11-21T15:51:45.745] [DEBUG] debug-file - entry : default@ProcessShareConfig cost memory 0.18027496337890625
[2025-11-21T15:51:45.746] [INFO] debug-file - UP-TO-DATE :entry:default@ProcessShareConfig...  
[2025-11-21T15:51:45.748] [DEBUG] debug-file - Executing task :entry:default@ProcessStartupConfig
[2025-11-21T15:51:45.748] [DEBUG] debug-file - Task 'entry:default@ProcessStartupConfig' cost while wrapping incremental declarations: 1 ms 
[2025-11-21T15:51:45.750] [DEBUG] debug-file - entry:default@ProcessStartupConfig is not up-to-date, since the output file 'C:\Users\34857\DevEcoStudioProjects\GreenGroth\entry\build\default\intermediates\startup\default\startup_config.json' does not exist.
[2025-11-21T15:51:45.750] [DEBUG] debug-file - Incremental task entry:default@ProcessStartupConfig pre-execution cost: 2 ms .
[2025-11-21T15:51:45.752] [DEBUG] debug-file - entry : default@ProcessStartupConfig cost memory 0.1660919189453125
[2025-11-21T15:51:45.752] [DEBUG] debug-file - runTaskFromQueue task cost before running: 352 ms 
[2025-11-21T15:51:45.752] [INFO] debug-file - Finished :entry:default@ProcessStartupConfig... after 4 ms 
[2025-11-21T15:51:45.754] [DEBUG] debug-file - Executing task :entry:default@BuildNativeWithNinja
[2025-11-21T15:51:45.755] [DEBUG] debug-file - entry : default@BuildNativeWithNinja cost memory 0.02382659912109375
[2025-11-21T15:51:45.755] [DEBUG] debug-file - runTaskFromQueue task cost before running: 355 ms 
[2025-11-21T15:51:45.755] [INFO] debug-file - Finished :entry:default@BuildNativeWithNinja... after 1 ms 
[2025-11-21T15:51:45.758] [DEBUG] debug-file - restool module names: entry; moduleName=entry, taskName=default@ProcessResource
[2025-11-21T15:51:45.762] [DEBUG] debug-file - Executing task :entry:default@ProcessResource
[2025-11-21T15:51:45.762] [DEBUG] debug-file - Task 'entry:default@ProcessResource' cost while wrapping incremental declarations: 1 ms 
[2025-11-21T15:51:45.765] [DEBUG] debug-file - Incremental task entry:default@ProcessResource pre-execution cost: 2 ms .
[2025-11-21T15:51:45.765] [DEBUG] debug-file - entry : default@ProcessResource cost memory 0.14392852783203125
[2025-11-21T15:51:45.768] [INFO] debug-file - UP-TO-DATE :entry:default@ProcessResource...  
[2025-11-21T15:51:45.772] [DEBUG] debug-file - Executing task :entry:default@GenerateLoaderJson
[2025-11-21T15:51:45.773] [DEBUG] debug-file - Task 'entry:default@GenerateLoaderJson' cost while wrapping incremental declarations: 1 ms 
[2025-11-21T15:51:45.796] [DEBUG] debug-file - Incremental task entry:default@GenerateLoaderJson pre-execution cost: 14 ms .
[2025-11-21T15:51:45.796] [DEBUG] debug-file - entry : default@GenerateLoaderJson cost memory 0.819549560546875
[2025-11-21T15:51:45.802] [INFO] debug-file - UP-TO-DATE :entry:default@GenerateLoaderJson...  
[2025-11-21T15:51:45.804] [DEBUG] debug-file - Executing task :entry:default@ProcessLibs
[2025-11-21T15:51:45.810] [DEBUG] debug-file - Incremental task entry:default@ProcessLibs pre-execution cost: 5 ms .
[2025-11-21T15:51:45.811] [DEBUG] debug-file - entry : default@ProcessLibs cost memory 0.189727783203125
[2025-11-21T15:51:45.812] [INFO] debug-file - UP-TO-DATE :entry:default@ProcessLibs...  
[2025-11-21T15:51:45.814] [DEBUG] debug-file - restool module names: entry; moduleName=entry, taskName=default@CompileResource
[2025-11-21T15:51:45.816] [DEBUG] debug-file - Executing task :entry:default@CompileResource
[2025-11-21T15:51:45.856] [DEBUG] debug-file - Incremental task entry:default@CompileResource pre-execution cost: 38 ms .
[2025-11-21T15:51:45.856] [DEBUG] debug-file - entry : default@CompileResource cost memory 1.089111328125
[2025-11-21T15:51:45.858] [INFO] debug-file - UP-TO-DATE :entry:default@CompileResource...  
[2025-11-21T15:51:45.859] [DEBUG] debug-file - Executing task :entry:default@DoNativeStrip
[2025-11-21T15:51:45.860] [DEBUG] debug-file - Task 'entry:default@DoNativeStrip' cost while wrapping incremental declarations: 1 ms 
[2025-11-21T15:51:45.862] [DEBUG] debug-file - Incremental task entry:default@DoNativeStrip pre-execution cost: 2 ms .
[2025-11-21T15:51:45.862] [DEBUG] debug-file - entry : default@DoNativeStrip cost memory 0.08426666259765625
[2025-11-21T15:51:45.862] [INFO] debug-file - UP-TO-DATE :entry:default@DoNativeStrip...  
[2025-11-21T15:51:45.864] [DEBUG] debug-file - Executing task :entry:default@CompileArkTS
[2025-11-21T15:51:45.864] [DEBUG] debug-file - obfuscationOptions: undefined
[2025-11-21T15:51:45.912] [DEBUG] debug-file - entry:default@CompileArkTS is not up-to-date, since the input file 'C:\Users\34857\DevEcoStudioProjects\GreenGroth\entry\src\main\ets' has been changed.
[2025-11-21T15:51:45.912] [DEBUG] debug-file - Incremental task entry:default@CompileArkTS pre-execution cost: 38 ms .
[2025-11-21T15:51:45.934] [DEBUG] debug-file - build config:
[2025-11-21T15:51:45.934] [DEBUG] debug-file - {
  moduleType: 'entry',
  perf: 0,
  targetName: '.default',
  packageManagerType: 'ohpm',
  localPropertiesPath: 'C:\\Users\\34857\\DevEcoStudioProjects\\GreenGroth\\local.properties',
  isPreview: false,
  isOhosTest: false,
  isLocalTest: false,
  buildMode: 'Debug',
  hotReloadBuild: undefined,
  watchMode: 'false',
  aceProfilePath: 'C:\\Users\\34857\\DevEcoStudioProjects\\GreenGroth\\entry\\build\\default\\intermediates\\res\\default\\resources\\base\\profile',
  etsLoaderPath: 'C:\\Program Files\\Huawei\\DevEco Studio\\sdk\\default\\openharmony\\ets\\build-tools\\ets-loader',
  modulePath: 'C:\\Users\\34857\\DevEcoStudioProjects\\GreenGroth\\entry',
  testFrameworkPar: {
    testMode: undefined,
    coveragePathFilter: undefined,
    coverageMode: undefined
  },
  needCoverageInsert: false,
  debugLine: false,
  projectTopDir: 'C:\\Users\\34857\\DevEcoStudioProjects\\GreenGroth',
  compileSdkVersion: 20,
  compatibleSdkVersion: 12,
  compatibleSdkVersionStage: 'beta1',
  bundleName: 'c***h',
  etsLoaderVersion: '6.0.0.47',
  etsLoaderReleaseType: 'Release',
  aotCompileMode: 'type',
  apPath: 'C:\\Users\\34857\\DevEcoStudioProjects\\GreenGroth\\entry\\modules.ap',
  entryModuleName: 'entry',
  entryModuleVersion: '1.0.0',
  entryPackageName: 'entry',
  allModuleNameHash: 'ac322dda3fe62b69ea7761d20fdc32fe',
  externalApiPaths: [
    'C:\\Program Files\\Huawei\\DevEco Studio\\sdk\\default\\hms\\ets'
  ],
  compilerTypes: [],
  isCrossplatform: false,
  hvigorPluginFile: undefined,
  compilePluginPath: undefined,
  buildGeneratedProfilePath: 'C:\\Users\\34857\\DevEcoStudioProjects\\GreenGroth\\entry\\build\\default\\generated\\profile\\default',
  bundleType: 'app',
  arkTSVersion: undefined,
  apiVersion: 20,
  needCompleteSourcesMap: false,
  isFaMode: false,
  strictMode: {
    caseSensitiveCheck: true,
    useNormalizedOHMUrl: true,
    noExternalImportByPath: true
  },
  buildDir: 'C:\\Users\\34857\\DevEcoStudioProjects\\GreenGroth\\entry\\build',
  deviceTypes: [ 'phone', 'tablet', 'tv', 'wearable', 'car' ],
  useNormalizedOHMUrl: true,
  pkgContextInfo: {
    '@ohos/axios': {
      packageName: '@ohos/axios',
      bundleName: '*****',
      moduleName: '',
      version: '2.2.6',
      entryPath: 'index.js',
      isSO: false,
      dependencyAlias: ''
    },
    '@ohos/hypium': {
      packageName: '@ohos/hypium',
      bundleName: '*****',
      moduleName: '',
      version: '1.0.24',
      entryPath: 'index.js',
      isSO: false,
      dependencyAlias: ''
    },
    '@ohos/hamock': {
      packageName: '@ohos/hamock',
      bundleName: '*****',
      moduleName: '',
      version: '1.0.0',
      entryPath: 'index.ets',
      isSO: false,
      dependencyAlias: ''
    },
    entry: {
      packageName: 'entry',
      bundleName: '*****',
      moduleName: '',
      version: '',
      entryPath: 'src/main/',
      isSO: false,
      dependencyAlias: ''
    }
  },
  ohPackagePathMap: {},
  dependencyAliasMap: {},
  permission: {
    requestPermissions: [ [Object], [Object] ],
    definePermissions: undefined
  },
  integratedHsp: false,
  projectArkOption: undefined,
  sourceMapDir: undefined,
  branchElimination: false,
  transformLib: undefined,
  caseSensitiveCheck: true,
  tsImportSendable: false,
  resolveConflictMode: true,
  depName2RootPath: {},
  depName2DepInfo: {},
  rootPathSet: [ 'C:\\Users\\34857\\DevEcoStudioProjects\\GreenGroth' ],
  useNativeResolver: true,
  shouldEmitJs: true,
  useTscResolve: false,
  singleFileEmit: false,
  userProjectConfig: {
    autoLazyImport: false,
    allowEmptyBundleName: false,
    reExportCheckMode: 'noCheck',
    executionMode: 'memory',
    usePathPlaceholder: false,
    writeRollupCache: true,
    isExpandImportEnabled: false,
    expandImportExclude: '',
    ignoreCrossplatformCheck: false,
    isPreloadSoEnabled: false
  },
  skipOhModulesLint: false,
  executionMode: 'memory',
  autoLazyImport: false,
  allowEmptyBundleName: false,
  reExportCheckMode: 'noCheck',
  usePathPlaceholder: false,
  writeRollupCache: true,
  isExpandImportEnabled: false,
  expandImportExclude: '',
  ignoreCrossplatformCheck: false,
  isPreloadSoEnabled: false,
  arkCompileCachePath: 'C:\\Users\\34857\\DevEcoStudioProjects\\GreenGroth\\entry\\build\\default\\cache\\default\\default@CompileArkTS\\esmodule',
  aceModuleJsonPath: 'C:\\Users\\34857\\DevEcoStudioProjects\\GreenGroth\\entry\\build\\default\\intermediates\\res\\default\\ark_module.json',
  appResource: 'C:\\Users\\34857\\DevEcoStudioProjects\\GreenGroth\\entry\\build\\default\\intermediates\\res\\default\\ResourceTable.txt',
  rawFileResource: 'C:\\Users\\34857\\DevEcoStudioProjects\\GreenGroth\\entry\\build\\default\\intermediates\\res\\default\\resources\\rawfile',
  resourceTableHash: '2eb32ec2dde5d60271a0f22321271b93',
  runtimeOS: 'HarmonyOS',
  sdkInfo: 'false:20:6.0.0.47:Release',
  aceModuleRoot: 'C:\\Users\\34857\\DevEcoStudioProjects\\GreenGroth\\entry\\src\\main\\ets',
  compileMode: 'esmodule',
  aceSuperVisualPath: 'C:\\Users\\34857\\DevEcoStudioProjects\\GreenGroth\\entry\\src\\main\\supervisual',
  aceBuildJson: 'C:\\Users\\34857\\DevEcoStudioProjects\\GreenGroth\\entry\\build\\default\\intermediates\\loader\\default\\loader.json',
  cachePath: 'C:\\Users\\34857\\DevEcoStudioProjects\\GreenGroth\\entry\\build\\default\\cache\\default\\default@CompileArkTS\\esmodule\\debug',
  aceModuleBuild: 'C:\\Users\\34857\\DevEcoStudioProjects\\GreenGroth\\entry\\build\\default\\intermediates\\loader_out\\default\\ets',
  supportChunks: true,
  declaredFilesPath: undefined,
  shouldCollectDirectImportees: false,
  isByteCodeHarOptimize: false,
  expandImportPath: undefined,
  pkgNameToPkgBriefInfo: {
    '@ohos/axios': {
      pkgRoot: 'C:\\Users\\34857\\DevEcoStudioProjects\\GreenGroth\\oh_modules\\.ohpm\\@ohos+axios@2.2.6\\oh_modules\\@ohos\\axios',
      pkgName: '@ohos/axios',
      sourceRoots: [Array]
    },
    entry: {
      pkgRoot: 'C:\\Users\\34857\\DevEcoStudioProjects\\GreenGroth\\entry',
      originalSourceRoots: undefined,
      sourceRoots: [Array],
      pkgName: 'entry'
    }
  },
  projectModel: {
    'C:\\Users\\34857\\DevEcoStudioProjects\\GreenGroth\\entry\\src\\main': {
      moduleName: 'entry',
      modulePkgPath: 'C:\\Users\\34857\\DevEcoStudioProjects\\GreenGroth\\entry',
      belongProjectPath: 'C:\\Users\\34857\\DevEcoStudioProjects\\GreenGroth'
    },
    'C:\\Users\\34857\\DevEcoStudioProjects\\GreenGroth\\entry\\build\\default\\intermediates\\src\\ohosTest\\ets': {
      moduleName: 'entry_test',
      modulePkgPath: 'C:\\Users\\34857\\DevEcoStudioProjects\\GreenGroth\\entry',
      belongProjectPath: 'C:\\Users\\34857\\DevEcoStudioProjects\\GreenGroth'
    },
    'C:\\Users\\34857\\DevEcoStudioProjects\\GreenGroth\\entry\\src\\ohosTest': {
      moduleName: 'entry_test',
      modulePkgPath: 'C:\\Users\\34857\\DevEcoStudioProjects\\GreenGroth\\entry',
      belongProjectPath: 'C:\\Users\\34857\\DevEcoStudioProjects\\GreenGroth'
    },
    'C:\\Users\\34857\\DevEcoStudioProjects\\GreenGroth\\entry': {
      moduleName: 'entry',
      modulePkgPath: 'C:\\Users\\34857\\DevEcoStudioProjects\\GreenGroth\\entry',
      belongProjectPath: 'C:\\Users\\34857\\DevEcoStudioProjects\\GreenGroth'
    },
    'C:\\Users\\34857\\DevEcoStudioProjects\\GreenGroth': {
      moduleName: 'GreenGroth',
      modulePkgPath: 'C:\\Users\\34857\\DevEcoStudioProjects\\GreenGroth',
      belongProjectPath: 'C:\\Users\\34857\\DevEcoStudioProjects\\GreenGroth'
    }
  },
  pkgJsonFileHash: '544be47d257731be7f8e0bd07118193f',
  allModulePaths: [ 'C:\\Users\\34857\\DevEcoStudioProjects\\GreenGroth\\entry' ],
  routerMap: {},
  obfuscationOptions: undefined,
  byteCodeHarToDependencyKeys: undefined,
  compileBlockPkg: [],
  mockParams: {
    decorator: '@MockSetup',
    packageName: '@ohos/hamock',
    etsSourceRootPath: 'src/main/ets',
    mockConfigPath: 'C:\\Users\\34857\\DevEcoStudioProjects\\GreenGroth\\entry\\src\\mock\\mock-config.json5',
    mockConfigKey2ModuleInfo: {},
    source2ModuleIdMap: {}
  },
  copyCodeResourceEnable: false,
  copyCodeResourceExcludes: [],
  copyCodeResourceIncludes: undefined,
  uiTransformOptimization: false,
  sdkPath: 'C:/Program Files/Huawei/DevEco Studio/sdk',
  needPreloadSoFileSet: {},
  preloadSoFilePath: 'C:\\Users\\34857\\DevEcoStudioProjects\\GreenGroth\\entry\\build\\default\\intermediates\\preload\\default\\preload.json',
  useSourceHash: false,
  localModuleParamMap: {},
  otherPaths: {
    '@ohos/axios/*': [
      '..\\..\\..\\..\\oh_modules\\.ohpm\\@ohos+axios@2.2.6\\oh_modules\\@ohos\\axios\\src\\main\\*'
    ],
    'entry/*': [
      '..\\*',
      '..\\..\\..\\build\\default\\generated\\profile\\default\\*'
    ]
  },
  collectImportersConfig: undefined
}
[2025-11-21T15:51:45.935] [DEBUG] debug-file - Compile arkts with external api path: C:\Program Files\Huawei\DevEco Studio\sdk\default\hms\ets
[2025-11-21T15:51:45.937] [DEBUG] debug-file - default@CompileArkTS work[5] is submitted.
[2025-11-21T15:51:45.937] [DEBUG] debug-file - default@CompileArkTS work[5] is pushed to ready queue.
[2025-11-21T15:51:45.937] [DEBUG] debug-file - A work dispatched to worker[11] failed because unable to get work from ready queue.
[2025-11-21T15:51:45.938] [DEBUG] debug-file - A work dispatched to worker[10] failed because unable to get work from ready queue.
[2025-11-21T15:51:45.938] [DEBUG] debug-file - A work dispatched to worker[9] failed because unable to get work from ready queue.
[2025-11-21T15:51:45.938] [DEBUG] debug-file - A work dispatched to worker[8] failed because unable to get work from ready queue.
[2025-11-21T15:51:45.938] [DEBUG] debug-file - A work dispatched to worker[7] failed because unable to get work from ready queue.
[2025-11-21T15:51:45.938] [DEBUG] debug-file - A work dispatched to worker[6] failed because unable to get work from ready queue.
[2025-11-21T15:51:45.938] [DEBUG] debug-file - A work dispatched to worker[5] failed because unable to get work from ready queue.
[2025-11-21T15:51:45.938] [DEBUG] debug-file - default@CompileArkTS work[5] has been dispatched to worker[4].
[2025-11-21T15:51:45.938] [DEBUG] debug-file - default@CompileArkTS work[5] is dispatched.
[2025-11-21T15:51:45.939] [DEBUG] debug-file - entry : default@CompileArkTS cost memory 2.4824066162109375
[2025-11-21T15:51:45.940] [DEBUG] debug-file - Executing task :entry:default@BuildJS
[2025-11-21T15:51:45.946] [DEBUG] debug-file - entry : default@BuildJS cost memory 0.14611053466796875
[2025-11-21T15:51:45.947] [DEBUG] debug-file - runTaskFromQueue task cost before running: 547 ms 
[2025-11-21T15:51:45.947] [INFO] debug-file - Finished :entry:default@BuildJS... after 7 ms 
[2025-11-21T15:51:45.948] [DEBUG] debug-file - Executing task :entry:default@CacheNativeLibs
[2025-11-21T15:51:45.949] [DEBUG] debug-file - Task 'entry:default@CacheNativeLibs' cost while wrapping incremental declarations: 1 ms 
[2025-11-21T15:51:45.951] [DEBUG] debug-file - Incremental task entry:default@CacheNativeLibs pre-execution cost: 3 ms .
[2025-11-21T15:51:45.951] [DEBUG] debug-file - entry : default@CacheNativeLibs cost memory 0.099761962890625
[2025-11-21T15:51:45.952] [INFO] debug-file - UP-TO-DATE :entry:default@CacheNativeLibs...  
[2025-11-21T15:51:47.248] [DEBUG] debug-file - worker[4] has one work done.
[2025-11-21T15:51:47.250] [DEBUG] debug-file - default@CompileArkTS work[5] done.
[2025-11-21T15:51:47.255] [INFO] debug-file - Finished :entry:default@CompileArkTS... after 1 s 383 ms 
[2025-11-21T15:51:47.256] [DEBUG] debug-file - Executing task :entry:default@GeneratePkgModuleJson
[2025-11-21T15:51:47.256] [DEBUG] debug-file - File: 'C:\Users\34857\DevEcoStudioProjects\GreenGroth\entry\build\default\intermediates\preload\default\preload.json' from 'preloadSoJsonPath' is not exists, just ignore.
[2025-11-21T15:51:47.257] [DEBUG] debug-file - Task 'entry:default@GeneratePkgModuleJson' cost while wrapping incremental declarations: 1 ms 
[2025-11-21T15:51:47.258] [DEBUG] debug-file - Incremental task entry:default@GeneratePkgModuleJson pre-execution cost: 2 ms .
[2025-11-21T15:51:47.258] [DEBUG] debug-file - entry : default@GeneratePkgModuleJson cost memory 0.0959014892578125
[2025-11-21T15:51:47.258] [INFO] debug-file - UP-TO-DATE :entry:default@GeneratePkgModuleJson...  
[2025-11-21T15:51:47.259] [DEBUG] debug-file - Executing task :entry:default@ProcessCompiledResources
[2025-11-21T15:51:47.259] [DEBUG] debug-file - File: 'C:\Users\34857\DevEcoStudioProjects\GreenGroth\entry\build\default\intermediates\preload\default\preload.json' from 'preloadSoJsonPath' is not exists, just ignore.
[2025-11-21T15:51:47.259] [DEBUG] debug-file - Task 'entry:default@ProcessCompiledResources' cost while wrapping incremental declarations: 1 ms 
[2025-11-21T15:51:47.260] [DEBUG] debug-file - entry : default@ProcessCompiledResources cost memory 0.0645599365234375
[2025-11-21T15:51:47.260] [DEBUG] debug-file - runTaskFromQueue task cost before running: 1 s 860 ms 
[2025-11-21T15:51:47.260] [INFO] debug-file - Finished :entry:default@ProcessCompiledResources... after 1 ms 
[2025-11-21T15:51:47.262] [DEBUG] debug-file - Executing task :entry:default@PackageHap
[2025-11-21T15:51:47.275] [DEBUG] debug-file - entry:default@PackageHap is not up-to-date, since the input file 'C:\Users\34857\DevEcoStudioProjects\GreenGroth\entry\build\default\intermediates\loader_out\default\ets' has been changed.
[2025-11-21T15:51:47.275] [DEBUG] debug-file - Incremental task entry:default@PackageHap pre-execution cost: 11 ms .
[2025-11-21T15:51:47.277] [DEBUG] debug-file - Use tool [C:\Program Files\Huawei\DevEco Studio\sdk\default\openharmony\toolchains\lib\app_packing_tool.jar]
 [
  'java',
  '-Dfile.encoding=GBK',
  '-jar',
  'C:\\Program Files\\Huawei\\DevEco Studio\\sdk\\default\\openharmony\\toolchains\\lib\\app_packing_tool.jar',
  '--mode',
  'hap',
  '--force',
  'true',
  '--lib-path',
  'C:\\Users\\34857\\DevEcoStudioProjects\\GreenGroth\\entry\\build\\default\\intermediates\\stripped_native_libs\\default',
  '--json-path',
  'C:\\Users\\34857\\DevEcoStudioProjects\\GreenGroth\\entry\\build\\default\\intermediates\\package\\default\\module.json',
  '--resources-path',
  'C:\\Users\\34857\\DevEcoStudioProjects\\GreenGroth\\entry\\build\\default\\intermediates\\res\\default\\resources',
  '--index-path',
  'C:\\Users\\34857\\DevEcoStudioProjects\\GreenGroth\\entry\\build\\default\\intermediates\\res\\default\\resources.index',
  '--pack-info-path',
  'C:\\Users\\34857\\DevEcoStudioProjects\\GreenGroth\\entry\\build\\default\\outputs\\default\\pack.info',
  '--out-path',
  'C:\\Users\\34857\\DevEcoStudioProjects\\GreenGroth\\entry\\build\\default\\outputs\\default\\entry-default-unsigned.hap',
  '--ets-path',
  'C:\\Users\\34857\\DevEcoStudioProjects\\GreenGroth\\entry\\build\\default\\intermediates\\loader_out\\default\\ets',
  '--pkg-context-path',
  'C:\\Users\\34857\\DevEcoStudioProjects\\GreenGroth\\entry\\build\\default\\intermediates\\loader\\default\\pkgContextInfo.json'
]
[2025-11-21T15:51:47.325] [DEBUG] debug-file - java daemon socket received message:{"code":0,"message":"pack success"}
[2025-11-21T15:51:47.331] [DEBUG] debug-file - entry : default@PackageHap cost memory 0.7980270385742188
[2025-11-21T15:51:47.331] [DEBUG] debug-file - runTaskFromQueue task cost before running: 1 s 931 ms 
[2025-11-21T15:51:47.332] [INFO] debug-file - Finished :entry:default@PackageHap... after 69 ms 
[2025-11-21T15:51:47.334] [DEBUG] debug-file - Executing task :entry:default@PackingCheck
[2025-11-21T15:51:47.341] [DEBUG] debug-file - entry : default@PackingCheck cost memory 0.414276123046875
[2025-11-21T15:51:47.341] [DEBUG] debug-file - runTaskFromQueue task cost before running: 1 s 941 ms 
[2025-11-21T15:51:47.341] [INFO] debug-file - Finished :entry:default@PackingCheck... after 7 ms 
[2025-11-21T15:51:47.343] [DEBUG] debug-file - Executing task :entry:default@SignHap
[2025-11-21T15:51:47.346] [DEBUG] debug-file - entry:default@SignHap is not up-to-date, since the input file 'C:\Users\34857\DevEcoStudioProjects\GreenGroth\entry\build\default\outputs\default\entry-default-unsigned.hap' has been changed.
[2025-11-21T15:51:47.346] [DEBUG] debug-file - Incremental task entry:default@SignHap pre-execution cost: 3 ms .
[2025-11-21T15:51:47.370] [DEBUG] debug-file - java daemon socket close code:1000 reason:close by user
[2025-11-21T15:51:47.417] [DEBUG] debug-file - java daemon socket received message:{"code":0,"message":"verify profile success"}
[2025-11-21T15:51:47.421] [DEBUG] debug-file - java daemon socket close code:1000 reason:close by user
[2025-11-21T15:51:47.526] [DEBUG] debug-file - java daemon socket received message:{"code":0,"message":"sign app success"}
[2025-11-21T15:51:47.527] [DEBUG] debug-file - entry : default@SignHap cost memory 0.72528076171875
[2025-11-21T15:51:47.528] [DEBUG] debug-file - runTaskFromQueue task cost before running: 2 s 128 ms 
[2025-11-21T15:51:47.528] [INFO] debug-file - Finished :entry:default@SignHap... after 185 ms 
[2025-11-21T15:51:47.530] [DEBUG] debug-file - Executing task :entry:default@CollectDebugSymbol
[2025-11-21T15:51:47.532] [DEBUG] debug-file - entry : default@CollectDebugSymbol cost memory 0.0990753173828125
[2025-11-21T15:51:47.532] [DEBUG] debug-file - runTaskFromQueue task cost before running: 2 s 133 ms 
[2025-11-21T15:51:47.533] [INFO] debug-file - Finished :entry:default@CollectDebugSymbol... after 3 ms 
[2025-11-21T15:51:47.533] [DEBUG] debug-file - Executing task :entry:assembleHap
[2025-11-21T15:51:47.533] [DEBUG] debug-file - entry : assembleHap cost memory 0.01386260986328125
[2025-11-21T15:51:47.533] [DEBUG] debug-file - runTaskFromQueue task cost before running: 2 s 133 ms 
[2025-11-21T15:51:47.534] [INFO] debug-file - Finished :entry:assembleHap... after 1 ms 
[2025-11-21T15:51:47.543] [INFO] debug-file - BUILD SUCCESSFUL in 2 s 143 ms 
[2025-11-21T15:51:47.543] [DEBUG] debug-file - There is no need to refresh cache, since the incremental task entry:default@PreBuild is up-to-date.
[2025-11-21T15:51:47.544] [DEBUG] debug-file - Update task entry:default@CreateModuleInfo output file:C:\Users\34857\DevEcoStudioProjects\GreenGroth\entry\build\default\generated\profile\default\ModuleInfo.ts cache.
[2025-11-21T15:51:47.544] [DEBUG] debug-file - Incremental task entry:default@CreateModuleInfo post-execution cost:1 ms .
[2025-11-21T15:51:47.544] [DEBUG] debug-file - There is no need to refresh cache, since the incremental task entry:default@GenerateMetadata is up-to-date.
[2025-11-21T15:51:47.545] [DEBUG] debug-file - There is no need to refresh cache, since the incremental task entry:default@MergeProfile is up-to-date.
[2025-11-21T15:51:47.545] [DEBUG] debug-file - There is no need to refresh cache, since the incremental task entry:default@CreateBuildProfile is up-to-date.
[2025-11-21T15:51:47.545] [DEBUG] debug-file - There is no need to refresh cache, since the incremental task entry:default@GeneratePkgContextInfo is up-to-date.
[2025-11-21T15:51:47.545] [DEBUG] debug-file - Update task entry:default@ProcessIntegratedHsp output file:C:\Users\34857\DevEcoStudioProjects\GreenGroth\build\cache\default\integrated_hsp\integratedHspCache.json cache.
[2025-11-21T15:51:47.545] [DEBUG] debug-file - Incremental task entry:default@ProcessIntegratedHsp post-execution cost:1 ms .
[2025-11-21T15:51:47.545] [DEBUG] debug-file - There is no need to refresh cache, since the incremental task entry:default@MakePackInfo is up-to-date.
[2025-11-21T15:51:47.546] [DEBUG] debug-file - Update task entry:default@SyscapTransform input file:C:\Program Files\Huawei\DevEco Studio\sdk\default\openharmony\toolchains\syscap_tool.exe cache by regenerate.
[2025-11-21T15:51:47.546] [DEBUG] debug-file - Update task entry:default@SyscapTransform input file:C:\Program Files\Huawei\DevEco Studio\sdk\default\openharmony\ets\api\device-define cache by regenerate.
[2025-11-21T15:51:47.549] [DEBUG] debug-file - Update task entry:default@SyscapTransform output file:C:\Users\34857\DevEcoStudioProjects\GreenGroth\entry\build\default\intermediates\syscap\default\rpcid.sc cache.
[2025-11-21T15:51:47.549] [DEBUG] debug-file - Incremental task entry:default@SyscapTransform post-execution cost:4 ms .
[2025-11-21T15:51:47.549] [DEBUG] debug-file - There is no need to refresh cache, since the incremental task entry:default@ProcessProfile is up-to-date.
[2025-11-21T15:51:47.549] [DEBUG] debug-file - There is no need to refresh cache, since the incremental task entry:default@ProcessRouterMap is up-to-date.
[2025-11-21T15:51:47.549] [DEBUG] debug-file - There is no need to refresh cache, since the incremental task entry:default@ProcessShareConfig is up-to-date.
[2025-11-21T15:51:47.550] [DEBUG] debug-file - Update task entry:default@ProcessStartupConfig input file:C:\Users\34857\DevEcoStudioProjects\GreenGroth\entry\build\default\intermediates\loader\default\pkgContextInfo.json cache by regenerate.
[2025-11-21T15:51:47.550] [DEBUG] debug-file - Update task entry:default@ProcessStartupConfig output file:C:\Users\34857\DevEcoStudioProjects\GreenGroth\entry\build\default\intermediates\startup\default\startup_config.json cache.
[2025-11-21T15:51:47.551] [DEBUG] debug-file - Incremental task entry:default@ProcessStartupConfig post-execution cost:2 ms .
[2025-11-21T15:51:47.551] [DEBUG] debug-file - There is no need to refresh cache, since the incremental task entry:default@ProcessResource is up-to-date.
[2025-11-21T15:51:47.551] [DEBUG] debug-file - There is no need to refresh cache, since the incremental task entry:default@GenerateLoaderJson is up-to-date.
[2025-11-21T15:51:47.551] [DEBUG] debug-file - There is no need to refresh cache, since the incremental task entry:default@ProcessLibs is up-to-date.
[2025-11-21T15:51:47.551] [DEBUG] debug-file - There is no need to refresh cache, since the incremental task entry:default@CompileResource is up-to-date.
[2025-11-21T15:51:47.551] [DEBUG] debug-file - There is no need to refresh cache, since the incremental task entry:default@DoNativeStrip is up-to-date.
[2025-11-21T15:51:47.555] [DEBUG] debug-file - Update task entry:default@CompileArkTS input file:C:\Users\34857\DevEcoStudioProjects\GreenGroth\entry\build\default\intermediates\loader\default cache by regenerate.
[2025-11-21T15:51:47.556] [DEBUG] debug-file - Update task entry:default@CompileArkTS input file:C:\Users\34857\DevEcoStudioProjects\GreenGroth\oh_modules\.ohpm\@ohos+axios@2.2.6\oh_modules\@ohos\axios\index.js cache by regenerate.
[2025-11-21T15:51:47.557] [DEBUG] debug-file - Update task entry:default@CompileArkTS input file:C:\Users\34857\DevEcoStudioProjects\GreenGroth\oh_modules\.ohpm\@ohos+axios@2.2.6\oh_modules\@ohos\axios\src\main\ets cache by regenerate.
[2025-11-21T15:51:47.577] [DEBUG] debug-file - Update task entry:default@CompileArkTS input file:C:\Users\34857\DevEcoStudioProjects\GreenGroth\entry\build\default\intermediates\res\default\resources\rawfile cache by regenerate.
[2025-11-21T15:51:47.578] [DEBUG] debug-file - Update task entry:default@CompileArkTS input file:C:\Users\34857\DevEcoStudioProjects\GreenGroth\entry\build\default\intermediates\res\default\ResourceTable.txt cache by regenerate.
[2025-11-21T15:51:47.578] [DEBUG] debug-file - Update task entry:default@CompileArkTS input file:C:\Users\34857\DevEcoStudioProjects\GreenGroth\entry\build\default\intermediates\res\default\ark_module.json cache by regenerate.
[2025-11-21T15:51:47.579] [DEBUG] debug-file - Update task entry:default@CompileArkTS input file:C:\Users\34857\DevEcoStudioProjects\GreenGroth\entry\build\default\intermediates\res\default\resources\base\profile cache by regenerate.
[2025-11-21T15:51:47.580] [DEBUG] debug-file - Update task entry:default@CompileArkTS input file:C:\Users\34857\DevEcoStudioProjects\GreenGroth\entry\src\main\ets cache from map.
[2025-11-21T15:51:47.580] [DEBUG] debug-file - Update task entry:default@CompileArkTS input file:C:\Users\34857\DevEcoStudioProjects\GreenGroth\entry\build\default\intermediates\loader\default\pkgContextInfo.json cache by regenerate.
[2025-11-21T15:51:47.580] [DEBUG] debug-file - Update task entry:default@CompileArkTS input file:C:\Users\34857\DevEcoStudioProjects\GreenGroth\entry\build\default\generated\profile\default\BuildProfile.ets cache by regenerate.
[2025-11-21T15:51:47.581] [DEBUG] debug-file - Update task entry:default@CompileArkTS input file:C:\Users\34857\DevEcoStudioProjects\GreenGroth\entry\src\mock\mock-config.json5 cache by regenerate.
[2025-11-21T15:51:47.581] [DEBUG] debug-file - Update task entry:default@CompileArkTS output file:C:\Users\34857\DevEcoStudioProjects\GreenGroth\entry\build\default\intermediates\loader_out\default\ets cache.
[2025-11-21T15:51:47.582] [DEBUG] debug-file - Incremental task entry:default@CompileArkTS post-execution cost:31 ms .
[2025-11-21T15:51:47.584] [DEBUG] debug-file - Update task entry:default@BuildJS input file:C:\Users\34857\DevEcoStudioProjects\GreenGroth\entry\build\default\intermediates\loader\default cache by regenerate.
[2025-11-21T15:51:47.585] [DEBUG] debug-file - Update task entry:default@BuildJS input file:C:\Users\34857\DevEcoStudioProjects\GreenGroth\oh_modules\.ohpm\@ohos+axios@2.2.6\oh_modules\@ohos\axios\index.js cache by regenerate.
[2025-11-21T15:51:47.585] [DEBUG] debug-file - Update task entry:default@BuildJS input file:C:\Users\34857\DevEcoStudioProjects\GreenGroth\entry\build\default\intermediates\res\default\resources\rawfile cache by regenerate.
[2025-11-21T15:51:47.586] [DEBUG] debug-file - Update task entry:default@BuildJS input file:C:\Users\34857\DevEcoStudioProjects\GreenGroth\entry\build\default\intermediates\res\default\ResourceTable.txt cache by regenerate.
[2025-11-21T15:51:47.586] [DEBUG] debug-file - Update task entry:default@BuildJS input file:C:\Users\34857\DevEcoStudioProjects\GreenGroth\entry\build\default\intermediates\res\default\ark_module.json cache by regenerate.
[2025-11-21T15:51:47.587] [DEBUG] debug-file - Update task entry:default@BuildJS input file:C:\Users\34857\DevEcoStudioProjects\GreenGroth\entry\build\default\intermediates\res\default\resources\base\profile cache by regenerate.
[2025-11-21T15:51:47.588] [DEBUG] debug-file - Update task entry:default@BuildJS input file:C:\Users\34857\DevEcoStudioProjects\GreenGroth\entry\build\default\intermediates\loader\default\pkgContextInfo.json cache by regenerate.
[2025-11-21T15:51:47.588] [DEBUG] debug-file - Update task entry:default@BuildJS output file:C:\Users\34857\DevEcoStudioProjects\GreenGroth\entry\build\default\intermediates\loader_out\default\js cache.
[2025-11-21T15:51:47.588] [DEBUG] debug-file - Incremental task entry:default@BuildJS post-execution cost:7 ms .
[2025-11-21T15:51:47.588] [DEBUG] debug-file - There is no need to refresh cache, since the incremental task entry:default@CacheNativeLibs is up-to-date.
[2025-11-21T15:51:47.589] [DEBUG] debug-file - There is no need to refresh cache, since the incremental task entry:default@GeneratePkgModuleJson is up-to-date.
[2025-11-21T15:51:47.589] [DEBUG] debug-file - Incremental task entry:default@ProcessCompiledResources post-execution cost:1 ms .
[2025-11-21T15:51:47.590] [DEBUG] debug-file - Update task entry:default@PackageHap input file:C:\Users\34857\DevEcoStudioProjects\GreenGroth\entry\build\default\intermediates\stripped_native_libs\default cache by regenerate.
[2025-11-21T15:51:47.590] [DEBUG] debug-file - Update task entry:default@PackageHap input file:C:\Users\34857\DevEcoStudioProjects\GreenGroth\entry\build\default\intermediates\res\default\module.json cache by regenerate.
[2025-11-21T15:51:47.591] [DEBUG] debug-file - Update task entry:default@PackageHap input file:C:\Users\34857\DevEcoStudioProjects\GreenGroth\entry\build\default\intermediates\res\default\resources cache by regenerate.
[2025-11-21T15:51:47.595] [DEBUG] debug-file - Update task entry:default@PackageHap input file:C:\Users\34857\DevEcoStudioProjects\GreenGroth\entry\build\default\intermediates\res\default\resources.index cache by regenerate.
[2025-11-21T15:51:47.595] [DEBUG] debug-file - Update task entry:default@PackageHap input file:C:\Users\34857\DevEcoStudioProjects\GreenGroth\entry\build\default\outputs\default\pack.info cache by regenerate.
[2025-11-21T15:51:47.596] [DEBUG] debug-file - Update task entry:default@PackageHap input file:C:\Users\34857\DevEcoStudioProjects\GreenGroth\entry\build\default\intermediates\loader_out\default\ets cache from map.
[2025-11-21T15:51:47.596] [DEBUG] debug-file - Update task entry:default@PackageHap input file:C:\Users\34857\DevEcoStudioProjects\GreenGroth\entry\build\default\intermediates\loader\default\pkgContextInfo.json cache by regenerate.
[2025-11-21T15:51:47.596] [DEBUG] debug-file - Update task entry:default@PackageHap input file:C:\Users\34857\DevEcoStudioProjects\GreenGroth\entry\build\default\intermediates\loader_out\default\ets\sourceMaps.map cache by regenerate.
[2025-11-21T15:51:47.597] [DEBUG] debug-file - Update task entry:default@PackageHap input file:C:\Users\34857\DevEcoStudioProjects\GreenGroth\entry\build\default\generated\profile\default\BuildProfile.ets cache by regenerate.
[2025-11-21T15:51:47.597] [DEBUG] debug-file - Update task entry:default@PackageHap output file:C:\Users\34857\DevEcoStudioProjects\GreenGroth\entry\build\default\outputs\default\entry-default-unsigned.hap cache.
[2025-11-21T15:51:47.597] [DEBUG] debug-file - Update task entry:default@PackageHap output file:C:\Users\34857\DevEcoStudioProjects\GreenGroth\entry\build\default\intermediates\source_map\default\sourceMaps.map cache.
[2025-11-21T15:51:47.598] [DEBUG] debug-file - Update task entry:default@PackageHap output file:C:\Users\34857\DevEcoStudioProjects\GreenGroth\entry\build\default\outputs\default\mapping\sourceMaps.map cache.
[2025-11-21T15:51:47.598] [DEBUG] debug-file - Incremental task entry:default@PackageHap post-execution cost:10 ms .
[2025-11-21T15:51:47.598] [DEBUG] debug-file - Update task entry:default@SignHap input file:C:\Users\34857\.ohos\config\default_GreenGroth_2zkMoGRQ23T0hwfrix4UQ-P3d7ce_fX4DJwYQf7UnIw=.cer cache by regenerate.
[2025-11-21T15:51:47.599] [DEBUG] debug-file - Update task entry:default@SignHap input file:C:\Users\34857\.ohos\config\default_GreenGroth_2zkMoGRQ23T0hwfrix4UQ-P3d7ce_fX4DJwYQf7UnIw=.p7b cache by regenerate.
[2025-11-21T15:51:47.599] [DEBUG] debug-file - Update task entry:default@SignHap input file:C:\Users\34857\.ohos\config\default_GreenGroth_2zkMoGRQ23T0hwfrix4UQ-P3d7ce_fX4DJwYQf7UnIw=.p12 cache by regenerate.
[2025-11-21T15:51:47.599] [DEBUG] debug-file - Update task entry:default@SignHap input file:C:\Users\34857\DevEcoStudioProjects\GreenGroth\entry\build\default\outputs\default\entry-default-unsigned.hap cache from map.
[2025-11-21T15:51:47.600] [DEBUG] debug-file - Update task entry:default@SignHap output file:C:\Users\34857\DevEcoStudioProjects\GreenGroth\entry\build\default\outputs\default\entry-default-signed.hap cache.
[2025-11-21T15:51:47.600] [DEBUG] debug-file - Incremental task entry:default@SignHap post-execution cost:2 ms .
[2025-11-21T15:51:47.601] [DEBUG] debug-file - Update task entry:default@CollectDebugSymbol input file:C:\Users\34857\DevEcoStudioProjects\GreenGroth\entry\build\default\intermediates\loader_out\default\ets\sourceMaps.map cache by regenerate.
[2025-11-21T15:51:47.601] [DEBUG] debug-file - Update task entry:default@CollectDebugSymbol input file:C:\Users\34857\DevEcoStudioProjects\GreenGroth\entry\build\default\intermediates\libs\default cache by regenerate.
[2025-11-21T15:51:47.601] [DEBUG] debug-file - Update task entry:default@CollectDebugSymbol output file:C:\Users\34857\DevEcoStudioProjects\GreenGroth\entry\build\default\outputs\default\symbol cache.
[2025-11-21T15:51:47.602] [DEBUG] debug-file - Incremental task entry:default@CollectDebugSymbol post-execution cost:2 ms .
[2025-11-21T15:51:47.624] [DEBUG] debug-file - hvigor build process will be closed.
[2025-11-21T15:51:47.624] [DEBUG] debug-file - java daemon socket close code:1000 reason:close by user
[2025-11-21T15:51:47.632] [DEBUG] debug-file - session manager: send message to worker process.
[2025-11-21T15:51:47.633] [DEBUG] debug-file - session manager: send message to worker process.
[2025-11-21T15:51:47.633] [DEBUG] debug-file - watch worker: worker id should be larger than 0. Nothing will be sent to any worker thread.
[2025-11-21T15:51:47.633] [DEBUG] debug-file - watch worker: worker id should be larger than 0. Nothing will be sent to any worker thread.
[2025-11-21T16:03:59.290] [DEBUG] debug-file - session manager: set active socket. socketId=MHZWSY0v83hFW6l_AAAT
[2025-11-21T16:03:59.298] [DEBUG] debug-file - watch worker: worker id should be larger than 0. Nothing will be sent to any worker thread.
[2025-11-21T16:03:59.306] [DEBUG] debug-file - Hvigor init with startParameters:{
  hvigorfileTypeCheck: false,
  parallelExecution: true,
  incrementalExecution: true,
  printStackTrace: false,
  daemon: true,
  analyze: 0,
  logLevel: Level { level: 20000, levelStr: 'INFO', colour: 'green' },
  optimizationStrategy: 'memory',
  hotCompile: undefined,
  hotReloadBuild: undefined
}
[2025-11-21T16:03:59.310] [DEBUG] debug-file - Cache service initialization finished in 5 ms 
[2025-11-21T16:03:59.311] [DEBUG] debug-file - hvigorfile, resolving C:\Users\34857\DevEcoStudioProjects\GreenGroth\hvigorfile.ts
[2025-11-21T16:03:59.317] [DEBUG] debug-file - hvigorfile, require result:  { default: { plugins: [] } }
[2025-11-21T16:03:59.317] [DEBUG] debug-file - hvigorfile, binding system plugins null
[2025-11-21T16:03:59.324] [DEBUG] debug-file - Start initialize project's product build option map with build mode debug.
[2025-11-21T16:03:59.324] [DEBUG] debug-file - Picking option from product 'default' with build mode 'debug'.
[2025-11-21T16:03:59.324] [DEBUG] debug-file - Product 'default' build option initialized
[2025-11-21T16:03:59.324] [DEBUG] debug-file - End initialize project's product build option map with build mode 'debug'.
[2025-11-21T16:03:59.326] [DEBUG] debug-file - Obtain build option for product 'default'in this build.
[2025-11-21T16:03:59.330] [DEBUG] debug-file - C:\Users\34857\DevEcoStudioProjects\GreenGroth\build\cache\default\remote_hsp\remoteHspCache.json not exists.
[2025-11-21T16:03:59.335] [DEBUG] debug-file - Start recording SDK configuration permission data.
[2025-11-21T16:03:59.363] [DEBUG] debug-file - Sdk init in 32 ms 
[2025-11-21T16:03:59.366] [DEBUG] debug-file - Project task initialization takes 3 ms 
[2025-11-21T16:03:59.367] [DEBUG] debug-file - hvigorfile, binding custom plugins []
[2025-11-21T16:03:59.367] [DEBUG] debug-file - hvigorfile, no custom plugins were found in C:\Users\34857\DevEcoStudioProjects\GreenGroth\hvigorfile.ts
[2025-11-21T16:03:59.367] [DEBUG] debug-file - hvigorfile, resolve finished C:\Users\34857\DevEcoStudioProjects\GreenGroth\hvigorfile.ts
[2025-11-21T16:03:59.367] [DEBUG] debug-file - hvigorfile, resolving C:\Users\34857\DevEcoStudioProjects\GreenGroth\entry\hvigorfile.ts
[2025-11-21T16:03:59.370] [DEBUG] debug-file - hvigorfile, require result:  { default: { plugins: [] } }
[2025-11-21T16:03:59.370] [DEBUG] debug-file - hvigorfile, binding system plugins null
[2025-11-21T16:03:59.372] [DEBUG] debug-file - failed to load cangjie to dynamically generate schemas: Error: Cannot find module '@ohos/cangjie-build-support/index'
Require stack:
- C:\Program Files\Huawei\DevEco Studio\tools\hvigor\hvigor-ohos-plugin\src\plugin\factory\plugin-factory.js
- C:\Program Files\Huawei\DevEco Studio\tools\hvigor\hvigor-ohos-plugin\index.js
- C:\Users\34857\DevEcoStudioProjects\GreenGroth\hvigorfile.ts
- C:\Program Files\Huawei\DevEco Studio\tools\hvigor\hvigor\src\base\internal\lifecycle\configuration.js
- C:\Program Files\Huawei\DevEco Studio\tools\hvigor\hvigor\src\base\boot\index.js
- C:\Program Files\Huawei\DevEco Studio\tools\hvigor\hvigor\src\base\daemon\cluster\worker-process-lifecycle.js
- C:\Program Files\Huawei\DevEco Studio\tools\hvigor\hvigor\src\base\daemon\process\daemon-process-boot-script.js
[2025-11-21T16:03:59.375] [DEBUG] debug-file - Start initialize module-target build option map, moduleName=entry, buildMode=debug
[2025-11-21T16:03:59.375] [DEBUG] debug-file - Target 'default' config initialized
[2025-11-21T16:03:59.376] [DEBUG] debug-file - Target 'ohosTest' config initialized
[2025-11-21T16:03:59.376] [DEBUG] debug-file - Module 'entry' target 'default' build option initialized
[2025-11-21T16:03:59.376] [DEBUG] debug-file - Module 'entry' target 'ohosTest' build option initialized
[2025-11-21T16:03:59.376] [DEBUG] debug-file - End initialize module-target build option map, moduleName=entry
[2025-11-21T16:03:59.376] [DEBUG] debug-file - Start initialize module-target build option map, moduleName=entry, buildMode=release
[2025-11-21T16:03:59.376] [DEBUG] debug-file - Target 'default' config initialized
[2025-11-21T16:03:59.376] [DEBUG] debug-file - Target 'ohosTest' config initialized
[2025-11-21T16:03:59.377] [DEBUG] debug-file - Module 'entry' target 'default' build option initialized
[2025-11-21T16:03:59.377] [DEBUG] debug-file - Module 'entry' target 'ohosTest' build option initialized
[2025-11-21T16:03:59.377] [DEBUG] debug-file - End initialize module-target build option map, moduleName=entry
[2025-11-21T16:03:59.377] [DEBUG] debug-file - Start initialize module-target build option map, moduleName=entry, buildMode=debug
[2025-11-21T16:03:59.377] [DEBUG] debug-file - Target 'default' config initialized
[2025-11-21T16:03:59.377] [DEBUG] debug-file - Target 'ohosTest' config initialized
[2025-11-21T16:03:59.378] [DEBUG] debug-file - Module 'entry' target 'default' build option initialized
[2025-11-21T16:03:59.378] [DEBUG] debug-file - Module 'entry' target 'ohosTest' build option initialized
[2025-11-21T16:03:59.378] [DEBUG] debug-file - End initialize module-target build option map, moduleName=entry
[2025-11-21T16:03:59.378] [DEBUG] debug-file - Obtain build option for module 'entry' target 'default'in this build.
[2025-11-21T16:03:59.380] [DEBUG] debug-file - Module entry task initialization takes 1 ms 
[2025-11-21T16:03:59.381] [DEBUG] debug-file - hvigorfile, binding custom plugins []
[2025-11-21T16:03:59.381] [DEBUG] debug-file - hvigorfile, no custom plugins were found in C:\Users\34857\DevEcoStudioProjects\GreenGroth\entry\hvigorfile.ts
[2025-11-21T16:03:59.381] [DEBUG] debug-file - hvigorfile, resolve finished C:\Users\34857\DevEcoStudioProjects\GreenGroth\entry\hvigorfile.ts
[2025-11-21T16:03:59.457] [DEBUG] debug-file - hvigorfile, resolve hvigorfile dependencies in 76 ms 
[2025-11-21T16:03:59.457] [DEBUG] debug-file - project has submodules:entry
[2025-11-21T16:03:59.459] [DEBUG] debug-file - start to load updatedOhPackageInfo to the disk
[2025-11-21T16:03:59.468] [DEBUG] debug-file - load to the disk finished
[2025-11-21T16:03:59.469] [DEBUG] debug-file - Start to initialize dependency information.
[2025-11-21T16:03:59.483] [DEBUG] debug-file - Module GreenGroth Collected Dependency: 
[2025-11-21T16:03:59.483] [DEBUG] debug-file - Module GreenGroth's total dependency: 0
[2025-11-21T16:03:59.484] [DEBUG] debug-file - Start to initialize dependency information.
[2025-11-21T16:03:59.496] [DEBUG] debug-file - Module entry Collected Dependency: C:\Users\34857\DevEcoStudioProjects\GreenGroth\oh_modules\.ohpm\@ohos+axios@2.2.6\oh_modules\@ohos\axios
[2025-11-21T16:03:59.496] [DEBUG] debug-file - Module entry's total dependency: 1
[2025-11-21T16:03:59.500] [DEBUG] debug-file - Configuration phase cost:190 ms 
[2025-11-21T16:03:59.502] [DEBUG] debug-file - Configuration task cost before running: 200 ms 
[2025-11-21T16:03:59.513] [DEBUG] debug-file - Executing task :entry:default@PreBuild
[2025-11-21T16:03:59.514] [DEBUG] debug-file - Task 'entry:default@PreBuild' cost while wrapping incremental declarations: 1 ms 
[2025-11-21T16:03:59.535] [DEBUG] debug-file - Incremental task entry:default@PreBuild pre-execution cost: 15 ms .
[2025-11-21T16:03:59.535] [DEBUG] debug-file - entry : default@PreBuild cost memory 0.35446929931640625
[2025-11-21T16:03:59.544] [INFO] debug-file - UP-TO-DATE :entry:default@PreBuild...  
[2025-11-21T16:03:59.545] [DEBUG] debug-file - Executing task :entry:default@CreateModuleInfo
[2025-11-21T16:03:59.546] [DEBUG] debug-file - Task 'entry:default@CreateModuleInfo' cost while wrapping incremental declarations: 1 ms 
[2025-11-21T16:03:59.546] [DEBUG] debug-file - entry : default@CreateModuleInfo cost memory 0.04061126708984375
[2025-11-21T16:03:59.547] [DEBUG] debug-file - runTaskFromQueue task cost before running: 245 ms 
[2025-11-21T16:03:59.547] [INFO] debug-file - Finished :entry:default@CreateModuleInfo... after 2 ms 
[2025-11-21T16:03:59.559] [DEBUG] debug-file - Executing task :entry:default@GenerateMetadata
[2025-11-21T16:03:59.560] [DEBUG] debug-file - Task 'entry:default@GenerateMetadata' cost while wrapping incremental declarations: 1 ms 
[2025-11-21T16:03:59.562] [DEBUG] debug-file - Incremental task entry:default@GenerateMetadata pre-execution cost: 2 ms .
[2025-11-21T16:03:59.562] [DEBUG] debug-file - entry : default@GenerateMetadata cost memory 0.09417724609375
[2025-11-21T16:03:59.563] [INFO] debug-file - UP-TO-DATE :entry:default@GenerateMetadata...  
[2025-11-21T16:03:59.565] [DEBUG] debug-file - Executing task :entry:default@ConfigureCmake
[2025-11-21T16:03:59.565] [DEBUG] debug-file - entry : default@ConfigureCmake cost memory 0.0157318115234375
[2025-11-21T16:03:59.565] [DEBUG] debug-file - runTaskFromQueue task cost before running: 263 ms 
[2025-11-21T16:03:59.565] [INFO] debug-file - Finished :entry:default@ConfigureCmake... after 1 ms 
[2025-11-21T16:03:59.567] [DEBUG] debug-file - Executing task :entry:default@MergeProfile
[2025-11-21T16:03:59.567] [DEBUG] debug-file - Task 'entry:default@MergeProfile' cost while wrapping incremental declarations: 1 ms 
[2025-11-21T16:03:59.574] [DEBUG] debug-file - Incremental task entry:default@MergeProfile pre-execution cost: 6 ms .
[2025-11-21T16:03:59.574] [DEBUG] debug-file - entry : default@MergeProfile cost memory 0.179443359375
[2025-11-21T16:03:59.575] [INFO] debug-file - UP-TO-DATE :entry:default@MergeProfile...  
[2025-11-21T16:03:59.576] [DEBUG] debug-file - Executing task :entry:default@CreateBuildProfile
[2025-11-21T16:03:59.577] [DEBUG] debug-file - Task 'entry:default@CreateBuildProfile' cost while wrapping incremental declarations: 1 ms 
[2025-11-21T16:03:59.578] [DEBUG] debug-file - Incremental task entry:default@CreateBuildProfile pre-execution cost: 2 ms .
[2025-11-21T16:03:59.578] [DEBUG] debug-file - entry : default@CreateBuildProfile cost memory 0.1001434326171875
[2025-11-21T16:03:59.579] [INFO] debug-file - UP-TO-DATE :entry:default@CreateBuildProfile...  
[2025-11-21T16:03:59.580] [DEBUG] debug-file - Executing task :entry:default@PreCheckSyscap
[2025-11-21T16:03:59.580] [DEBUG] debug-file - entry : default@PreCheckSyscap cost memory 0.01590728759765625
[2025-11-21T16:03:59.580] [DEBUG] debug-file - runTaskFromQueue task cost before running: 279 ms 
[2025-11-21T16:03:59.580] [INFO] debug-file - Finished :entry:default@PreCheckSyscap... after 1 ms 
[2025-11-21T16:03:59.582] [DEBUG] debug-file - Executing task :entry:default@GeneratePkgContextInfo
[2025-11-21T16:03:59.588] [DEBUG] debug-file - Task 'entry:default@GeneratePkgContextInfo' cost while wrapping incremental declarations: 1 ms 
[2025-11-21T16:03:59.589] [DEBUG] debug-file - Incremental task entry:default@GeneratePkgContextInfo pre-execution cost: 1 ms .
[2025-11-21T16:03:59.589] [DEBUG] debug-file - entry : default@GeneratePkgContextInfo cost memory 0.31008148193359375
[2025-11-21T16:03:59.589] [INFO] debug-file - UP-TO-DATE :entry:default@GeneratePkgContextInfo...  
[2025-11-21T16:03:59.595] [DEBUG] debug-file - Executing task :entry:default@ProcessIntegratedHsp
[2025-11-21T16:03:59.595] [DEBUG] debug-file - entry:default@ProcessIntegratedHsp is not up-to-date, since the output file 'C:\Users\34857\DevEcoStudioProjects\GreenGroth\build\cache\default\integrated_hsp\integratedHspCache.json' does not exist.
[2025-11-21T16:03:59.595] [DEBUG] debug-file - Incremental task entry:default@ProcessIntegratedHsp pre-execution cost: 1 ms .
[2025-11-21T16:03:59.595] [DEBUG] debug-file - entry : default@ProcessIntegratedHsp cost memory 0.06281280517578125
[2025-11-21T16:03:59.595] [DEBUG] debug-file - runTaskFromQueue task cost before running: 294 ms 
[2025-11-21T16:03:59.596] [INFO] debug-file - Finished :entry:default@ProcessIntegratedHsp... after 1 ms 
[2025-11-21T16:03:59.597] [DEBUG] debug-file - Executing task :entry:default@BuildNativeWithCmake
[2025-11-21T16:03:59.597] [DEBUG] debug-file - entry : default@BuildNativeWithCmake cost memory 0.01673126220703125
[2025-11-21T16:03:59.597] [DEBUG] debug-file - runTaskFromQueue task cost before running: 296 ms 
[2025-11-21T16:03:59.597] [INFO] debug-file - Finished :entry:default@BuildNativeWithCmake... after 1 ms 
[2025-11-21T16:03:59.599] [DEBUG] debug-file - Executing task :entry:default@MakePackInfo
[2025-11-21T16:03:59.603] [DEBUG] debug-file - Incremental task entry:default@MakePackInfo pre-execution cost: 4 ms .
[2025-11-21T16:03:59.603] [DEBUG] debug-file - entry : default@MakePackInfo cost memory 0.134857177734375
[2025-11-21T16:03:59.604] [INFO] debug-file - UP-TO-DATE :entry:default@MakePackInfo...  
[2025-11-21T16:03:59.605] [DEBUG] debug-file - Executing task :entry:default@SyscapTransform
[2025-11-21T16:03:59.605] [DEBUG] debug-file - File: 'C:\Users\34857\DevEcoStudioProjects\GreenGroth\entry\src\main\syscap.json' from 'sysCapJsonPath' is not exists, just ignore.
[2025-11-21T16:03:59.606] [DEBUG] debug-file - Task 'entry:default@SyscapTransform' cost while wrapping incremental declarations: 2 ms 
[2025-11-21T16:03:59.609] [DEBUG] debug-file - entry:default@SyscapTransform is not up-to-date, since the output file 'C:\Users\34857\DevEcoStudioProjects\GreenGroth\entry\build\default\intermediates\syscap\default\rpcid.sc' does not exist.
[2025-11-21T16:03:59.609] [DEBUG] debug-file - Incremental task entry:default@SyscapTransform pre-execution cost: 3 ms .
[2025-11-21T16:03:59.609] [DEBUG] debug-file - entry : default@SyscapTransform cost memory 0.16082763671875
[2025-11-21T16:03:59.609] [DEBUG] debug-file - runTaskFromQueue task cost before running: 307 ms 
[2025-11-21T16:03:59.609] [INFO] debug-file - Finished :entry:default@SyscapTransform... after 5 ms 
[2025-11-21T16:03:59.611] [DEBUG] debug-file - Executing task :entry:default@ProcessProfile
[2025-11-21T16:03:59.612] [DEBUG] debug-file - Task 'entry:default@ProcessProfile' cost while wrapping incremental declarations: 1 ms 
[2025-11-21T16:03:59.613] [DEBUG] debug-file - Incremental task entry:default@ProcessProfile pre-execution cost: 2 ms .
[2025-11-21T16:03:59.613] [DEBUG] debug-file - entry : default@ProcessProfile cost memory 0.1462554931640625
[2025-11-21T16:03:59.613] [INFO] debug-file - UP-TO-DATE :entry:default@ProcessProfile...  
[2025-11-21T16:03:59.614] [DEBUG] debug-file - Executing task :entry:default@ProcessRouterMap
[2025-11-21T16:03:59.619] [DEBUG] debug-file - Incremental task entry:default@ProcessRouterMap pre-execution cost: 4 ms .
[2025-11-21T16:03:59.619] [DEBUG] debug-file - entry : default@ProcessRouterMap cost memory 0.1853485107421875
[2025-11-21T16:03:59.620] [INFO] debug-file - UP-TO-DATE :entry:default@ProcessRouterMap...  
[2025-11-21T16:03:59.621] [DEBUG] debug-file - Executing task :entry:default@ProcessShareConfig
[2025-11-21T16:03:59.625] [DEBUG] debug-file - Incremental task entry:default@ProcessShareConfig pre-execution cost: 4 ms .
[2025-11-21T16:03:59.625] [DEBUG] debug-file - entry : default@ProcessShareConfig cost memory 0.1662445068359375
[2025-11-21T16:03:59.626] [INFO] debug-file - UP-TO-DATE :entry:default@ProcessShareConfig...  
[2025-11-21T16:03:59.627] [DEBUG] debug-file - Executing task :entry:default@ProcessStartupConfig
[2025-11-21T16:03:59.627] [DEBUG] debug-file - Task 'entry:default@ProcessStartupConfig' cost while wrapping incremental declarations: 1 ms 
[2025-11-21T16:03:59.628] [DEBUG] debug-file - entry:default@ProcessStartupConfig is not up-to-date, since the output file 'C:\Users\34857\DevEcoStudioProjects\GreenGroth\entry\build\default\intermediates\startup\default\startup_config.json' does not exist.
[2025-11-21T16:03:59.628] [DEBUG] debug-file - Incremental task entry:default@ProcessStartupConfig pre-execution cost: 2 ms .
[2025-11-21T16:03:59.629] [DEBUG] debug-file - entry : default@ProcessStartupConfig cost memory 0.16597747802734375
[2025-11-21T16:03:59.630] [DEBUG] debug-file - runTaskFromQueue task cost before running: 328 ms 
[2025-11-21T16:03:59.630] [INFO] debug-file - Finished :entry:default@ProcessStartupConfig... after 3 ms 
[2025-11-21T16:03:59.631] [DEBUG] debug-file - Executing task :entry:default@BuildNativeWithNinja
[2025-11-21T16:03:59.632] [DEBUG] debug-file - entry : default@BuildNativeWithNinja cost memory 0.02378082275390625
[2025-11-21T16:03:59.632] [DEBUG] debug-file - runTaskFromQueue task cost before running: 330 ms 
[2025-11-21T16:03:59.633] [INFO] debug-file - Finished :entry:default@BuildNativeWithNinja... after 1 ms 
[2025-11-21T16:03:59.634] [DEBUG] debug-file - restool module names: entry; moduleName=entry, taskName=default@ProcessResource
[2025-11-21T16:03:59.637] [DEBUG] debug-file - Executing task :entry:default@ProcessResource
[2025-11-21T16:03:59.637] [DEBUG] debug-file - Task 'entry:default@ProcessResource' cost while wrapping incremental declarations: 1 ms 
[2025-11-21T16:03:59.639] [DEBUG] debug-file - Incremental task entry:default@ProcessResource pre-execution cost: 2 ms .
[2025-11-21T16:03:59.639] [DEBUG] debug-file - entry : default@ProcessResource cost memory 0.143829345703125
[2025-11-21T16:03:59.642] [INFO] debug-file - UP-TO-DATE :entry:default@ProcessResource...  
[2025-11-21T16:03:59.644] [DEBUG] debug-file - Executing task :entry:default@GenerateLoaderJson
[2025-11-21T16:03:59.648] [DEBUG] debug-file - Task 'entry:default@GenerateLoaderJson' cost while wrapping incremental declarations: 1 ms 
[2025-11-21T16:03:59.670] [DEBUG] debug-file - Incremental task entry:default@GenerateLoaderJson pre-execution cost: 14 ms .
[2025-11-21T16:03:59.670] [DEBUG] debug-file - entry : default@GenerateLoaderJson cost memory -4.259979248046875
[2025-11-21T16:03:59.681] [INFO] debug-file - UP-TO-DATE :entry:default@GenerateLoaderJson...  
[2025-11-21T16:03:59.690] [DEBUG] debug-file - Executing task :entry:default@ProcessLibs
[2025-11-21T16:03:59.700] [DEBUG] debug-file - Incremental task entry:default@ProcessLibs pre-execution cost: 5 ms .
[2025-11-21T16:03:59.701] [DEBUG] debug-file - entry : default@ProcessLibs cost memory 0.28710174560546875
[2025-11-21T16:03:59.702] [INFO] debug-file - UP-TO-DATE :entry:default@ProcessLibs...  
[2025-11-21T16:03:59.704] [DEBUG] debug-file - restool module names: entry; moduleName=entry, taskName=default@CompileResource
[2025-11-21T16:03:59.706] [DEBUG] debug-file - Executing task :entry:default@CompileResource
[2025-11-21T16:03:59.739] [DEBUG] debug-file - Incremental task entry:default@CompileResource pre-execution cost: 31 ms .
[2025-11-21T16:03:59.739] [DEBUG] debug-file - entry : default@CompileResource cost memory 1.1090240478515625
[2025-11-21T16:03:59.741] [INFO] debug-file - UP-TO-DATE :entry:default@CompileResource...  
[2025-11-21T16:03:59.742] [DEBUG] debug-file - Executing task :entry:default@DoNativeStrip
[2025-11-21T16:03:59.743] [DEBUG] debug-file - Task 'entry:default@DoNativeStrip' cost while wrapping incremental declarations: 1 ms 
[2025-11-21T16:03:59.744] [DEBUG] debug-file - Incremental task entry:default@DoNativeStrip pre-execution cost: 2 ms .
[2025-11-21T16:03:59.744] [DEBUG] debug-file - entry : default@DoNativeStrip cost memory 0.086212158203125
[2025-11-21T16:03:59.745] [INFO] debug-file - UP-TO-DATE :entry:default@DoNativeStrip...  
[2025-11-21T16:03:59.747] [DEBUG] debug-file - Executing task :entry:default@CompileArkTS
[2025-11-21T16:03:59.747] [DEBUG] debug-file - obfuscationOptions: undefined
[2025-11-21T16:03:59.793] [DEBUG] debug-file - Incremental task entry:default@CompileArkTS pre-execution cost: 36 ms .
[2025-11-21T16:03:59.794] [DEBUG] debug-file - entry : default@CompileArkTS cost memory 1.724822998046875
[2025-11-21T16:03:59.797] [INFO] debug-file - UP-TO-DATE :entry:default@CompileArkTS...  
[2025-11-21T16:03:59.799] [DEBUG] debug-file - Executing task :entry:default@BuildJS
[2025-11-21T16:03:59.803] [DEBUG] debug-file - entry : default@BuildJS cost memory 0.1490936279296875
[2025-11-21T16:03:59.803] [DEBUG] debug-file - runTaskFromQueue task cost before running: 501 ms 
[2025-11-21T16:03:59.803] [INFO] debug-file - Finished :entry:default@BuildJS... after 5 ms 
[2025-11-21T16:03:59.805] [DEBUG] debug-file - Executing task :entry:default@CacheNativeLibs
[2025-11-21T16:03:59.805] [DEBUG] debug-file - Task 'entry:default@CacheNativeLibs' cost while wrapping incremental declarations: 1 ms 
[2025-11-21T16:03:59.807] [DEBUG] debug-file - Incremental task entry:default@CacheNativeLibs pre-execution cost: 2 ms .
[2025-11-21T16:03:59.807] [DEBUG] debug-file - entry : default@CacheNativeLibs cost memory 0.099639892578125
[2025-11-21T16:03:59.807] [INFO] debug-file - UP-TO-DATE :entry:default@CacheNativeLibs...  
[2025-11-21T16:03:59.808] [DEBUG] debug-file - Executing task :entry:default@GeneratePkgModuleJson
[2025-11-21T16:03:59.809] [DEBUG] debug-file - File: 'C:\Users\34857\DevEcoStudioProjects\GreenGroth\entry\build\default\intermediates\preload\default\preload.json' from 'preloadSoJsonPath' is not exists, just ignore.
[2025-11-21T16:03:59.809] [DEBUG] debug-file - Task 'entry:default@GeneratePkgModuleJson' cost while wrapping incremental declarations: 1 ms 
[2025-11-21T16:03:59.810] [DEBUG] debug-file - Incremental task entry:default@GeneratePkgModuleJson pre-execution cost: 1 ms .
[2025-11-21T16:03:59.810] [DEBUG] debug-file - entry : default@GeneratePkgModuleJson cost memory 0.09420013427734375
[2025-11-21T16:03:59.810] [INFO] debug-file - UP-TO-DATE :entry:default@GeneratePkgModuleJson...  
[2025-11-21T16:03:59.811] [DEBUG] debug-file - Executing task :entry:default@ProcessCompiledResources
[2025-11-21T16:03:59.811] [DEBUG] debug-file - File: 'C:\Users\34857\DevEcoStudioProjects\GreenGroth\entry\build\default\intermediates\preload\default\preload.json' from 'preloadSoJsonPath' is not exists, just ignore.
[2025-11-21T16:03:59.811] [DEBUG] debug-file - Task 'entry:default@ProcessCompiledResources' cost while wrapping incremental declarations: 1 ms 
[2025-11-21T16:03:59.812] [DEBUG] debug-file - entry : default@ProcessCompiledResources cost memory 0.064422607421875
[2025-11-21T16:03:59.812] [DEBUG] debug-file - runTaskFromQueue task cost before running: 510 ms 
[2025-11-21T16:03:59.812] [INFO] debug-file - Finished :entry:default@ProcessCompiledResources... after 1 ms 
[2025-11-21T16:03:59.814] [DEBUG] debug-file - Executing task :entry:default@PackageHap
[2025-11-21T16:03:59.829] [DEBUG] debug-file - Incremental task entry:default@PackageHap pre-execution cost: 14 ms .
[2025-11-21T16:03:59.829] [DEBUG] debug-file - entry : default@PackageHap cost memory 0.49140167236328125
[2025-11-21T16:03:59.831] [INFO] debug-file - UP-TO-DATE :entry:default@PackageHap...  
[2025-11-21T16:03:59.832] [DEBUG] debug-file - Executing task :entry:default@PackingCheck
[2025-11-21T16:03:59.838] [DEBUG] debug-file - entry : default@PackingCheck cost memory 0.347808837890625
[2025-11-21T16:03:59.838] [DEBUG] debug-file - runTaskFromQueue task cost before running: 536 ms 
[2025-11-21T16:03:59.838] [INFO] debug-file - Finished :entry:default@PackingCheck... after 6 ms 
[2025-11-21T16:03:59.840] [DEBUG] debug-file - Executing task :entry:default@SignHap
[2025-11-21T16:03:59.843] [DEBUG] debug-file - Incremental task entry:default@SignHap pre-execution cost: 3 ms .
[2025-11-21T16:03:59.843] [DEBUG] debug-file - entry : default@SignHap cost memory 0.11295318603515625
[2025-11-21T16:03:59.844] [INFO] debug-file - UP-TO-DATE :entry:default@SignHap...  
[2025-11-21T16:03:59.845] [DEBUG] debug-file - Executing task :entry:default@CollectDebugSymbol
[2025-11-21T16:03:59.847] [DEBUG] debug-file - entry : default@CollectDebugSymbol cost memory 0.10638427734375
[2025-11-21T16:03:59.847] [DEBUG] debug-file - runTaskFromQueue task cost before running: 545 ms 
[2025-11-21T16:03:59.847] [INFO] debug-file - Finished :entry:default@CollectDebugSymbol... after 2 ms 
[2025-11-21T16:03:59.847] [DEBUG] debug-file - Executing task :entry:assembleHap
[2025-11-21T16:03:59.847] [DEBUG] debug-file - entry : assembleHap cost memory 0.01381683349609375
[2025-11-21T16:03:59.847] [DEBUG] debug-file - runTaskFromQueue task cost before running: 546 ms 
[2025-11-21T16:03:59.847] [INFO] debug-file - Finished :entry:assembleHap... after 1 ms 
[2025-11-21T16:03:59.855] [INFO] debug-file - BUILD SUCCESSFUL in 553 ms 
[2025-11-21T16:03:59.855] [DEBUG] debug-file - There is no need to refresh cache, since the incremental task entry:default@PreBuild is up-to-date.
[2025-11-21T16:03:59.855] [DEBUG] debug-file - Update task entry:default@CreateModuleInfo output file:C:\Users\34857\DevEcoStudioProjects\GreenGroth\entry\build\default\generated\profile\default\ModuleInfo.ts cache.
[2025-11-21T16:03:59.856] [DEBUG] debug-file - Incremental task entry:default@CreateModuleInfo post-execution cost:1 ms .
[2025-11-21T16:03:59.856] [DEBUG] debug-file - There is no need to refresh cache, since the incremental task entry:default@GenerateMetadata is up-to-date.
[2025-11-21T16:03:59.856] [DEBUG] debug-file - There is no need to refresh cache, since the incremental task entry:default@MergeProfile is up-to-date.
[2025-11-21T16:03:59.856] [DEBUG] debug-file - There is no need to refresh cache, since the incremental task entry:default@CreateBuildProfile is up-to-date.
[2025-11-21T16:03:59.856] [DEBUG] debug-file - There is no need to refresh cache, since the incremental task entry:default@GeneratePkgContextInfo is up-to-date.
[2025-11-21T16:03:59.856] [DEBUG] debug-file - Update task entry:default@ProcessIntegratedHsp output file:C:\Users\34857\DevEcoStudioProjects\GreenGroth\build\cache\default\integrated_hsp\integratedHspCache.json cache.
[2025-11-21T16:03:59.856] [DEBUG] debug-file - Incremental task entry:default@ProcessIntegratedHsp post-execution cost:1 ms .
[2025-11-21T16:03:59.856] [DEBUG] debug-file - There is no need to refresh cache, since the incremental task entry:default@MakePackInfo is up-to-date.
[2025-11-21T16:03:59.856] [DEBUG] debug-file - Update task entry:default@SyscapTransform input file:C:\Program Files\Huawei\DevEco Studio\sdk\default\openharmony\toolchains\syscap_tool.exe cache by regenerate.
[2025-11-21T16:03:59.857] [DEBUG] debug-file - Update task entry:default@SyscapTransform input file:C:\Program Files\Huawei\DevEco Studio\sdk\default\openharmony\ets\api\device-define cache by regenerate.
[2025-11-21T16:03:59.859] [DEBUG] debug-file - Update task entry:default@SyscapTransform output file:C:\Users\34857\DevEcoStudioProjects\GreenGroth\entry\build\default\intermediates\syscap\default\rpcid.sc cache.
[2025-11-21T16:03:59.859] [DEBUG] debug-file - Incremental task entry:default@SyscapTransform post-execution cost:3 ms .
[2025-11-21T16:03:59.859] [DEBUG] debug-file - There is no need to refresh cache, since the incremental task entry:default@ProcessProfile is up-to-date.
[2025-11-21T16:03:59.859] [DEBUG] debug-file - There is no need to refresh cache, since the incremental task entry:default@ProcessRouterMap is up-to-date.
[2025-11-21T16:03:59.859] [DEBUG] debug-file - There is no need to refresh cache, since the incremental task entry:default@ProcessShareConfig is up-to-date.
[2025-11-21T16:03:59.860] [DEBUG] debug-file - Update task entry:default@ProcessStartupConfig input file:C:\Users\34857\DevEcoStudioProjects\GreenGroth\entry\build\default\intermediates\loader\default\pkgContextInfo.json cache by regenerate.
[2025-11-21T16:03:59.860] [DEBUG] debug-file - Update task entry:default@ProcessStartupConfig output file:C:\Users\34857\DevEcoStudioProjects\GreenGroth\entry\build\default\intermediates\startup\default\startup_config.json cache.
[2025-11-21T16:03:59.860] [DEBUG] debug-file - Incremental task entry:default@ProcessStartupConfig post-execution cost:1 ms .
[2025-11-21T16:03:59.860] [DEBUG] debug-file - There is no need to refresh cache, since the incremental task entry:default@ProcessResource is up-to-date.
[2025-11-21T16:03:59.861] [DEBUG] debug-file - There is no need to refresh cache, since the incremental task entry:default@GenerateLoaderJson is up-to-date.
[2025-11-21T16:03:59.861] [DEBUG] debug-file - There is no need to refresh cache, since the incremental task entry:default@ProcessLibs is up-to-date.
[2025-11-21T16:03:59.861] [DEBUG] debug-file - There is no need to refresh cache, since the incremental task entry:default@CompileResource is up-to-date.
[2025-11-21T16:03:59.861] [DEBUG] debug-file - There is no need to refresh cache, since the incremental task entry:default@DoNativeStrip is up-to-date.
[2025-11-21T16:03:59.861] [DEBUG] debug-file - There is no need to refresh cache, since the incremental task entry:default@CompileArkTS is up-to-date.
[2025-11-21T16:03:59.864] [DEBUG] debug-file - Update task entry:default@BuildJS input file:C:\Users\34857\DevEcoStudioProjects\GreenGroth\entry\build\default\intermediates\loader\default cache by regenerate.
[2025-11-21T16:03:59.865] [DEBUG] debug-file - Update task entry:default@BuildJS input file:C:\Users\34857\DevEcoStudioProjects\GreenGroth\oh_modules\.ohpm\@ohos+axios@2.2.6\oh_modules\@ohos\axios\index.js cache by regenerate.
[2025-11-21T16:03:59.866] [DEBUG] debug-file - Update task entry:default@BuildJS input file:C:\Users\34857\DevEcoStudioProjects\GreenGroth\entry\build\default\intermediates\res\default\resources\rawfile cache by regenerate.
[2025-11-21T16:03:59.867] [DEBUG] debug-file - Update task entry:default@BuildJS input file:C:\Users\34857\DevEcoStudioProjects\GreenGroth\entry\build\default\intermediates\res\default\ResourceTable.txt cache by regenerate.
[2025-11-21T16:03:59.867] [DEBUG] debug-file - Update task entry:default@BuildJS input file:C:\Users\34857\DevEcoStudioProjects\GreenGroth\entry\build\default\intermediates\res\default\ark_module.json cache by regenerate.
[2025-11-21T16:03:59.868] [DEBUG] debug-file - Update task entry:default@BuildJS input file:C:\Users\34857\DevEcoStudioProjects\GreenGroth\entry\build\default\intermediates\res\default\resources\base\profile cache by regenerate.
[2025-11-21T16:03:59.869] [DEBUG] debug-file - Update task entry:default@BuildJS input file:C:\Users\34857\DevEcoStudioProjects\GreenGroth\entry\build\default\intermediates\loader\default\pkgContextInfo.json cache by regenerate.
[2025-11-21T16:03:59.869] [DEBUG] debug-file - Update task entry:default@BuildJS output file:C:\Users\34857\DevEcoStudioProjects\GreenGroth\entry\build\default\intermediates\loader_out\default\js cache.
[2025-11-21T16:03:59.870] [DEBUG] debug-file - Incremental task entry:default@BuildJS post-execution cost:9 ms .
[2025-11-21T16:03:59.870] [DEBUG] debug-file - There is no need to refresh cache, since the incremental task entry:default@CacheNativeLibs is up-to-date.
[2025-11-21T16:03:59.870] [DEBUG] debug-file - There is no need to refresh cache, since the incremental task entry:default@GeneratePkgModuleJson is up-to-date.
[2025-11-21T16:03:59.870] [DEBUG] debug-file - Incremental task entry:default@ProcessCompiledResources post-execution cost:1 ms .
[2025-11-21T16:03:59.870] [DEBUG] debug-file - There is no need to refresh cache, since the incremental task entry:default@PackageHap is up-to-date.
[2025-11-21T16:03:59.870] [DEBUG] debug-file - There is no need to refresh cache, since the incremental task entry:default@SignHap is up-to-date.
[2025-11-21T16:03:59.871] [DEBUG] debug-file - Update task entry:default@CollectDebugSymbol input file:C:\Users\34857\DevEcoStudioProjects\GreenGroth\entry\build\default\intermediates\loader_out\default\ets\sourceMaps.map cache by regenerate.
[2025-11-21T16:03:59.871] [DEBUG] debug-file - Update task entry:default@CollectDebugSymbol input file:C:\Users\34857\DevEcoStudioProjects\GreenGroth\entry\build\default\intermediates\libs\default cache by regenerate.
[2025-11-21T16:03:59.872] [DEBUG] debug-file - Update task entry:default@CollectDebugSymbol output file:C:\Users\34857\DevEcoStudioProjects\GreenGroth\entry\build\default\outputs\default\symbol cache.
[2025-11-21T16:03:59.872] [DEBUG] debug-file - Incremental task entry:default@CollectDebugSymbol post-execution cost:2 ms .
[2025-11-21T16:03:59.893] [DEBUG] debug-file - hvigor build process will be closed.
[2025-11-21T16:03:59.904] [DEBUG] debug-file - session manager: send message to worker process.
[2025-11-21T16:03:59.906] [DEBUG] debug-file - session manager: send message to worker process.
[2025-11-21T16:03:59.955] [DEBUG] debug-file - watch worker: worker id should be larger than 0. Nothing will be sent to any worker thread.
[2025-11-21T16:03:59.956] [DEBUG] debug-file - watch worker: worker id should be larger than 0. Nothing will be sent to any worker thread.
[2025-11-21T16:04:18.221] [DEBUG] debug-file - session manager: set active socket. socketId=IVLJczgfmSFQZrqxAAAV
[2025-11-21T16:04:18.230] [DEBUG] debug-file - watch worker: worker id should be larger than 0. Nothing will be sent to any worker thread.
[2025-11-21T16:04:18.237] [DEBUG] debug-file - Hvigor init with startParameters:{
  hvigorfileTypeCheck: false,
  parallelExecution: true,
  incrementalExecution: true,
  printStackTrace: false,
  daemon: true,
  analyze: 0,
  logLevel: Level { level: 20000, levelStr: 'INFO', colour: 'green' },
  optimizationStrategy: 'memory',
  hotCompile: undefined,
  hotReloadBuild: undefined
}
[2025-11-21T16:04:18.240] [DEBUG] debug-file - Cache service initialization finished in 4 ms 
[2025-11-21T16:04:18.241] [DEBUG] debug-file - hvigorfile, resolving C:\Users\34857\DevEcoStudioProjects\GreenGroth\hvigorfile.ts
[2025-11-21T16:04:18.248] [DEBUG] debug-file - hvigorfile, require result:  { default: { plugins: [] } }
[2025-11-21T16:04:18.248] [DEBUG] debug-file - hvigorfile, binding system plugins null
[2025-11-21T16:04:18.255] [DEBUG] debug-file - Start initialize project's product build option map with build mode debug.
[2025-11-21T16:04:18.255] [DEBUG] debug-file - Picking option from product 'default' with build mode 'debug'.
[2025-11-21T16:04:18.255] [DEBUG] debug-file - Product 'default' build option initialized
[2025-11-21T16:04:18.255] [DEBUG] debug-file - End initialize project's product build option map with build mode 'debug'.
[2025-11-21T16:04:18.256] [DEBUG] debug-file - Obtain build option for product 'default'in this build.
[2025-11-21T16:04:18.259] [DEBUG] debug-file - C:\Users\34857\DevEcoStudioProjects\GreenGroth\build\cache\default\remote_hsp\remoteHspCache.json not exists.
[2025-11-21T16:04:18.264] [DEBUG] debug-file - Start recording SDK configuration permission data.
[2025-11-21T16:04:18.294] [DEBUG] debug-file - Sdk init in 34 ms 
[2025-11-21T16:04:18.298] [DEBUG] debug-file - Project task initialization takes 4 ms 
[2025-11-21T16:04:18.299] [DEBUG] debug-file - hvigorfile, binding custom plugins []
[2025-11-21T16:04:18.299] [DEBUG] debug-file - hvigorfile, no custom plugins were found in C:\Users\34857\DevEcoStudioProjects\GreenGroth\hvigorfile.ts
[2025-11-21T16:04:18.299] [DEBUG] debug-file - hvigorfile, resolve finished C:\Users\34857\DevEcoStudioProjects\GreenGroth\hvigorfile.ts
[2025-11-21T16:04:18.299] [DEBUG] debug-file - hvigorfile, resolving C:\Users\34857\DevEcoStudioProjects\GreenGroth\entry\hvigorfile.ts
[2025-11-21T16:04:18.303] [DEBUG] debug-file - hvigorfile, require result:  { default: { plugins: [] } }
[2025-11-21T16:04:18.303] [DEBUG] debug-file - hvigorfile, binding system plugins null
[2025-11-21T16:04:18.305] [DEBUG] debug-file - failed to load cangjie to dynamically generate schemas: Error: Cannot find module '@ohos/cangjie-build-support/index'
Require stack:
- C:\Program Files\Huawei\DevEco Studio\tools\hvigor\hvigor-ohos-plugin\src\plugin\factory\plugin-factory.js
- C:\Program Files\Huawei\DevEco Studio\tools\hvigor\hvigor-ohos-plugin\index.js
- C:\Users\34857\DevEcoStudioProjects\GreenGroth\hvigorfile.ts
- C:\Program Files\Huawei\DevEco Studio\tools\hvigor\hvigor\src\base\internal\lifecycle\configuration.js
- C:\Program Files\Huawei\DevEco Studio\tools\hvigor\hvigor\src\base\boot\index.js
- C:\Program Files\Huawei\DevEco Studio\tools\hvigor\hvigor\src\base\daemon\cluster\worker-process-lifecycle.js
- C:\Program Files\Huawei\DevEco Studio\tools\hvigor\hvigor\src\base\daemon\process\daemon-process-boot-script.js
[2025-11-21T16:04:18.307] [DEBUG] debug-file - Start initialize module-target build option map, moduleName=entry, buildMode=debug
[2025-11-21T16:04:18.307] [DEBUG] debug-file - Target 'default' config initialized
[2025-11-21T16:04:18.308] [DEBUG] debug-file - Target 'ohosTest' config initialized
[2025-11-21T16:04:18.308] [DEBUG] debug-file - Module 'entry' target 'default' build option initialized
[2025-11-21T16:04:18.308] [DEBUG] debug-file - Module 'entry' target 'ohosTest' build option initialized
[2025-11-21T16:04:18.308] [DEBUG] debug-file - End initialize module-target build option map, moduleName=entry
[2025-11-21T16:04:18.308] [DEBUG] debug-file - Start initialize module-target build option map, moduleName=entry, buildMode=release
[2025-11-21T16:04:18.308] [DEBUG] debug-file - Target 'default' config initialized
[2025-11-21T16:04:18.308] [DEBUG] debug-file - Target 'ohosTest' config initialized
[2025-11-21T16:04:18.308] [DEBUG] debug-file - Module 'entry' target 'default' build option initialized
[2025-11-21T16:04:18.308] [DEBUG] debug-file - Module 'entry' target 'ohosTest' build option initialized
[2025-11-21T16:04:18.309] [DEBUG] debug-file - End initialize module-target build option map, moduleName=entry
[2025-11-21T16:04:18.309] [DEBUG] debug-file - Start initialize module-target build option map, moduleName=entry, buildMode=debug
[2025-11-21T16:04:18.309] [DEBUG] debug-file - Target 'default' config initialized
[2025-11-21T16:04:18.309] [DEBUG] debug-file - Target 'ohosTest' config initialized
[2025-11-21T16:04:18.309] [DEBUG] debug-file - Module 'entry' target 'default' build option initialized
[2025-11-21T16:04:18.309] [DEBUG] debug-file - Module 'entry' target 'ohosTest' build option initialized
[2025-11-21T16:04:18.309] [DEBUG] debug-file - End initialize module-target build option map, moduleName=entry
[2025-11-21T16:04:18.309] [DEBUG] debug-file - Obtain build option for module 'entry' target 'default'in this build.
[2025-11-21T16:04:18.311] [DEBUG] debug-file - Module entry task initialization takes 2 ms 
[2025-11-21T16:04:18.311] [DEBUG] debug-file - hvigorfile, binding custom plugins []
[2025-11-21T16:04:18.311] [DEBUG] debug-file - hvigorfile, no custom plugins were found in C:\Users\34857\DevEcoStudioProjects\GreenGroth\entry\hvigorfile.ts
[2025-11-21T16:04:18.311] [DEBUG] debug-file - hvigorfile, resolve finished C:\Users\34857\DevEcoStudioProjects\GreenGroth\entry\hvigorfile.ts
[2025-11-21T16:04:18.392] [DEBUG] debug-file - hvigorfile, resolve hvigorfile dependencies in 81 ms 
[2025-11-21T16:04:18.393] [DEBUG] debug-file - project has submodules:entry
[2025-11-21T16:04:18.396] [DEBUG] debug-file - start to load updatedOhPackageInfo to the disk
[2025-11-21T16:04:18.405] [DEBUG] debug-file - load to the disk finished
[2025-11-21T16:04:18.407] [DEBUG] debug-file - Start to initialize dependency information.
[2025-11-21T16:04:18.423] [DEBUG] debug-file - Module GreenGroth Collected Dependency: 
[2025-11-21T16:04:18.423] [DEBUG] debug-file - Module GreenGroth's total dependency: 0
[2025-11-21T16:04:18.423] [DEBUG] debug-file - Start to initialize dependency information.
[2025-11-21T16:04:18.439] [DEBUG] debug-file - Module entry Collected Dependency: C:\Users\34857\DevEcoStudioProjects\GreenGroth\oh_modules\.ohpm\@ohos+axios@2.2.6\oh_modules\@ohos\axios
[2025-11-21T16:04:18.439] [DEBUG] debug-file - Module entry's total dependency: 1
[2025-11-21T16:04:18.443] [DEBUG] debug-file - Configuration phase cost:203 ms 
[2025-11-21T16:04:18.444] [DEBUG] debug-file - Configuration task cost before running: 211 ms 
[2025-11-21T16:04:18.453] [DEBUG] debug-file - Executing task :entry:default@PreBuild
[2025-11-21T16:04:18.454] [DEBUG] debug-file - Task 'entry:default@PreBuild' cost while wrapping incremental declarations: 1 ms 
[2025-11-21T16:04:18.476] [DEBUG] debug-file - Incremental task entry:default@PreBuild pre-execution cost: 16 ms .
[2025-11-21T16:04:18.476] [DEBUG] debug-file - entry : default@PreBuild cost memory 0.34993743896484375
[2025-11-21T16:04:18.482] [INFO] debug-file - UP-TO-DATE :entry:default@PreBuild...  
[2025-11-21T16:04:18.484] [DEBUG] debug-file - Executing task :entry:default@CreateModuleInfo
[2025-11-21T16:04:18.484] [DEBUG] debug-file - Task 'entry:default@CreateModuleInfo' cost while wrapping incremental declarations: 1 ms 
[2025-11-21T16:04:18.484] [DEBUG] debug-file - entry : default@CreateModuleInfo cost memory 0.0404510498046875
[2025-11-21T16:04:18.485] [DEBUG] debug-file - runTaskFromQueue task cost before running: 251 ms 
[2025-11-21T16:04:18.485] [INFO] debug-file - Finished :entry:default@CreateModuleInfo... after 1 ms 
[2025-11-21T16:04:18.495] [DEBUG] debug-file - Executing task :entry:default@GenerateMetadata
[2025-11-21T16:04:18.495] [DEBUG] debug-file - Task 'entry:default@GenerateMetadata' cost while wrapping incremental declarations: 1 ms 
[2025-11-21T16:04:18.497] [DEBUG] debug-file - Incremental task entry:default@GenerateMetadata pre-execution cost: 2 ms .
[2025-11-21T16:04:18.498] [DEBUG] debug-file - entry : default@GenerateMetadata cost memory 0.093719482421875
[2025-11-21T16:04:18.498] [INFO] debug-file - UP-TO-DATE :entry:default@GenerateMetadata...  
[2025-11-21T16:04:18.501] [DEBUG] debug-file - Executing task :entry:default@ConfigureCmake
[2025-11-21T16:04:18.502] [DEBUG] debug-file - entry : default@ConfigureCmake cost memory 0.01568603515625
[2025-11-21T16:04:18.502] [DEBUG] debug-file - runTaskFromQueue task cost before running: 268 ms 
[2025-11-21T16:04:18.502] [INFO] debug-file - Finished :entry:default@ConfigureCmake... after 1 ms 
[2025-11-21T16:04:18.504] [DEBUG] debug-file - Executing task :entry:default@MergeProfile
[2025-11-21T16:04:18.505] [DEBUG] debug-file - Task 'entry:default@MergeProfile' cost while wrapping incremental declarations: 1 ms 
[2025-11-21T16:04:18.511] [DEBUG] debug-file - Incremental task entry:default@MergeProfile pre-execution cost: 6 ms .
[2025-11-21T16:04:18.511] [DEBUG] debug-file - entry : default@MergeProfile cost memory 0.1513214111328125
[2025-11-21T16:04:18.512] [INFO] debug-file - UP-TO-DATE :entry:default@MergeProfile...  
[2025-11-21T16:04:18.514] [DEBUG] debug-file - Executing task :entry:default@CreateBuildProfile
[2025-11-21T16:04:18.514] [DEBUG] debug-file - Task 'entry:default@CreateBuildProfile' cost while wrapping incremental declarations: 1 ms 
[2025-11-21T16:04:18.516] [DEBUG] debug-file - Incremental task entry:default@CreateBuildProfile pre-execution cost: 2 ms .
[2025-11-21T16:04:18.516] [DEBUG] debug-file - entry : default@CreateBuildProfile cost memory 0.10079193115234375
[2025-11-21T16:04:18.517] [INFO] debug-file - UP-TO-DATE :entry:default@CreateBuildProfile...  
[2025-11-21T16:04:18.518] [DEBUG] debug-file - Executing task :entry:default@PreCheckSyscap
[2025-11-21T16:04:18.519] [DEBUG] debug-file - entry : default@PreCheckSyscap cost memory 0.01590728759765625
[2025-11-21T16:04:18.519] [DEBUG] debug-file - runTaskFromQueue task cost before running: 285 ms 
[2025-11-21T16:04:18.519] [INFO] debug-file - Finished :entry:default@PreCheckSyscap... after 1 ms 
[2025-11-21T16:04:18.521] [DEBUG] debug-file - Executing task :entry:default@GeneratePkgContextInfo
[2025-11-21T16:04:18.527] [DEBUG] debug-file - Task 'entry:default@GeneratePkgContextInfo' cost while wrapping incremental declarations: 1 ms 
[2025-11-21T16:04:18.528] [DEBUG] debug-file - Incremental task entry:default@GeneratePkgContextInfo pre-execution cost: 1 ms .
[2025-11-21T16:04:18.528] [DEBUG] debug-file - entry : default@GeneratePkgContextInfo cost memory 0.30261993408203125
[2025-11-21T16:04:18.528] [INFO] debug-file - UP-TO-DATE :entry:default@GeneratePkgContextInfo...  
[2025-11-21T16:04:18.534] [DEBUG] debug-file - Executing task :entry:default@ProcessIntegratedHsp
[2025-11-21T16:04:18.535] [DEBUG] debug-file - entry:default@ProcessIntegratedHsp is not up-to-date, since the output file 'C:\Users\34857\DevEcoStudioProjects\GreenGroth\build\cache\default\integrated_hsp\integratedHspCache.json' does not exist.
[2025-11-21T16:04:18.535] [DEBUG] debug-file - Incremental task entry:default@ProcessIntegratedHsp pre-execution cost: 1 ms .
[2025-11-21T16:04:18.535] [DEBUG] debug-file - entry : default@ProcessIntegratedHsp cost memory 0.06247711181640625
[2025-11-21T16:04:18.535] [DEBUG] debug-file - runTaskFromQueue task cost before running: 301 ms 
[2025-11-21T16:04:18.535] [INFO] debug-file - Finished :entry:default@ProcessIntegratedHsp... after 1 ms 
[2025-11-21T16:04:18.536] [DEBUG] debug-file - Executing task :entry:default@BuildNativeWithCmake
[2025-11-21T16:04:18.536] [DEBUG] debug-file - entry : default@BuildNativeWithCmake cost memory 0.01673126220703125
[2025-11-21T16:04:18.536] [DEBUG] debug-file - runTaskFromQueue task cost before running: 303 ms 
[2025-11-21T16:04:18.537] [INFO] debug-file - Finished :entry:default@BuildNativeWithCmake... after 1 ms 
[2025-11-21T16:04:18.538] [DEBUG] debug-file - Executing task :entry:default@MakePackInfo
[2025-11-21T16:04:18.543] [DEBUG] debug-file - Incremental task entry:default@MakePackInfo pre-execution cost: 4 ms .
[2025-11-21T16:04:18.543] [DEBUG] debug-file - entry : default@MakePackInfo cost memory 0.1356048583984375
[2025-11-21T16:04:18.544] [INFO] debug-file - UP-TO-DATE :entry:default@MakePackInfo...  
[2025-11-21T16:04:18.545] [DEBUG] debug-file - Executing task :entry:default@SyscapTransform
[2025-11-21T16:04:18.545] [DEBUG] debug-file - File: 'C:\Users\34857\DevEcoStudioProjects\GreenGroth\entry\src\main\syscap.json' from 'sysCapJsonPath' is not exists, just ignore.
[2025-11-21T16:04:18.547] [DEBUG] debug-file - Task 'entry:default@SyscapTransform' cost while wrapping incremental declarations: 2 ms 
[2025-11-21T16:04:18.549] [DEBUG] debug-file - entry:default@SyscapTransform is not up-to-date, since the output file 'C:\Users\34857\DevEcoStudioProjects\GreenGroth\entry\build\default\intermediates\syscap\default\rpcid.sc' does not exist.
[2025-11-21T16:04:18.549] [DEBUG] debug-file - Incremental task entry:default@SyscapTransform pre-execution cost: 3 ms .
[2025-11-21T16:04:18.550] [DEBUG] debug-file - entry : default@SyscapTransform cost memory 0.16033172607421875
[2025-11-21T16:04:18.550] [DEBUG] debug-file - runTaskFromQueue task cost before running: 316 ms 
[2025-11-21T16:04:18.550] [INFO] debug-file - Finished :entry:default@SyscapTransform... after 5 ms 
[2025-11-21T16:04:18.552] [DEBUG] debug-file - Executing task :entry:default@ProcessProfile
[2025-11-21T16:04:18.553] [DEBUG] debug-file - Task 'entry:default@ProcessProfile' cost while wrapping incremental declarations: 1 ms 
[2025-11-21T16:04:18.555] [DEBUG] debug-file - Incremental task entry:default@ProcessProfile pre-execution cost: 2 ms .
[2025-11-21T16:04:18.555] [DEBUG] debug-file - entry : default@ProcessProfile cost memory 0.1457366943359375
[2025-11-21T16:04:18.555] [INFO] debug-file - UP-TO-DATE :entry:default@ProcessProfile...  
[2025-11-21T16:04:18.556] [DEBUG] debug-file - Executing task :entry:default@ProcessRouterMap
[2025-11-21T16:04:18.563] [DEBUG] debug-file - Incremental task entry:default@ProcessRouterMap pre-execution cost: 6 ms .
[2025-11-21T16:04:18.563] [DEBUG] debug-file - entry : default@ProcessRouterMap cost memory 0.18526458740234375
[2025-11-21T16:04:18.564] [INFO] debug-file - UP-TO-DATE :entry:default@ProcessRouterMap...  
[2025-11-21T16:04:18.566] [DEBUG] debug-file - Executing task :entry:default@ProcessShareConfig
[2025-11-21T16:04:18.571] [DEBUG] debug-file - Incremental task entry:default@ProcessShareConfig pre-execution cost: 5 ms .
[2025-11-21T16:04:18.571] [DEBUG] debug-file - entry : default@ProcessShareConfig cost memory 0.16607666015625
[2025-11-21T16:04:18.572] [INFO] debug-file - UP-TO-DATE :entry:default@ProcessShareConfig...  
[2025-11-21T16:04:18.574] [DEBUG] debug-file - Executing task :entry:default@ProcessStartupConfig
[2025-11-21T16:04:18.574] [DEBUG] debug-file - Task 'entry:default@ProcessStartupConfig' cost while wrapping incremental declarations: 1 ms 
[2025-11-21T16:04:18.575] [DEBUG] debug-file - entry:default@ProcessStartupConfig is not up-to-date, since the output file 'C:\Users\34857\DevEcoStudioProjects\GreenGroth\entry\build\default\intermediates\startup\default\startup_config.json' does not exist.
[2025-11-21T16:04:18.575] [DEBUG] debug-file - Incremental task entry:default@ProcessStartupConfig pre-execution cost: 2 ms .
[2025-11-21T16:04:18.577] [DEBUG] debug-file - entry : default@ProcessStartupConfig cost memory 0.16606903076171875
[2025-11-21T16:04:18.577] [DEBUG] debug-file - runTaskFromQueue task cost before running: 344 ms 
[2025-11-21T16:04:18.578] [INFO] debug-file - Finished :entry:default@ProcessStartupConfig... after 4 ms 
[2025-11-21T16:04:18.579] [DEBUG] debug-file - Executing task :entry:default@BuildNativeWithNinja
[2025-11-21T16:04:18.579] [DEBUG] debug-file - entry : default@BuildNativeWithNinja cost memory 0.02378082275390625
[2025-11-21T16:04:18.580] [DEBUG] debug-file - runTaskFromQueue task cost before running: 346 ms 
[2025-11-21T16:04:18.580] [INFO] debug-file - Finished :entry:default@BuildNativeWithNinja... after 1 ms 
[2025-11-21T16:04:18.582] [DEBUG] debug-file - restool module names: entry; moduleName=entry, taskName=default@ProcessResource
[2025-11-21T16:04:18.585] [DEBUG] debug-file - Executing task :entry:default@ProcessResource
[2025-11-21T16:04:18.585] [DEBUG] debug-file - Task 'entry:default@ProcessResource' cost while wrapping incremental declarations: 1 ms 
[2025-11-21T16:04:18.586] [DEBUG] debug-file - Incremental task entry:default@ProcessResource pre-execution cost: 2 ms .
[2025-11-21T16:04:18.587] [DEBUG] debug-file - entry : default@ProcessResource cost memory 0.1437225341796875
[2025-11-21T16:04:18.589] [INFO] debug-file - UP-TO-DATE :entry:default@ProcessResource...  
[2025-11-21T16:04:18.592] [DEBUG] debug-file - Executing task :entry:default@GenerateLoaderJson
[2025-11-21T16:04:18.593] [DEBUG] debug-file - Task 'entry:default@GenerateLoaderJson' cost while wrapping incremental declarations: 1 ms 
[2025-11-21T16:04:18.612] [DEBUG] debug-file - Incremental task entry:default@GenerateLoaderJson pre-execution cost: 13 ms .
[2025-11-21T16:04:18.612] [DEBUG] debug-file - entry : default@GenerateLoaderJson cost memory -5.8769989013671875
[2025-11-21T16:04:18.618] [INFO] debug-file - UP-TO-DATE :entry:default@GenerateLoaderJson...  
[2025-11-21T16:04:18.619] [DEBUG] debug-file - Executing task :entry:default@ProcessLibs
[2025-11-21T16:04:18.626] [DEBUG] debug-file - Incremental task entry:default@ProcessLibs pre-execution cost: 5 ms .
[2025-11-21T16:04:18.627] [DEBUG] debug-file - entry : default@ProcessLibs cost memory 0.1895751953125
[2025-11-21T16:04:18.628] [INFO] debug-file - UP-TO-DATE :entry:default@ProcessLibs...  
[2025-11-21T16:04:18.630] [DEBUG] debug-file - restool module names: entry; moduleName=entry, taskName=default@CompileResource
[2025-11-21T16:04:18.631] [DEBUG] debug-file - Executing task :entry:default@CompileResource
[2025-11-21T16:04:18.668] [DEBUG] debug-file - Incremental task entry:default@CompileResource pre-execution cost: 36 ms .
[2025-11-21T16:04:18.668] [DEBUG] debug-file - entry : default@CompileResource cost memory 1.089141845703125
[2025-11-21T16:04:18.670] [INFO] debug-file - UP-TO-DATE :entry:default@CompileResource...  
[2025-11-21T16:04:18.672] [DEBUG] debug-file - Executing task :entry:default@DoNativeStrip
[2025-11-21T16:04:18.672] [DEBUG] debug-file - Task 'entry:default@DoNativeStrip' cost while wrapping incremental declarations: 1 ms 
[2025-11-21T16:04:18.674] [DEBUG] debug-file - Incremental task entry:default@DoNativeStrip pre-execution cost: 2 ms .
[2025-11-21T16:04:18.674] [DEBUG] debug-file - entry : default@DoNativeStrip cost memory 0.08411407470703125
[2025-11-21T16:04:18.674] [INFO] debug-file - UP-TO-DATE :entry:default@DoNativeStrip...  
[2025-11-21T16:04:18.676] [DEBUG] debug-file - Executing task :entry:default@CompileArkTS
[2025-11-21T16:04:18.676] [DEBUG] debug-file - obfuscationOptions: undefined
[2025-11-21T16:04:18.733] [DEBUG] debug-file - Incremental task entry:default@CompileArkTS pre-execution cost: 45 ms .
[2025-11-21T16:04:18.733] [DEBUG] debug-file - entry : default@CompileArkTS cost memory 1.676513671875
[2025-11-21T16:04:18.737] [INFO] debug-file - UP-TO-DATE :entry:default@CompileArkTS...  
[2025-11-21T16:04:18.739] [DEBUG] debug-file - Executing task :entry:default@BuildJS
[2025-11-21T16:04:18.746] [DEBUG] debug-file - entry : default@BuildJS cost memory 0.14624786376953125
[2025-11-21T16:04:18.746] [DEBUG] debug-file - runTaskFromQueue task cost before running: 513 ms 
[2025-11-21T16:04:18.746] [INFO] debug-file - Finished :entry:default@BuildJS... after 7 ms 
[2025-11-21T16:04:18.748] [DEBUG] debug-file - Executing task :entry:default@CacheNativeLibs
[2025-11-21T16:04:18.749] [DEBUG] debug-file - Task 'entry:default@CacheNativeLibs' cost while wrapping incremental declarations: 1 ms 
[2025-11-21T16:04:18.751] [DEBUG] debug-file - Incremental task entry:default@CacheNativeLibs pre-execution cost: 3 ms .
[2025-11-21T16:04:18.751] [DEBUG] debug-file - entry : default@CacheNativeLibs cost memory 0.09964752197265625
[2025-11-21T16:04:18.752] [INFO] debug-file - UP-TO-DATE :entry:default@CacheNativeLibs...  
[2025-11-21T16:04:18.753] [DEBUG] debug-file - Executing task :entry:default@GeneratePkgModuleJson
[2025-11-21T16:04:18.753] [DEBUG] debug-file - File: 'C:\Users\34857\DevEcoStudioProjects\GreenGroth\entry\build\default\intermediates\preload\default\preload.json' from 'preloadSoJsonPath' is not exists, just ignore.
[2025-11-21T16:04:18.754] [DEBUG] debug-file - Task 'entry:default@GeneratePkgModuleJson' cost while wrapping incremental declarations: 1 ms 
[2025-11-21T16:04:18.755] [DEBUG] debug-file - Incremental task entry:default@GeneratePkgModuleJson pre-execution cost: 2 ms .
[2025-11-21T16:04:18.755] [DEBUG] debug-file - entry : default@GeneratePkgModuleJson cost memory 0.0949249267578125
[2025-11-21T16:04:18.755] [INFO] debug-file - UP-TO-DATE :entry:default@GeneratePkgModuleJson...  
[2025-11-21T16:04:18.757] [DEBUG] debug-file - Executing task :entry:default@ProcessCompiledResources
[2025-11-21T16:04:18.757] [DEBUG] debug-file - File: 'C:\Users\34857\DevEcoStudioProjects\GreenGroth\entry\build\default\intermediates\preload\default\preload.json' from 'preloadSoJsonPath' is not exists, just ignore.
[2025-11-21T16:04:18.757] [DEBUG] debug-file - Task 'entry:default@ProcessCompiledResources' cost while wrapping incremental declarations: 1 ms 
[2025-11-21T16:04:18.757] [DEBUG] debug-file - entry : default@ProcessCompiledResources cost memory 0.064422607421875
[2025-11-21T16:04:18.758] [DEBUG] debug-file - runTaskFromQueue task cost before running: 524 ms 
[2025-11-21T16:04:18.758] [INFO] debug-file - Finished :entry:default@ProcessCompiledResources... after 1 ms 
[2025-11-21T16:04:18.761] [DEBUG] debug-file - Executing task :entry:default@PackageHap
[2025-11-21T16:04:18.779] [DEBUG] debug-file - Incremental task entry:default@PackageHap pre-execution cost: 17 ms .
[2025-11-21T16:04:18.779] [DEBUG] debug-file - entry : default@PackageHap cost memory 0.49169158935546875
[2025-11-21T16:04:18.781] [INFO] debug-file - UP-TO-DATE :entry:default@PackageHap...  
[2025-11-21T16:04:18.783] [DEBUG] debug-file - Executing task :entry:default@PackingCheck
[2025-11-21T16:04:18.792] [DEBUG] debug-file - entry : default@PackingCheck cost memory 0.3390350341796875
[2025-11-21T16:04:18.792] [DEBUG] debug-file - runTaskFromQueue task cost before running: 558 ms 
[2025-11-21T16:04:18.793] [INFO] debug-file - Finished :entry:default@PackingCheck... after 10 ms 
[2025-11-21T16:04:18.795] [DEBUG] debug-file - Executing task :entry:default@SignHap
[2025-11-21T16:04:18.799] [DEBUG] debug-file - Incremental task entry:default@SignHap pre-execution cost: 4 ms .
[2025-11-21T16:04:18.799] [DEBUG] debug-file - entry : default@SignHap cost memory 0.112701416015625
[2025-11-21T16:04:18.800] [INFO] debug-file - UP-TO-DATE :entry:default@SignHap...  
[2025-11-21T16:04:18.802] [DEBUG] debug-file - Executing task :entry:default@CollectDebugSymbol
[2025-11-21T16:04:18.804] [DEBUG] debug-file - entry : default@CollectDebugSymbol cost memory 0.09912872314453125
[2025-11-21T16:04:18.804] [DEBUG] debug-file - runTaskFromQueue task cost before running: 571 ms 
[2025-11-21T16:04:18.805] [INFO] debug-file - Finished :entry:default@CollectDebugSymbol... after 3 ms 
[2025-11-21T16:04:18.805] [DEBUG] debug-file - Executing task :entry:assembleHap
[2025-11-21T16:04:18.805] [DEBUG] debug-file - entry : assembleHap cost memory 0.01381683349609375
[2025-11-21T16:04:18.805] [DEBUG] debug-file - runTaskFromQueue task cost before running: 572 ms 
[2025-11-21T16:04:18.805] [INFO] debug-file - Finished :entry:assembleHap... after 1 ms 
[2025-11-21T16:04:18.816] [INFO] debug-file - BUILD SUCCESSFUL in 582 ms 
[2025-11-21T16:04:18.816] [DEBUG] debug-file - There is no need to refresh cache, since the incremental task entry:default@PreBuild is up-to-date.
[2025-11-21T16:04:18.816] [DEBUG] debug-file - Update task entry:default@CreateModuleInfo output file:C:\Users\34857\DevEcoStudioProjects\GreenGroth\entry\build\default\generated\profile\default\ModuleInfo.ts cache.
[2025-11-21T16:04:18.817] [DEBUG] debug-file - Incremental task entry:default@CreateModuleInfo post-execution cost:1 ms .
[2025-11-21T16:04:18.817] [DEBUG] debug-file - There is no need to refresh cache, since the incremental task entry:default@GenerateMetadata is up-to-date.
[2025-11-21T16:04:18.817] [DEBUG] debug-file - There is no need to refresh cache, since the incremental task entry:default@MergeProfile is up-to-date.
[2025-11-21T16:04:18.817] [DEBUG] debug-file - There is no need to refresh cache, since the incremental task entry:default@CreateBuildProfile is up-to-date.
[2025-11-21T16:04:18.817] [DEBUG] debug-file - There is no need to refresh cache, since the incremental task entry:default@GeneratePkgContextInfo is up-to-date.
[2025-11-21T16:04:18.817] [DEBUG] debug-file - Update task entry:default@ProcessIntegratedHsp output file:C:\Users\34857\DevEcoStudioProjects\GreenGroth\build\cache\default\integrated_hsp\integratedHspCache.json cache.
[2025-11-21T16:04:18.818] [DEBUG] debug-file - Incremental task entry:default@ProcessIntegratedHsp post-execution cost:1 ms .
[2025-11-21T16:04:18.818] [DEBUG] debug-file - There is no need to refresh cache, since the incremental task entry:default@MakePackInfo is up-to-date.
[2025-11-21T16:04:18.818] [DEBUG] debug-file - Update task entry:default@SyscapTransform input file:C:\Program Files\Huawei\DevEco Studio\sdk\default\openharmony\toolchains\syscap_tool.exe cache by regenerate.
[2025-11-21T16:04:18.818] [DEBUG] debug-file - Update task entry:default@SyscapTransform input file:C:\Program Files\Huawei\DevEco Studio\sdk\default\openharmony\ets\api\device-define cache by regenerate.
[2025-11-21T16:04:18.821] [DEBUG] debug-file - Update task entry:default@SyscapTransform output file:C:\Users\34857\DevEcoStudioProjects\GreenGroth\entry\build\default\intermediates\syscap\default\rpcid.sc cache.
[2025-11-21T16:04:18.822] [DEBUG] debug-file - Incremental task entry:default@SyscapTransform post-execution cost:4 ms .
[2025-11-21T16:04:18.822] [DEBUG] debug-file - There is no need to refresh cache, since the incremental task entry:default@ProcessProfile is up-to-date.
[2025-11-21T16:04:18.822] [DEBUG] debug-file - There is no need to refresh cache, since the incremental task entry:default@ProcessRouterMap is up-to-date.
[2025-11-21T16:04:18.822] [DEBUG] debug-file - There is no need to refresh cache, since the incremental task entry:default@ProcessShareConfig is up-to-date.
[2025-11-21T16:04:18.822] [DEBUG] debug-file - Update task entry:default@ProcessStartupConfig input file:C:\Users\34857\DevEcoStudioProjects\GreenGroth\entry\build\default\intermediates\loader\default\pkgContextInfo.json cache by regenerate.
[2025-11-21T16:04:18.823] [DEBUG] debug-file - Update task entry:default@ProcessStartupConfig output file:C:\Users\34857\DevEcoStudioProjects\GreenGroth\entry\build\default\intermediates\startup\default\startup_config.json cache.
[2025-11-21T16:04:18.823] [DEBUG] debug-file - Incremental task entry:default@ProcessStartupConfig post-execution cost:2 ms .
[2025-11-21T16:04:18.823] [DEBUG] debug-file - There is no need to refresh cache, since the incremental task entry:default@ProcessResource is up-to-date.
[2025-11-21T16:04:18.823] [DEBUG] debug-file - There is no need to refresh cache, since the incremental task entry:default@GenerateLoaderJson is up-to-date.
[2025-11-21T16:04:18.823] [DEBUG] debug-file - There is no need to refresh cache, since the incremental task entry:default@ProcessLibs is up-to-date.
[2025-11-21T16:04:18.824] [DEBUG] debug-file - There is no need to refresh cache, since the incremental task entry:default@CompileResource is up-to-date.
[2025-11-21T16:04:18.824] [DEBUG] debug-file - There is no need to refresh cache, since the incremental task entry:default@DoNativeStrip is up-to-date.
[2025-11-21T16:04:18.824] [DEBUG] debug-file - There is no need to refresh cache, since the incremental task entry:default@CompileArkTS is up-to-date.
[2025-11-21T16:04:18.827] [DEBUG] debug-file - Update task entry:default@BuildJS input file:C:\Users\34857\DevEcoStudioProjects\GreenGroth\entry\build\default\intermediates\loader\default cache by regenerate.
[2025-11-21T16:04:18.828] [DEBUG] debug-file - Update task entry:default@BuildJS input file:C:\Users\34857\DevEcoStudioProjects\GreenGroth\oh_modules\.ohpm\@ohos+axios@2.2.6\oh_modules\@ohos\axios\index.js cache by regenerate.
[2025-11-21T16:04:18.829] [DEBUG] debug-file - Update task entry:default@BuildJS input file:C:\Users\34857\DevEcoStudioProjects\GreenGroth\entry\build\default\intermediates\res\default\resources\rawfile cache by regenerate.
[2025-11-21T16:04:18.830] [DEBUG] debug-file - Update task entry:default@BuildJS input file:C:\Users\34857\DevEcoStudioProjects\GreenGroth\entry\build\default\intermediates\res\default\ResourceTable.txt cache by regenerate.
[2025-11-21T16:04:18.831] [DEBUG] debug-file - Update task entry:default@BuildJS input file:C:\Users\34857\DevEcoStudioProjects\GreenGroth\entry\build\default\intermediates\res\default\ark_module.json cache by regenerate.
[2025-11-21T16:04:18.831] [DEBUG] debug-file - Update task entry:default@BuildJS input file:C:\Users\34857\DevEcoStudioProjects\GreenGroth\entry\build\default\intermediates\res\default\resources\base\profile cache by regenerate.
[2025-11-21T16:04:18.833] [DEBUG] debug-file - Update task entry:default@BuildJS input file:C:\Users\34857\DevEcoStudioProjects\GreenGroth\entry\build\default\intermediates\loader\default\pkgContextInfo.json cache by regenerate.
[2025-11-21T16:04:18.833] [DEBUG] debug-file - Update task entry:default@BuildJS output file:C:\Users\34857\DevEcoStudioProjects\GreenGroth\entry\build\default\intermediates\loader_out\default\js cache.
[2025-11-21T16:04:18.834] [DEBUG] debug-file - Incremental task entry:default@BuildJS post-execution cost:10 ms .
[2025-11-21T16:04:18.834] [DEBUG] debug-file - There is no need to refresh cache, since the incremental task entry:default@CacheNativeLibs is up-to-date.
[2025-11-21T16:04:18.834] [DEBUG] debug-file - There is no need to refresh cache, since the incremental task entry:default@GeneratePkgModuleJson is up-to-date.
[2025-11-21T16:04:18.834] [DEBUG] debug-file - Incremental task entry:default@ProcessCompiledResources post-execution cost:1 ms .
[2025-11-21T16:04:18.834] [DEBUG] debug-file - There is no need to refresh cache, since the incremental task entry:default@PackageHap is up-to-date.
[2025-11-21T16:04:18.834] [DEBUG] debug-file - There is no need to refresh cache, since the incremental task entry:default@SignHap is up-to-date.
[2025-11-21T16:04:18.835] [DEBUG] debug-file - Update task entry:default@CollectDebugSymbol input file:C:\Users\34857\DevEcoStudioProjects\GreenGroth\entry\build\default\intermediates\loader_out\default\ets\sourceMaps.map cache by regenerate.
[2025-11-21T16:04:18.836] [DEBUG] debug-file - Update task entry:default@CollectDebugSymbol input file:C:\Users\34857\DevEcoStudioProjects\GreenGroth\entry\build\default\intermediates\libs\default cache by regenerate.
[2025-11-21T16:04:18.836] [DEBUG] debug-file - Update task entry:default@CollectDebugSymbol output file:C:\Users\34857\DevEcoStudioProjects\GreenGroth\entry\build\default\outputs\default\symbol cache.
[2025-11-21T16:04:18.837] [DEBUG] debug-file - Incremental task entry:default@CollectDebugSymbol post-execution cost:3 ms .
[2025-11-21T16:04:18.864] [DEBUG] debug-file - hvigor build process will be closed.
[2025-11-21T16:04:18.875] [DEBUG] debug-file - session manager: send message to worker process.
[2025-11-21T16:04:18.877] [DEBUG] debug-file - session manager: send message to worker process.
[2025-11-21T16:04:18.958] [DEBUG] debug-file - watch worker: worker id should be larger than 0. Nothing will be sent to any worker thread.
[2025-11-21T16:04:18.958] [DEBUG] debug-file - watch worker: worker id should be larger than 0. Nothing will be sent to any worker thread.
[2025-11-21T16:35:19.830] [DEBUG] debug-file - session manager: set active socket. socketId=zQaxRVI5uGls3-mMAAAX
[2025-11-21T16:35:19.838] [DEBUG] debug-file - watch worker: worker id should be larger than 0. Nothing will be sent to any worker thread.
[2025-11-21T16:35:19.848] [DEBUG] debug-file - Hvigor init with startParameters:{
  hvigorfileTypeCheck: false,
  parallelExecution: true,
  incrementalExecution: true,
  printStackTrace: false,
  daemon: true,
  analyze: 0,
  logLevel: Level { level: 20000, levelStr: 'INFO', colour: 'green' },
  optimizationStrategy: 'memory',
  hotCompile: undefined,
  hotReloadBuild: undefined
}
[2025-11-21T16:35:19.855] [DEBUG] debug-file - Cache service initialization finished in 7 ms 
[2025-11-21T16:35:19.856] [DEBUG] debug-file - hvigorfile, resolving C:\Users\34857\DevEcoStudioProjects\GreenGroth\hvigorfile.ts
[2025-11-21T16:35:19.870] [DEBUG] debug-file - hvigorfile, require result:  { default: { plugins: [] } }
[2025-11-21T16:35:19.870] [DEBUG] debug-file - hvigorfile, binding system plugins null
[2025-11-21T16:35:19.878] [DEBUG] debug-file - Start initialize project's product build option map with build mode debug.
[2025-11-21T16:35:19.879] [DEBUG] debug-file - Picking option from product 'default' with build mode 'debug'.
[2025-11-21T16:35:19.879] [DEBUG] debug-file - Product 'default' build option initialized
[2025-11-21T16:35:19.879] [DEBUG] debug-file - End initialize project's product build option map with build mode 'debug'.
[2025-11-21T16:35:19.880] [DEBUG] debug-file - Obtain build option for product 'default'in this build.
[2025-11-21T16:35:19.886] [DEBUG] debug-file - C:\Users\34857\DevEcoStudioProjects\GreenGroth\build\cache\default\remote_hsp\remoteHspCache.json not exists.
[2025-11-21T16:35:19.891] [DEBUG] debug-file - Start recording SDK configuration permission data.
[2025-11-21T16:35:19.920] [DEBUG] debug-file - Sdk init in 34 ms 
[2025-11-21T16:35:19.924] [DEBUG] debug-file - Project task initialization takes 4 ms 
[2025-11-21T16:35:19.924] [DEBUG] debug-file - hvigorfile, binding custom plugins []
[2025-11-21T16:35:19.924] [DEBUG] debug-file - hvigorfile, no custom plugins were found in C:\Users\34857\DevEcoStudioProjects\GreenGroth\hvigorfile.ts
[2025-11-21T16:35:19.924] [DEBUG] debug-file - hvigorfile, resolve finished C:\Users\34857\DevEcoStudioProjects\GreenGroth\hvigorfile.ts
[2025-11-21T16:35:19.925] [DEBUG] debug-file - hvigorfile, resolving C:\Users\34857\DevEcoStudioProjects\GreenGroth\entry\hvigorfile.ts
[2025-11-21T16:35:19.928] [DEBUG] debug-file - hvigorfile, require result:  { default: { plugins: [] } }
[2025-11-21T16:35:19.928] [DEBUG] debug-file - hvigorfile, binding system plugins null
[2025-11-21T16:35:19.930] [DEBUG] debug-file - failed to load cangjie to dynamically generate schemas: Error: Cannot find module '@ohos/cangjie-build-support/index'
Require stack:
- C:\Program Files\Huawei\DevEco Studio\tools\hvigor\hvigor-ohos-plugin\src\plugin\factory\plugin-factory.js
- C:\Program Files\Huawei\DevEco Studio\tools\hvigor\hvigor-ohos-plugin\index.js
- C:\Users\34857\DevEcoStudioProjects\GreenGroth\hvigorfile.ts
- C:\Program Files\Huawei\DevEco Studio\tools\hvigor\hvigor\src\base\internal\lifecycle\configuration.js
- C:\Program Files\Huawei\DevEco Studio\tools\hvigor\hvigor\src\base\boot\index.js
- C:\Program Files\Huawei\DevEco Studio\tools\hvigor\hvigor\src\base\daemon\cluster\worker-process-lifecycle.js
- C:\Program Files\Huawei\DevEco Studio\tools\hvigor\hvigor\src\base\daemon\process\daemon-process-boot-script.js
[2025-11-21T16:35:19.933] [DEBUG] debug-file - Start initialize module-target build option map, moduleName=entry, buildMode=debug
[2025-11-21T16:35:19.933] [DEBUG] debug-file - Target 'default' config initialized
[2025-11-21T16:35:19.933] [DEBUG] debug-file - Target 'ohosTest' config initialized
[2025-11-21T16:35:19.933] [DEBUG] debug-file - Module 'entry' target 'default' build option initialized
[2025-11-21T16:35:19.933] [DEBUG] debug-file - Module 'entry' target 'ohosTest' build option initialized
[2025-11-21T16:35:19.933] [DEBUG] debug-file - End initialize module-target build option map, moduleName=entry
[2025-11-21T16:35:19.933] [DEBUG] debug-file - Start initialize module-target build option map, moduleName=entry, buildMode=release
[2025-11-21T16:35:19.934] [DEBUG] debug-file - Target 'default' config initialized
[2025-11-21T16:35:19.934] [DEBUG] debug-file - Target 'ohosTest' config initialized
[2025-11-21T16:35:19.934] [DEBUG] debug-file - Module 'entry' target 'default' build option initialized
[2025-11-21T16:35:19.934] [DEBUG] debug-file - Module 'entry' target 'ohosTest' build option initialized
[2025-11-21T16:35:19.934] [DEBUG] debug-file - End initialize module-target build option map, moduleName=entry
[2025-11-21T16:35:19.934] [DEBUG] debug-file - Start initialize module-target build option map, moduleName=entry, buildMode=debug
[2025-11-21T16:35:19.934] [DEBUG] debug-file - Target 'default' config initialized
[2025-11-21T16:35:19.935] [DEBUG] debug-file - Target 'ohosTest' config initialized
[2025-11-21T16:35:19.935] [DEBUG] debug-file - Module 'entry' target 'default' build option initialized
[2025-11-21T16:35:19.935] [DEBUG] debug-file - Module 'entry' target 'ohosTest' build option initialized
[2025-11-21T16:35:19.936] [DEBUG] debug-file - End initialize module-target build option map, moduleName=entry
[2025-11-21T16:35:19.936] [DEBUG] debug-file - Obtain build option for module 'entry' target 'default'in this build.
[2025-11-21T16:35:19.937] [DEBUG] debug-file - Module entry task initialization takes 1 ms 
[2025-11-21T16:35:19.938] [DEBUG] debug-file - hvigorfile, binding custom plugins []
[2025-11-21T16:35:19.938] [DEBUG] debug-file - hvigorfile, no custom plugins were found in C:\Users\34857\DevEcoStudioProjects\GreenGroth\entry\hvigorfile.ts
[2025-11-21T16:35:19.938] [DEBUG] debug-file - hvigorfile, resolve finished C:\Users\34857\DevEcoStudioProjects\GreenGroth\entry\hvigorfile.ts
[2025-11-21T16:35:20.022] [DEBUG] debug-file - hvigorfile, resolve hvigorfile dependencies in 85 ms 
[2025-11-21T16:35:20.023] [DEBUG] debug-file - project has submodules:entry
[2025-11-21T16:35:20.025] [DEBUG] debug-file - start to load updatedOhPackageInfo to the disk
[2025-11-21T16:35:20.035] [DEBUG] debug-file - load to the disk finished
[2025-11-21T16:35:20.037] [DEBUG] debug-file - Start to initialize dependency information.
[2025-11-21T16:35:20.051] [DEBUG] debug-file - Module GreenGroth Collected Dependency: 
[2025-11-21T16:35:20.051] [DEBUG] debug-file - Module GreenGroth's total dependency: 0
[2025-11-21T16:35:20.052] [DEBUG] debug-file - Start to initialize dependency information.
[2025-11-21T16:35:20.067] [DEBUG] debug-file - Module entry Collected Dependency: C:\Users\34857\DevEcoStudioProjects\GreenGroth\oh_modules\.ohpm\@ohos+axios@2.2.6\oh_modules\@ohos\axios
[2025-11-21T16:35:20.067] [DEBUG] debug-file - Module entry's total dependency: 1
[2025-11-21T16:35:20.071] [DEBUG] debug-file - Configuration phase cost:217 ms 
[2025-11-21T16:35:20.073] [DEBUG] debug-file - Configuration task cost before running: 231 ms 
[2025-11-21T16:35:20.085] [DEBUG] debug-file - Executing task :entry:default@PreBuild
[2025-11-21T16:35:20.088] [DEBUG] debug-file - Task 'entry:default@PreBuild' cost while wrapping incremental declarations: 1 ms 
[2025-11-21T16:35:20.113] [DEBUG] debug-file - Incremental task entry:default@PreBuild pre-execution cost: 19 ms .
[2025-11-21T16:35:20.114] [DEBUG] debug-file - entry : default@PreBuild cost memory 0.353759765625
[2025-11-21T16:35:20.122] [INFO] debug-file - UP-TO-DATE :entry:default@PreBuild...  
[2025-11-21T16:35:20.125] [DEBUG] debug-file - Executing task :entry:default@CreateModuleInfo
[2025-11-21T16:35:20.125] [DEBUG] debug-file - Task 'entry:default@CreateModuleInfo' cost while wrapping incremental declarations: 1 ms 
[2025-11-21T16:35:20.126] [DEBUG] debug-file - entry : default@CreateModuleInfo cost memory 0.040496826171875
[2025-11-21T16:35:20.126] [DEBUG] debug-file - runTaskFromQueue task cost before running: 285 ms 
[2025-11-21T16:35:20.127] [INFO] debug-file - Finished :entry:default@CreateModuleInfo... after 2 ms 
[2025-11-21T16:35:20.141] [DEBUG] debug-file - Executing task :entry:default@GenerateMetadata
[2025-11-21T16:35:20.142] [DEBUG] debug-file - Task 'entry:default@GenerateMetadata' cost while wrapping incremental declarations: 1 ms 
[2025-11-21T16:35:20.145] [DEBUG] debug-file - Incremental task entry:default@GenerateMetadata pre-execution cost: 3 ms .
[2025-11-21T16:35:20.146] [DEBUG] debug-file - entry : default@GenerateMetadata cost memory 0.09418487548828125
[2025-11-21T16:35:20.146] [INFO] debug-file - UP-TO-DATE :entry:default@GenerateMetadata...  
[2025-11-21T16:35:20.149] [DEBUG] debug-file - Executing task :entry:default@ConfigureCmake
[2025-11-21T16:35:20.150] [DEBUG] debug-file - entry : default@ConfigureCmake cost memory 0.01678466796875
[2025-11-21T16:35:20.150] [DEBUG] debug-file - runTaskFromQueue task cost before running: 308 ms 
[2025-11-21T16:35:20.150] [INFO] debug-file - Finished :entry:default@ConfigureCmake... after 1 ms 
[2025-11-21T16:35:20.152] [DEBUG] debug-file - Executing task :entry:default@MergeProfile
[2025-11-21T16:35:20.152] [DEBUG] debug-file - Task 'entry:default@MergeProfile' cost while wrapping incremental declarations: 1 ms 
[2025-11-21T16:35:20.156] [DEBUG] debug-file - Incremental task entry:default@MergeProfile pre-execution cost: 4 ms .
[2025-11-21T16:35:20.156] [DEBUG] debug-file - entry : default@MergeProfile cost memory 0.1518402099609375
[2025-11-21T16:35:20.157] [INFO] debug-file - UP-TO-DATE :entry:default@MergeProfile...  
[2025-11-21T16:35:20.159] [DEBUG] debug-file - Executing task :entry:default@CreateBuildProfile
[2025-11-21T16:35:20.160] [DEBUG] debug-file - Task 'entry:default@CreateBuildProfile' cost while wrapping incremental declarations: 1 ms 
[2025-11-21T16:35:20.162] [DEBUG] debug-file - Incremental task entry:default@CreateBuildProfile pre-execution cost: 2 ms .
[2025-11-21T16:35:20.162] [DEBUG] debug-file - entry : default@CreateBuildProfile cost memory 0.1002655029296875
[2025-11-21T16:35:20.163] [INFO] debug-file - UP-TO-DATE :entry:default@CreateBuildProfile...  
[2025-11-21T16:35:20.164] [DEBUG] debug-file - Executing task :entry:default@PreCheckSyscap
[2025-11-21T16:35:20.164] [DEBUG] debug-file - entry : default@PreCheckSyscap cost memory 0.01590728759765625
[2025-11-21T16:35:20.165] [DEBUG] debug-file - runTaskFromQueue task cost before running: 323 ms 
[2025-11-21T16:35:20.165] [INFO] debug-file - Finished :entry:default@PreCheckSyscap... after 1 ms 
[2025-11-21T16:35:20.167] [DEBUG] debug-file - Executing task :entry:default@GeneratePkgContextInfo
[2025-11-21T16:35:20.175] [DEBUG] debug-file - Task 'entry:default@GeneratePkgContextInfo' cost while wrapping incremental declarations: 1 ms 
[2025-11-21T16:35:20.176] [DEBUG] debug-file - Incremental task entry:default@GeneratePkgContextInfo pre-execution cost: 1 ms .
[2025-11-21T16:35:20.176] [DEBUG] debug-file - entry : default@GeneratePkgContextInfo cost memory 0.38488006591796875
[2025-11-21T16:35:20.176] [INFO] debug-file - UP-TO-DATE :entry:default@GeneratePkgContextInfo...  
[2025-11-21T16:35:20.183] [DEBUG] debug-file - Executing task :entry:default@ProcessIntegratedHsp
[2025-11-21T16:35:20.184] [DEBUG] debug-file - entry:default@ProcessIntegratedHsp is not up-to-date, since the output file 'C:\Users\34857\DevEcoStudioProjects\GreenGroth\build\cache\default\integrated_hsp\integratedHspCache.json' does not exist.
[2025-11-21T16:35:20.184] [DEBUG] debug-file - Incremental task entry:default@ProcessIntegratedHsp pre-execution cost: 1 ms .
[2025-11-21T16:35:20.184] [DEBUG] debug-file - entry : default@ProcessIntegratedHsp cost memory 0.06273651123046875
[2025-11-21T16:35:20.184] [DEBUG] debug-file - runTaskFromQueue task cost before running: 342 ms 
[2025-11-21T16:35:20.184] [INFO] debug-file - Finished :entry:default@ProcessIntegratedHsp... after 1 ms 
[2025-11-21T16:35:20.186] [DEBUG] debug-file - Executing task :entry:default@BuildNativeWithCmake
[2025-11-21T16:35:20.187] [DEBUG] debug-file - entry : default@BuildNativeWithCmake cost memory 0.01673126220703125
[2025-11-21T16:35:20.187] [DEBUG] debug-file - runTaskFromQueue task cost before running: 345 ms 
[2025-11-21T16:35:20.187] [INFO] debug-file - Finished :entry:default@BuildNativeWithCmake... after 1 ms 
[2025-11-21T16:35:20.189] [DEBUG] debug-file - Executing task :entry:default@MakePackInfo
[2025-11-21T16:35:20.194] [DEBUG] debug-file - Incremental task entry:default@MakePackInfo pre-execution cost: 5 ms .
[2025-11-21T16:35:20.195] [DEBUG] debug-file - entry : default@MakePackInfo cost memory 0.13494873046875
[2025-11-21T16:35:20.195] [INFO] debug-file - UP-TO-DATE :entry:default@MakePackInfo...  
[2025-11-21T16:35:20.197] [DEBUG] debug-file - Executing task :entry:default@SyscapTransform
[2025-11-21T16:35:20.197] [DEBUG] debug-file - File: 'C:\Users\34857\DevEcoStudioProjects\GreenGroth\entry\src\main\syscap.json' from 'sysCapJsonPath' is not exists, just ignore.
[2025-11-21T16:35:20.199] [DEBUG] debug-file - Task 'entry:default@SyscapTransform' cost while wrapping incremental declarations: 2 ms 
[2025-11-21T16:35:20.202] [DEBUG] debug-file - entry:default@SyscapTransform is not up-to-date, since the output file 'C:\Users\34857\DevEcoStudioProjects\GreenGroth\entry\build\default\intermediates\syscap\default\rpcid.sc' does not exist.
[2025-11-21T16:35:20.203] [DEBUG] debug-file - Incremental task entry:default@SyscapTransform pre-execution cost: 4 ms .
[2025-11-21T16:35:20.203] [DEBUG] debug-file - entry : default@SyscapTransform cost memory 0.16059112548828125
[2025-11-21T16:35:20.203] [DEBUG] debug-file - runTaskFromQueue task cost before running: 361 ms 
[2025-11-21T16:35:20.203] [INFO] debug-file - Finished :entry:default@SyscapTransform... after 6 ms 
[2025-11-21T16:35:20.205] [DEBUG] debug-file - Executing task :entry:default@ProcessProfile
[2025-11-21T16:35:20.206] [DEBUG] debug-file - Task 'entry:default@ProcessProfile' cost while wrapping incremental declarations: 1 ms 
[2025-11-21T16:35:20.208] [DEBUG] debug-file - Incremental task entry:default@ProcessProfile pre-execution cost: 2 ms .
[2025-11-21T16:35:20.208] [DEBUG] debug-file - entry : default@ProcessProfile cost memory 0.14615631103515625
[2025-11-21T16:35:20.208] [INFO] debug-file - UP-TO-DATE :entry:default@ProcessProfile...  
[2025-11-21T16:35:20.210] [DEBUG] debug-file - Executing task :entry:default@ProcessRouterMap
[2025-11-21T16:35:20.216] [DEBUG] debug-file - Incremental task entry:default@ProcessRouterMap pre-execution cost: 5 ms .
[2025-11-21T16:35:20.219] [DEBUG] debug-file - entry : default@ProcessRouterMap cost memory 0.18508148193359375
[2025-11-21T16:35:20.221] [INFO] debug-file - UP-TO-DATE :entry:default@ProcessRouterMap...  
[2025-11-21T16:35:20.222] [DEBUG] debug-file - Executing task :entry:default@ProcessShareConfig
[2025-11-21T16:35:20.228] [DEBUG] debug-file - Incremental task entry:default@ProcessShareConfig pre-execution cost: 5 ms .
[2025-11-21T16:35:20.228] [DEBUG] debug-file - entry : default@ProcessShareConfig cost memory 0.166259765625
[2025-11-21T16:35:20.229] [INFO] debug-file - UP-TO-DATE :entry:default@ProcessShareConfig...  
[2025-11-21T16:35:20.230] [DEBUG] debug-file - Executing task :entry:default@ProcessStartupConfig
[2025-11-21T16:35:20.231] [DEBUG] debug-file - Task 'entry:default@ProcessStartupConfig' cost while wrapping incremental declarations: 1 ms 
[2025-11-21T16:35:20.233] [DEBUG] debug-file - entry:default@ProcessStartupConfig is not up-to-date, since the output file 'C:\Users\34857\DevEcoStudioProjects\GreenGroth\entry\build\default\intermediates\startup\default\startup_config.json' does not exist.
[2025-11-21T16:35:20.233] [DEBUG] debug-file - Incremental task entry:default@ProcessStartupConfig pre-execution cost: 2 ms .
[2025-11-21T16:35:20.235] [DEBUG] debug-file - entry : default@ProcessStartupConfig cost memory 0.16595458984375
[2025-11-21T16:35:20.235] [DEBUG] debug-file - runTaskFromQueue task cost before running: 393 ms 
[2025-11-21T16:35:20.235] [INFO] debug-file - Finished :entry:default@ProcessStartupConfig... after 5 ms 
[2025-11-21T16:35:20.237] [DEBUG] debug-file - Executing task :entry:default@BuildNativeWithNinja
[2025-11-21T16:35:20.238] [DEBUG] debug-file - entry : default@BuildNativeWithNinja cost memory 0.02378082275390625
[2025-11-21T16:35:20.238] [DEBUG] debug-file - runTaskFromQueue task cost before running: 396 ms 
[2025-11-21T16:35:20.239] [INFO] debug-file - Finished :entry:default@BuildNativeWithNinja... after 1 ms 
[2025-11-21T16:35:20.241] [DEBUG] debug-file - restool module names: entry; moduleName=entry, taskName=default@ProcessResource
[2025-11-21T16:35:20.244] [DEBUG] debug-file - Executing task :entry:default@ProcessResource
[2025-11-21T16:35:20.245] [DEBUG] debug-file - Task 'entry:default@ProcessResource' cost while wrapping incremental declarations: 1 ms 
[2025-11-21T16:35:20.247] [DEBUG] debug-file - Incremental task entry:default@ProcessResource pre-execution cost: 2 ms .
[2025-11-21T16:35:20.247] [DEBUG] debug-file - entry : default@ProcessResource cost memory 0.1441650390625
[2025-11-21T16:35:20.251] [INFO] debug-file - UP-TO-DATE :entry:default@ProcessResource...  
[2025-11-21T16:35:20.254] [DEBUG] debug-file - Executing task :entry:default@GenerateLoaderJson
[2025-11-21T16:35:20.255] [DEBUG] debug-file - Task 'entry:default@GenerateLoaderJson' cost while wrapping incremental declarations: 1 ms 
[2025-11-21T16:35:20.272] [DEBUG] debug-file - Incremental task entry:default@GenerateLoaderJson pre-execution cost: 11 ms .
[2025-11-21T16:35:20.272] [DEBUG] debug-file - entry : default@GenerateLoaderJson cost memory 0.6479339599609375
[2025-11-21T16:35:20.278] [INFO] debug-file - UP-TO-DATE :entry:default@GenerateLoaderJson...  
[2025-11-21T16:35:20.279] [DEBUG] debug-file - Executing task :entry:default@ProcessLibs
[2025-11-21T16:35:20.292] [DEBUG] debug-file - Incremental task entry:default@ProcessLibs pre-execution cost: 8 ms .
[2025-11-21T16:35:20.292] [DEBUG] debug-file - entry : default@ProcessLibs cost memory 0.19281005859375
[2025-11-21T16:35:20.294] [INFO] debug-file - UP-TO-DATE :entry:default@ProcessLibs...  
[2025-11-21T16:35:20.297] [DEBUG] debug-file - restool module names: entry; moduleName=entry, taskName=default@CompileResource
[2025-11-21T16:35:20.301] [DEBUG] debug-file - Executing task :entry:default@CompileResource
[2025-11-21T16:35:20.360] [DEBUG] debug-file - Incremental task entry:default@CompileResource pre-execution cost: 56 ms .
[2025-11-21T16:35:20.360] [DEBUG] debug-file - entry : default@CompileResource cost memory -5.874473571777344
[2025-11-21T16:35:20.362] [INFO] debug-file - UP-TO-DATE :entry:default@CompileResource...  
[2025-11-21T16:35:20.364] [DEBUG] debug-file - Executing task :entry:default@DoNativeStrip
[2025-11-21T16:35:20.364] [DEBUG] debug-file - Task 'entry:default@DoNativeStrip' cost while wrapping incremental declarations: 1 ms 
[2025-11-21T16:35:20.366] [DEBUG] debug-file - Incremental task entry:default@DoNativeStrip pre-execution cost: 2 ms .
[2025-11-21T16:35:20.366] [DEBUG] debug-file - entry : default@DoNativeStrip cost memory 0.084320068359375
[2025-11-21T16:35:20.367] [INFO] debug-file - UP-TO-DATE :entry:default@DoNativeStrip...  
[2025-11-21T16:35:20.369] [DEBUG] debug-file - Executing task :entry:default@CompileArkTS
[2025-11-21T16:35:20.370] [DEBUG] debug-file - obfuscationOptions: undefined
[2025-11-21T16:35:20.416] [DEBUG] debug-file - Incremental task entry:default@CompileArkTS pre-execution cost: 36 ms .
[2025-11-21T16:35:20.416] [DEBUG] debug-file - entry : default@CompileArkTS cost memory 1.696075439453125
[2025-11-21T16:35:20.419] [INFO] debug-file - UP-TO-DATE :entry:default@CompileArkTS...  
[2025-11-21T16:35:20.421] [DEBUG] debug-file - Executing task :entry:default@BuildJS
[2025-11-21T16:35:20.426] [DEBUG] debug-file - entry : default@BuildJS cost memory 0.1490936279296875
[2025-11-21T16:35:20.426] [DEBUG] debug-file - runTaskFromQueue task cost before running: 584 ms 
[2025-11-21T16:35:20.426] [INFO] debug-file - Finished :entry:default@BuildJS... after 6 ms 
[2025-11-21T16:35:20.428] [DEBUG] debug-file - Executing task :entry:default@CacheNativeLibs
[2025-11-21T16:35:20.429] [DEBUG] debug-file - Task 'entry:default@CacheNativeLibs' cost while wrapping incremental declarations: 1 ms 
[2025-11-21T16:35:20.431] [DEBUG] debug-file - Incremental task entry:default@CacheNativeLibs pre-execution cost: 2 ms .
[2025-11-21T16:35:20.431] [DEBUG] debug-file - entry : default@CacheNativeLibs cost memory 0.099700927734375
[2025-11-21T16:35:20.431] [INFO] debug-file - UP-TO-DATE :entry:default@CacheNativeLibs...  
[2025-11-21T16:35:20.432] [DEBUG] debug-file - Executing task :entry:default@GeneratePkgModuleJson
[2025-11-21T16:35:20.433] [DEBUG] debug-file - File: 'C:\Users\34857\DevEcoStudioProjects\GreenGroth\entry\build\default\intermediates\preload\default\preload.json' from 'preloadSoJsonPath' is not exists, just ignore.
[2025-11-21T16:35:20.433] [DEBUG] debug-file - Task 'entry:default@GeneratePkgModuleJson' cost while wrapping incremental declarations: 1 ms 
[2025-11-21T16:35:20.434] [DEBUG] debug-file - Incremental task entry:default@GeneratePkgModuleJson pre-execution cost: 2 ms .
[2025-11-21T16:35:20.434] [DEBUG] debug-file - entry : default@GeneratePkgModuleJson cost memory 0.0977020263671875
[2025-11-21T16:35:20.434] [INFO] debug-file - UP-TO-DATE :entry:default@GeneratePkgModuleJson...  
[2025-11-21T16:35:20.436] [DEBUG] debug-file - Executing task :entry:default@ProcessCompiledResources
[2025-11-21T16:35:20.436] [DEBUG] debug-file - File: 'C:\Users\34857\DevEcoStudioProjects\GreenGroth\entry\build\default\intermediates\preload\default\preload.json' from 'preloadSoJsonPath' is not exists, just ignore.
[2025-11-21T16:35:20.436] [DEBUG] debug-file - Task 'entry:default@ProcessCompiledResources' cost while wrapping incremental declarations: 1 ms 
[2025-11-21T16:35:20.437] [DEBUG] debug-file - entry : default@ProcessCompiledResources cost memory 0.0642852783203125
[2025-11-21T16:35:20.437] [DEBUG] debug-file - runTaskFromQueue task cost before running: 595 ms 
[2025-11-21T16:35:20.437] [INFO] debug-file - Finished :entry:default@ProcessCompiledResources... after 2 ms 
[2025-11-21T16:35:20.440] [DEBUG] debug-file - Executing task :entry:default@PackageHap
[2025-11-21T16:35:20.454] [DEBUG] debug-file - Incremental task entry:default@PackageHap pre-execution cost: 13 ms .
[2025-11-21T16:35:20.454] [DEBUG] debug-file - entry : default@PackageHap cost memory 0.523681640625
[2025-11-21T16:35:20.456] [INFO] debug-file - UP-TO-DATE :entry:default@PackageHap...  
[2025-11-21T16:35:20.457] [DEBUG] debug-file - Executing task :entry:default@PackingCheck
[2025-11-21T16:35:20.463] [DEBUG] debug-file - entry : default@PackingCheck cost memory 0.35381317138671875
[2025-11-21T16:35:20.463] [DEBUG] debug-file - runTaskFromQueue task cost before running: 622 ms 
[2025-11-21T16:35:20.464] [INFO] debug-file - Finished :entry:default@PackingCheck... after 7 ms 
[2025-11-21T16:35:20.466] [DEBUG] debug-file - Executing task :entry:default@SignHap
[2025-11-21T16:35:20.469] [DEBUG] debug-file - Incremental task entry:default@SignHap pre-execution cost: 3 ms .
[2025-11-21T16:35:20.470] [DEBUG] debug-file - entry : default@SignHap cost memory 0.1128082275390625
[2025-11-21T16:35:20.470] [INFO] debug-file - UP-TO-DATE :entry:default@SignHap...  
[2025-11-21T16:35:20.472] [DEBUG] debug-file - Executing task :entry:default@CollectDebugSymbol
[2025-11-21T16:35:20.473] [DEBUG] debug-file - entry : default@CollectDebugSymbol cost memory 0.09880828857421875
[2025-11-21T16:35:20.473] [DEBUG] debug-file - runTaskFromQueue task cost before running: 631 ms 
[2025-11-21T16:35:20.473] [INFO] debug-file - Finished :entry:default@CollectDebugSymbol... after 2 ms 
[2025-11-21T16:35:20.474] [DEBUG] debug-file - Executing task :entry:assembleHap
[2025-11-21T16:35:20.474] [DEBUG] debug-file - entry : assembleHap cost memory 0.01354217529296875
[2025-11-21T16:35:20.474] [DEBUG] debug-file - runTaskFromQueue task cost before running: 632 ms 
[2025-11-21T16:35:20.474] [INFO] debug-file - Finished :entry:assembleHap... after 1 ms 
[2025-11-21T16:35:20.484] [INFO] debug-file - BUILD SUCCESSFUL in 642 ms 
[2025-11-21T16:35:20.485] [DEBUG] debug-file - There is no need to refresh cache, since the incremental task entry:default@PreBuild is up-to-date.
[2025-11-21T16:35:20.485] [DEBUG] debug-file - Update task entry:default@CreateModuleInfo output file:C:\Users\34857\DevEcoStudioProjects\GreenGroth\entry\build\default\generated\profile\default\ModuleInfo.ts cache.
[2025-11-21T16:35:20.485] [DEBUG] debug-file - Incremental task entry:default@CreateModuleInfo post-execution cost:1 ms .
[2025-11-21T16:35:20.485] [DEBUG] debug-file - There is no need to refresh cache, since the incremental task entry:default@GenerateMetadata is up-to-date.
[2025-11-21T16:35:20.485] [DEBUG] debug-file - There is no need to refresh cache, since the incremental task entry:default@MergeProfile is up-to-date.
[2025-11-21T16:35:20.486] [DEBUG] debug-file - There is no need to refresh cache, since the incremental task entry:default@CreateBuildProfile is up-to-date.
[2025-11-21T16:35:20.486] [DEBUG] debug-file - There is no need to refresh cache, since the incremental task entry:default@GeneratePkgContextInfo is up-to-date.
[2025-11-21T16:35:20.486] [DEBUG] debug-file - Update task entry:default@ProcessIntegratedHsp output file:C:\Users\34857\DevEcoStudioProjects\GreenGroth\build\cache\default\integrated_hsp\integratedHspCache.json cache.
[2025-11-21T16:35:20.486] [DEBUG] debug-file - Incremental task entry:default@ProcessIntegratedHsp post-execution cost:1 ms .
[2025-11-21T16:35:20.486] [DEBUG] debug-file - There is no need to refresh cache, since the incremental task entry:default@MakePackInfo is up-to-date.
[2025-11-21T16:35:20.486] [DEBUG] debug-file - Update task entry:default@SyscapTransform input file:C:\Program Files\Huawei\DevEco Studio\sdk\default\openharmony\toolchains\syscap_tool.exe cache by regenerate.
[2025-11-21T16:35:20.487] [DEBUG] debug-file - Update task entry:default@SyscapTransform input file:C:\Program Files\Huawei\DevEco Studio\sdk\default\openharmony\ets\api\device-define cache by regenerate.
[2025-11-21T16:35:20.489] [DEBUG] debug-file - Update task entry:default@SyscapTransform output file:C:\Users\34857\DevEcoStudioProjects\GreenGroth\entry\build\default\intermediates\syscap\default\rpcid.sc cache.
[2025-11-21T16:35:20.489] [DEBUG] debug-file - Incremental task entry:default@SyscapTransform post-execution cost:4 ms .
[2025-11-21T16:35:20.489] [DEBUG] debug-file - There is no need to refresh cache, since the incremental task entry:default@ProcessProfile is up-to-date.
[2025-11-21T16:35:20.490] [DEBUG] debug-file - There is no need to refresh cache, since the incremental task entry:default@ProcessRouterMap is up-to-date.
[2025-11-21T16:35:20.490] [DEBUG] debug-file - There is no need to refresh cache, since the incremental task entry:default@ProcessShareConfig is up-to-date.
[2025-11-21T16:35:20.490] [DEBUG] debug-file - Update task entry:default@ProcessStartupConfig input file:C:\Users\34857\DevEcoStudioProjects\GreenGroth\entry\build\default\intermediates\loader\default\pkgContextInfo.json cache by regenerate.
[2025-11-21T16:35:20.491] [DEBUG] debug-file - Update task entry:default@ProcessStartupConfig output file:C:\Users\34857\DevEcoStudioProjects\GreenGroth\entry\build\default\intermediates\startup\default\startup_config.json cache.
[2025-11-21T16:35:20.491] [DEBUG] debug-file - Incremental task entry:default@ProcessStartupConfig post-execution cost:2 ms .
[2025-11-21T16:35:20.491] [DEBUG] debug-file - There is no need to refresh cache, since the incremental task entry:default@ProcessResource is up-to-date.
[2025-11-21T16:35:20.491] [DEBUG] debug-file - There is no need to refresh cache, since the incremental task entry:default@GenerateLoaderJson is up-to-date.
[2025-11-21T16:35:20.491] [DEBUG] debug-file - There is no need to refresh cache, since the incremental task entry:default@ProcessLibs is up-to-date.
[2025-11-21T16:35:20.491] [DEBUG] debug-file - There is no need to refresh cache, since the incremental task entry:default@CompileResource is up-to-date.
[2025-11-21T16:35:20.491] [DEBUG] debug-file - There is no need to refresh cache, since the incremental task entry:default@DoNativeStrip is up-to-date.
[2025-11-21T16:35:20.491] [DEBUG] debug-file - There is no need to refresh cache, since the incremental task entry:default@CompileArkTS is up-to-date.
[2025-11-21T16:35:20.494] [DEBUG] debug-file - Update task entry:default@BuildJS input file:C:\Users\34857\DevEcoStudioProjects\GreenGroth\entry\build\default\intermediates\loader\default cache by regenerate.
[2025-11-21T16:35:20.495] [DEBUG] debug-file - Update task entry:default@BuildJS input file:C:\Users\34857\DevEcoStudioProjects\GreenGroth\oh_modules\.ohpm\@ohos+axios@2.2.6\oh_modules\@ohos\axios\index.js cache by regenerate.
[2025-11-21T16:35:20.495] [DEBUG] debug-file - Update task entry:default@BuildJS input file:C:\Users\34857\DevEcoStudioProjects\GreenGroth\entry\build\default\intermediates\res\default\resources\rawfile cache by regenerate.
[2025-11-21T16:35:20.497] [DEBUG] debug-file - Update task entry:default@BuildJS input file:C:\Users\34857\DevEcoStudioProjects\GreenGroth\entry\build\default\intermediates\res\default\ResourceTable.txt cache by regenerate.
[2025-11-21T16:35:20.498] [DEBUG] debug-file - Update task entry:default@BuildJS input file:C:\Users\34857\DevEcoStudioProjects\GreenGroth\entry\build\default\intermediates\res\default\ark_module.json cache by regenerate.
[2025-11-21T16:35:20.498] [DEBUG] debug-file - Update task entry:default@BuildJS input file:C:\Users\34857\DevEcoStudioProjects\GreenGroth\entry\build\default\intermediates\res\default\resources\base\profile cache by regenerate.
[2025-11-21T16:35:20.499] [DEBUG] debug-file - Update task entry:default@BuildJS input file:C:\Users\34857\DevEcoStudioProjects\GreenGroth\entry\build\default\intermediates\loader\default\pkgContextInfo.json cache by regenerate.
[2025-11-21T16:35:20.500] [DEBUG] debug-file - Update task entry:default@BuildJS output file:C:\Users\34857\DevEcoStudioProjects\GreenGroth\entry\build\default\intermediates\loader_out\default\js cache.
[2025-11-21T16:35:20.500] [DEBUG] debug-file - Incremental task entry:default@BuildJS post-execution cost:9 ms .
[2025-11-21T16:35:20.500] [DEBUG] debug-file - There is no need to refresh cache, since the incremental task entry:default@CacheNativeLibs is up-to-date.
[2025-11-21T16:35:20.500] [DEBUG] debug-file - There is no need to refresh cache, since the incremental task entry:default@GeneratePkgModuleJson is up-to-date.
[2025-11-21T16:35:20.500] [DEBUG] debug-file - Incremental task entry:default@ProcessCompiledResources post-execution cost:1 ms .
[2025-11-21T16:35:20.500] [DEBUG] debug-file - There is no need to refresh cache, since the incremental task entry:default@PackageHap is up-to-date.
[2025-11-21T16:35:20.500] [DEBUG] debug-file - There is no need to refresh cache, since the incremental task entry:default@SignHap is up-to-date.
[2025-11-21T16:35:20.501] [DEBUG] debug-file - Update task entry:default@CollectDebugSymbol input file:C:\Users\34857\DevEcoStudioProjects\GreenGroth\entry\build\default\intermediates\loader_out\default\ets\sourceMaps.map cache by regenerate.
[2025-11-21T16:35:20.502] [DEBUG] debug-file - Update task entry:default@CollectDebugSymbol input file:C:\Users\34857\DevEcoStudioProjects\GreenGroth\entry\build\default\intermediates\libs\default cache by regenerate.
[2025-11-21T16:35:20.502] [DEBUG] debug-file - Update task entry:default@CollectDebugSymbol output file:C:\Users\34857\DevEcoStudioProjects\GreenGroth\entry\build\default\outputs\default\symbol cache.
[2025-11-21T16:35:20.502] [DEBUG] debug-file - Incremental task entry:default@CollectDebugSymbol post-execution cost:2 ms .
[2025-11-21T16:35:20.530] [DEBUG] debug-file - hvigor build process will be closed.
[2025-11-21T16:35:20.541] [DEBUG] debug-file - session manager: send message to worker process.
[2025-11-21T16:35:20.542] [DEBUG] debug-file - session manager: send message to worker process.
[2025-11-21T16:35:20.620] [DEBUG] debug-file - watch worker: worker id should be larger than 0. Nothing will be sent to any worker thread.
[2025-11-21T16:35:20.620] [DEBUG] debug-file - watch worker: worker id should be larger than 0. Nothing will be sent to any worker thread.
[2025-11-21T16:37:44.995] [DEBUG] debug-file - session manager: set active socket. socketId=0jljRY-B5KABqQoAAAAZ
[2025-11-21T16:37:45.004] [DEBUG] debug-file - watch worker: worker id should be larger than 0. Nothing will be sent to any worker thread.
[2025-11-21T16:37:45.011] [DEBUG] debug-file - Hvigor init with startParameters:{
  hvigorfileTypeCheck: false,
  parallelExecution: true,
  incrementalExecution: true,
  printStackTrace: false,
  daemon: true,
  analyze: 0,
  logLevel: Level { level: 20000, levelStr: 'INFO', colour: 'green' },
  optimizationStrategy: 'memory',
  hotCompile: undefined,
  hotReloadBuild: undefined
}
[2025-11-21T16:37:45.015] [DEBUG] debug-file - Cache service initialization finished in 5 ms 
[2025-11-21T16:37:45.016] [DEBUG] debug-file - hvigorfile, resolving C:\Users\34857\DevEcoStudioProjects\GreenGroth\hvigorfile.ts
[2025-11-21T16:37:45.022] [DEBUG] debug-file - hvigorfile, require result:  { default: { plugins: [] } }
[2025-11-21T16:37:45.022] [DEBUG] debug-file - hvigorfile, binding system plugins null
[2025-11-21T16:37:45.029] [DEBUG] debug-file - Start initialize project's product build option map with build mode debug.
[2025-11-21T16:37:45.029] [DEBUG] debug-file - Picking option from product 'default' with build mode 'debug'.
[2025-11-21T16:37:45.029] [DEBUG] debug-file - Product 'default' build option initialized
[2025-11-21T16:37:45.029] [DEBUG] debug-file - End initialize project's product build option map with build mode 'debug'.
[2025-11-21T16:37:45.031] [DEBUG] debug-file - Obtain build option for product 'default'in this build.
[2025-11-21T16:37:45.034] [DEBUG] debug-file - C:\Users\34857\DevEcoStudioProjects\GreenGroth\build\cache\default\remote_hsp\remoteHspCache.json not exists.
[2025-11-21T16:37:45.037] [DEBUG] debug-file - Start recording SDK configuration permission data.
[2025-11-21T16:37:45.065] [DEBUG] debug-file - Sdk init in 32 ms 
[2025-11-21T16:37:45.069] [DEBUG] debug-file - Project task initialization takes 4 ms 
[2025-11-21T16:37:45.069] [DEBUG] debug-file - hvigorfile, binding custom plugins []
[2025-11-21T16:37:45.069] [DEBUG] debug-file - hvigorfile, no custom plugins were found in C:\Users\34857\DevEcoStudioProjects\GreenGroth\hvigorfile.ts
[2025-11-21T16:37:45.069] [DEBUG] debug-file - hvigorfile, resolve finished C:\Users\34857\DevEcoStudioProjects\GreenGroth\hvigorfile.ts
[2025-11-21T16:37:45.070] [DEBUG] debug-file - hvigorfile, resolving C:\Users\34857\DevEcoStudioProjects\GreenGroth\entry\hvigorfile.ts
[2025-11-21T16:37:45.073] [DEBUG] debug-file - hvigorfile, require result:  { default: { plugins: [] } }
[2025-11-21T16:37:45.073] [DEBUG] debug-file - hvigorfile, binding system plugins null
[2025-11-21T16:37:45.076] [DEBUG] debug-file - failed to load cangjie to dynamically generate schemas: Error: Cannot find module '@ohos/cangjie-build-support/index'
Require stack:
- C:\Program Files\Huawei\DevEco Studio\tools\hvigor\hvigor-ohos-plugin\src\plugin\factory\plugin-factory.js
- C:\Program Files\Huawei\DevEco Studio\tools\hvigor\hvigor-ohos-plugin\index.js
- C:\Users\34857\DevEcoStudioProjects\GreenGroth\hvigorfile.ts
- C:\Program Files\Huawei\DevEco Studio\tools\hvigor\hvigor\src\base\internal\lifecycle\configuration.js
- C:\Program Files\Huawei\DevEco Studio\tools\hvigor\hvigor\src\base\boot\index.js
- C:\Program Files\Huawei\DevEco Studio\tools\hvigor\hvigor\src\base\daemon\cluster\worker-process-lifecycle.js
- C:\Program Files\Huawei\DevEco Studio\tools\hvigor\hvigor\src\base\daemon\process\daemon-process-boot-script.js
[2025-11-21T16:37:45.079] [DEBUG] debug-file - Start initialize module-target build option map, moduleName=entry, buildMode=debug
[2025-11-21T16:37:45.079] [DEBUG] debug-file - Target 'default' config initialized
[2025-11-21T16:37:45.080] [DEBUG] debug-file - Target 'ohosTest' config initialized
[2025-11-21T16:37:45.080] [DEBUG] debug-file - Module 'entry' target 'default' build option initialized
[2025-11-21T16:37:45.080] [DEBUG] debug-file - Module 'entry' target 'ohosTest' build option initialized
[2025-11-21T16:37:45.080] [DEBUG] debug-file - End initialize module-target build option map, moduleName=entry
[2025-11-21T16:37:45.080] [DEBUG] debug-file - Start initialize module-target build option map, moduleName=entry, buildMode=release
[2025-11-21T16:37:45.080] [DEBUG] debug-file - Target 'default' config initialized
[2025-11-21T16:37:45.080] [DEBUG] debug-file - Target 'ohosTest' config initialized
[2025-11-21T16:37:45.080] [DEBUG] debug-file - Module 'entry' target 'default' build option initialized
[2025-11-21T16:37:45.080] [DEBUG] debug-file - Module 'entry' target 'ohosTest' build option initialized
[2025-11-21T16:37:45.081] [DEBUG] debug-file - End initialize module-target build option map, moduleName=entry
[2025-11-21T16:37:45.081] [DEBUG] debug-file - Start initialize module-target build option map, moduleName=entry, buildMode=debug
[2025-11-21T16:37:45.081] [DEBUG] debug-file - Target 'default' config initialized
[2025-11-21T16:37:45.081] [DEBUG] debug-file - Target 'ohosTest' config initialized
[2025-11-21T16:37:45.082] [DEBUG] debug-file - Module 'entry' target 'default' build option initialized
[2025-11-21T16:37:45.082] [DEBUG] debug-file - Module 'entry' target 'ohosTest' build option initialized
[2025-11-21T16:37:45.082] [DEBUG] debug-file - End initialize module-target build option map, moduleName=entry
[2025-11-21T16:37:45.082] [DEBUG] debug-file - Obtain build option for module 'entry' target 'default'in this build.
[2025-11-21T16:37:45.084] [DEBUG] debug-file - Module entry task initialization takes 2 ms 
[2025-11-21T16:37:45.084] [DEBUG] debug-file - hvigorfile, binding custom plugins []
[2025-11-21T16:37:45.084] [DEBUG] debug-file - hvigorfile, no custom plugins were found in C:\Users\34857\DevEcoStudioProjects\GreenGroth\entry\hvigorfile.ts
[2025-11-21T16:37:45.085] [DEBUG] debug-file - hvigorfile, resolve finished C:\Users\34857\DevEcoStudioProjects\GreenGroth\entry\hvigorfile.ts
[2025-11-21T16:37:45.169] [DEBUG] debug-file - hvigorfile, resolve hvigorfile dependencies in 84 ms 
[2025-11-21T16:37:45.169] [DEBUG] debug-file - project has submodules:entry
[2025-11-21T16:37:45.172] [DEBUG] debug-file - start to load updatedOhPackageInfo to the disk
[2025-11-21T16:37:45.182] [DEBUG] debug-file - load to the disk finished
[2025-11-21T16:37:45.184] [DEBUG] debug-file - Start to initialize dependency information.
[2025-11-21T16:37:45.199] [DEBUG] debug-file - Module GreenGroth Collected Dependency: 
[2025-11-21T16:37:45.199] [DEBUG] debug-file - Module GreenGroth's total dependency: 0
[2025-11-21T16:37:45.200] [DEBUG] debug-file - Start to initialize dependency information.
[2025-11-21T16:37:45.214] [DEBUG] debug-file - Module entry Collected Dependency: C:\Users\34857\DevEcoStudioProjects\GreenGroth\oh_modules\.ohpm\@ohos+axios@2.2.6\oh_modules\@ohos\axios
[2025-11-21T16:37:45.214] [DEBUG] debug-file - Module entry's total dependency: 1
[2025-11-21T16:37:45.219] [DEBUG] debug-file - Configuration phase cost:204 ms 
[2025-11-21T16:37:45.220] [DEBUG] debug-file - Configuration task cost before running: 213 ms 
[2025-11-21T16:37:45.228] [DEBUG] debug-file - Executing task :entry:default@PreBuild
[2025-11-21T16:37:45.229] [DEBUG] debug-file - Task 'entry:default@PreBuild' cost while wrapping incremental declarations: 1 ms 
[2025-11-21T16:37:45.257] [DEBUG] debug-file - Incremental task entry:default@PreBuild pre-execution cost: 21 ms .
[2025-11-21T16:37:45.258] [DEBUG] debug-file - entry : default@PreBuild cost memory 0.34999847412109375
[2025-11-21T16:37:45.266] [INFO] debug-file - UP-TO-DATE :entry:default@PreBuild...  
[2025-11-21T16:37:45.268] [DEBUG] debug-file - Executing task :entry:default@CreateModuleInfo
[2025-11-21T16:37:45.268] [DEBUG] debug-file - Task 'entry:default@CreateModuleInfo' cost while wrapping incremental declarations: 1 ms 
[2025-11-21T16:37:45.269] [DEBUG] debug-file - entry : default@CreateModuleInfo cost memory 0.040130615234375
[2025-11-21T16:37:45.269] [DEBUG] debug-file - runTaskFromQueue task cost before running: 262 ms 
[2025-11-21T16:37:45.270] [INFO] debug-file - Finished :entry:default@CreateModuleInfo... after 2 ms 
[2025-11-21T16:37:45.282] [DEBUG] debug-file - Executing task :entry:default@GenerateMetadata
[2025-11-21T16:37:45.283] [DEBUG] debug-file - Task 'entry:default@GenerateMetadata' cost while wrapping incremental declarations: 1 ms 
[2025-11-21T16:37:45.285] [DEBUG] debug-file - Incremental task entry:default@GenerateMetadata pre-execution cost: 3 ms .
[2025-11-21T16:37:45.286] [DEBUG] debug-file - entry : default@GenerateMetadata cost memory 0.0937042236328125
[2025-11-21T16:37:45.286] [INFO] debug-file - UP-TO-DATE :entry:default@GenerateMetadata...  
[2025-11-21T16:37:45.290] [DEBUG] debug-file - Executing task :entry:default@ConfigureCmake
[2025-11-21T16:37:45.290] [DEBUG] debug-file - entry : default@ConfigureCmake cost memory 0.015411376953125
[2025-11-21T16:37:45.290] [DEBUG] debug-file - runTaskFromQueue task cost before running: 283 ms 
[2025-11-21T16:37:45.290] [INFO] debug-file - Finished :entry:default@ConfigureCmake... after 1 ms 
[2025-11-21T16:37:45.293] [DEBUG] debug-file - Executing task :entry:default@MergeProfile
[2025-11-21T16:37:45.294] [DEBUG] debug-file - Task 'entry:default@MergeProfile' cost while wrapping incremental declarations: 1 ms 
[2025-11-21T16:37:45.302] [DEBUG] debug-file - Incremental task entry:default@MergeProfile pre-execution cost: 8 ms .
[2025-11-21T16:37:45.302] [DEBUG] debug-file - entry : default@MergeProfile cost memory 0.15134429931640625
[2025-11-21T16:37:45.303] [INFO] debug-file - UP-TO-DATE :entry:default@MergeProfile...  
[2025-11-21T16:37:45.306] [DEBUG] debug-file - Executing task :entry:default@CreateBuildProfile
[2025-11-21T16:37:45.307] [DEBUG] debug-file - Task 'entry:default@CreateBuildProfile' cost while wrapping incremental declarations: 2 ms 
[2025-11-21T16:37:45.310] [DEBUG] debug-file - Incremental task entry:default@CreateBuildProfile pre-execution cost: 3 ms .
[2025-11-21T16:37:45.310] [DEBUG] debug-file - entry : default@CreateBuildProfile cost memory 0.10024261474609375
[2025-11-21T16:37:45.310] [INFO] debug-file - UP-TO-DATE :entry:default@CreateBuildProfile...  
[2025-11-21T16:37:45.314] [DEBUG] debug-file - Executing task :entry:default@PreCheckSyscap
[2025-11-21T16:37:45.315] [DEBUG] debug-file - entry : default@PreCheckSyscap cost memory 0.01557159423828125
[2025-11-21T16:37:45.315] [DEBUG] debug-file - runTaskFromQueue task cost before running: 308 ms 
[2025-11-21T16:37:45.315] [INFO] debug-file - Finished :entry:default@PreCheckSyscap... after 1 ms 
[2025-11-21T16:37:45.317] [DEBUG] debug-file - Executing task :entry:default@GeneratePkgContextInfo
[2025-11-21T16:37:45.325] [DEBUG] debug-file - Task 'entry:default@GeneratePkgContextInfo' cost while wrapping incremental declarations: 1 ms 
[2025-11-21T16:37:45.327] [DEBUG] debug-file - Incremental task entry:default@GeneratePkgContextInfo pre-execution cost: 2 ms .
[2025-11-21T16:37:45.327] [DEBUG] debug-file - entry : default@GeneratePkgContextInfo cost memory 0.3049468994140625
[2025-11-21T16:37:45.327] [INFO] debug-file - UP-TO-DATE :entry:default@GeneratePkgContextInfo...  
[2025-11-21T16:37:45.334] [DEBUG] debug-file - Executing task :entry:default@ProcessIntegratedHsp
[2025-11-21T16:37:45.334] [DEBUG] debug-file - entry:default@ProcessIntegratedHsp is not up-to-date, since the output file 'C:\Users\34857\DevEcoStudioProjects\GreenGroth\build\cache\default\integrated_hsp\integratedHspCache.json' does not exist.
[2025-11-21T16:37:45.334] [DEBUG] debug-file - Incremental task entry:default@ProcessIntegratedHsp pre-execution cost: 1 ms .
[2025-11-21T16:37:45.334] [DEBUG] debug-file - entry : default@ProcessIntegratedHsp cost memory 0.0622406005859375
[2025-11-21T16:37:45.335] [DEBUG] debug-file - runTaskFromQueue task cost before running: 327 ms 
[2025-11-21T16:37:45.335] [INFO] debug-file - Finished :entry:default@ProcessIntegratedHsp... after 1 ms 
[2025-11-21T16:37:45.336] [DEBUG] debug-file - Executing task :entry:default@BuildNativeWithCmake
[2025-11-21T16:37:45.337] [DEBUG] debug-file - entry : default@BuildNativeWithCmake cost memory 0.01639556884765625
[2025-11-21T16:37:45.337] [DEBUG] debug-file - runTaskFromQueue task cost before running: 330 ms 
[2025-11-21T16:37:45.337] [INFO] debug-file - Finished :entry:default@BuildNativeWithCmake... after 1 ms 
[2025-11-21T16:37:45.338] [DEBUG] debug-file - Executing task :entry:default@MakePackInfo
[2025-11-21T16:37:45.343] [DEBUG] debug-file - Incremental task entry:default@MakePackInfo pre-execution cost: 4 ms .
[2025-11-21T16:37:45.343] [DEBUG] debug-file - entry : default@MakePackInfo cost memory 0.1344146728515625
[2025-11-21T16:37:45.344] [INFO] debug-file - UP-TO-DATE :entry:default@MakePackInfo...  
[2025-11-21T16:37:45.346] [DEBUG] debug-file - Executing task :entry:default@SyscapTransform
[2025-11-21T16:37:45.346] [DEBUG] debug-file - File: 'C:\Users\34857\DevEcoStudioProjects\GreenGroth\entry\src\main\syscap.json' from 'sysCapJsonPath' is not exists, just ignore.
[2025-11-21T16:37:45.347] [DEBUG] debug-file - Task 'entry:default@SyscapTransform' cost while wrapping incremental declarations: 2 ms 
[2025-11-21T16:37:45.351] [DEBUG] debug-file - entry:default@SyscapTransform is not up-to-date, since the output file 'C:\Users\34857\DevEcoStudioProjects\GreenGroth\entry\build\default\intermediates\syscap\default\rpcid.sc' does not exist.
[2025-11-21T16:37:45.351] [DEBUG] debug-file - Incremental task entry:default@SyscapTransform pre-execution cost: 4 ms .
[2025-11-21T16:37:45.351] [DEBUG] debug-file - entry : default@SyscapTransform cost memory 0.15955352783203125
[2025-11-21T16:37:45.351] [DEBUG] debug-file - runTaskFromQueue task cost before running: 344 ms 
[2025-11-21T16:37:45.351] [INFO] debug-file - Finished :entry:default@SyscapTransform... after 6 ms 
[2025-11-21T16:37:45.353] [DEBUG] debug-file - Executing task :entry:default@ProcessProfile
[2025-11-21T16:37:45.354] [DEBUG] debug-file - Task 'entry:default@ProcessProfile' cost while wrapping incremental declarations: 1 ms 
[2025-11-21T16:37:45.355] [DEBUG] debug-file - Incremental task entry:default@ProcessProfile pre-execution cost: 2 ms .
[2025-11-21T16:37:45.356] [DEBUG] debug-file - entry : default@ProcessProfile cost memory 0.145782470703125
[2025-11-21T16:37:45.356] [INFO] debug-file - UP-TO-DATE :entry:default@ProcessProfile...  
[2025-11-21T16:37:45.359] [DEBUG] debug-file - Executing task :entry:default@ProcessRouterMap
[2025-11-21T16:37:45.365] [DEBUG] debug-file - Incremental task entry:default@ProcessRouterMap pre-execution cost: 5 ms .
[2025-11-21T16:37:45.366] [DEBUG] debug-file - entry : default@ProcessRouterMap cost memory 0.18491363525390625
[2025-11-21T16:37:45.367] [INFO] debug-file - UP-TO-DATE :entry:default@ProcessRouterMap...  
[2025-11-21T16:37:45.368] [DEBUG] debug-file - Executing task :entry:default@ProcessShareConfig
[2025-11-21T16:37:45.372] [DEBUG] debug-file - Incremental task entry:default@ProcessShareConfig pre-execution cost: 4 ms .
[2025-11-21T16:37:45.372] [DEBUG] debug-file - entry : default@ProcessShareConfig cost memory 0.16582489013671875
[2025-11-21T16:37:45.373] [INFO] debug-file - UP-TO-DATE :entry:default@ProcessShareConfig...  
[2025-11-21T16:37:45.374] [DEBUG] debug-file - Executing task :entry:default@ProcessStartupConfig
[2025-11-21T16:37:45.375] [DEBUG] debug-file - Task 'entry:default@ProcessStartupConfig' cost while wrapping incremental declarations: 1 ms 
[2025-11-21T16:37:45.376] [DEBUG] debug-file - entry:default@ProcessStartupConfig is not up-to-date, since the output file 'C:\Users\34857\DevEcoStudioProjects\GreenGroth\entry\build\default\intermediates\startup\default\startup_config.json' does not exist.
[2025-11-21T16:37:45.376] [DEBUG] debug-file - Incremental task entry:default@ProcessStartupConfig pre-execution cost: 2 ms .
[2025-11-21T16:37:45.377] [DEBUG] debug-file - entry : default@ProcessStartupConfig cost memory 0.16529083251953125
[2025-11-21T16:37:45.377] [DEBUG] debug-file - runTaskFromQueue task cost before running: 370 ms 
[2025-11-21T16:37:45.378] [INFO] debug-file - Finished :entry:default@ProcessStartupConfig... after 4 ms 
[2025-11-21T16:37:45.379] [DEBUG] debug-file - Executing task :entry:default@BuildNativeWithNinja
[2025-11-21T16:37:45.379] [DEBUG] debug-file - entry : default@BuildNativeWithNinja cost memory 0.02344512939453125
[2025-11-21T16:37:45.380] [DEBUG] debug-file - runTaskFromQueue task cost before running: 372 ms 
[2025-11-21T16:37:45.380] [INFO] debug-file - Finished :entry:default@BuildNativeWithNinja... after 1 ms 
[2025-11-21T16:37:45.381] [DEBUG] debug-file - restool module names: entry; moduleName=entry, taskName=default@ProcessResource
[2025-11-21T16:37:45.384] [DEBUG] debug-file - Executing task :entry:default@ProcessResource
[2025-11-21T16:37:45.384] [DEBUG] debug-file - Task 'entry:default@ProcessResource' cost while wrapping incremental declarations: 1 ms 
[2025-11-21T16:37:45.386] [DEBUG] debug-file - Incremental task entry:default@ProcessResource pre-execution cost: 2 ms .
[2025-11-21T16:37:45.386] [DEBUG] debug-file - entry : default@ProcessResource cost memory 0.1432342529296875
[2025-11-21T16:37:45.389] [INFO] debug-file - UP-TO-DATE :entry:default@ProcessResource...  
[2025-11-21T16:37:45.392] [DEBUG] debug-file - Executing task :entry:default@GenerateLoaderJson
[2025-11-21T16:37:45.393] [DEBUG] debug-file - Task 'entry:default@GenerateLoaderJson' cost while wrapping incremental declarations: 1 ms 
[2025-11-21T16:37:45.408] [DEBUG] debug-file - Incremental task entry:default@GenerateLoaderJson pre-execution cost: 10 ms .
[2025-11-21T16:37:45.408] [DEBUG] debug-file - entry : default@GenerateLoaderJson cost memory 0.6428680419921875
[2025-11-21T16:37:45.413] [INFO] debug-file - UP-TO-DATE :entry:default@GenerateLoaderJson...  
[2025-11-21T16:37:45.414] [DEBUG] debug-file - Executing task :entry:default@ProcessLibs
[2025-11-21T16:37:45.419] [DEBUG] debug-file - Incremental task entry:default@ProcessLibs pre-execution cost: 4 ms .
[2025-11-21T16:37:45.419] [DEBUG] debug-file - entry : default@ProcessLibs cost memory 0.18929290771484375
[2025-11-21T16:37:45.420] [INFO] debug-file - UP-TO-DATE :entry:default@ProcessLibs...  
[2025-11-21T16:37:45.422] [DEBUG] debug-file - restool module names: entry; moduleName=entry, taskName=default@CompileResource
[2025-11-21T16:37:45.423] [DEBUG] debug-file - Executing task :entry:default@CompileResource
[2025-11-21T16:37:45.460] [DEBUG] debug-file - Incremental task entry:default@CompileResource pre-execution cost: 35 ms .
[2025-11-21T16:37:45.460] [DEBUG] debug-file - entry : default@CompileResource cost memory -4.384307861328125
[2025-11-21T16:37:45.462] [INFO] debug-file - UP-TO-DATE :entry:default@CompileResource...  
[2025-11-21T16:37:45.464] [DEBUG] debug-file - Executing task :entry:default@DoNativeStrip
[2025-11-21T16:37:45.464] [DEBUG] debug-file - Task 'entry:default@DoNativeStrip' cost while wrapping incremental declarations: 1 ms 
[2025-11-21T16:37:45.466] [DEBUG] debug-file - Incremental task entry:default@DoNativeStrip pre-execution cost: 2 ms .
[2025-11-21T16:37:45.466] [DEBUG] debug-file - entry : default@DoNativeStrip cost memory 0.08362579345703125
[2025-11-21T16:37:45.466] [INFO] debug-file - UP-TO-DATE :entry:default@DoNativeStrip...  
[2025-11-21T16:37:45.468] [DEBUG] debug-file - Executing task :entry:default@CompileArkTS
[2025-11-21T16:37:45.469] [DEBUG] debug-file - obfuscationOptions: undefined
[2025-11-21T16:37:45.514] [DEBUG] debug-file - entry:default@CompileArkTS is not up-to-date, since the input file 'C:\Users\34857\DevEcoStudioProjects\GreenGroth\entry\src\main\ets' has been changed.
[2025-11-21T16:37:45.514] [DEBUG] debug-file - Incremental task entry:default@CompileArkTS pre-execution cost: 35 ms .
[2025-11-21T16:37:45.537] [DEBUG] debug-file - build config:
[2025-11-21T16:37:45.537] [DEBUG] debug-file - {
  moduleType: 'entry',
  perf: 0,
  targetName: '.default',
  packageManagerType: 'ohpm',
  localPropertiesPath: 'C:\\Users\\34857\\DevEcoStudioProjects\\GreenGroth\\local.properties',
  isPreview: false,
  isOhosTest: false,
  isLocalTest: false,
  buildMode: 'Debug',
  hotReloadBuild: undefined,
  watchMode: 'false',
  aceProfilePath: 'C:\\Users\\34857\\DevEcoStudioProjects\\GreenGroth\\entry\\build\\default\\intermediates\\res\\default\\resources\\base\\profile',
  etsLoaderPath: 'C:\\Program Files\\Huawei\\DevEco Studio\\sdk\\default\\openharmony\\ets\\build-tools\\ets-loader',
  modulePath: 'C:\\Users\\34857\\DevEcoStudioProjects\\GreenGroth\\entry',
  testFrameworkPar: {
    testMode: undefined,
    coveragePathFilter: undefined,
    coverageMode: undefined
  },
  needCoverageInsert: false,
  debugLine: false,
  projectTopDir: 'C:\\Users\\34857\\DevEcoStudioProjects\\GreenGroth',
  compileSdkVersion: 20,
  compatibleSdkVersion: 12,
  compatibleSdkVersionStage: 'beta1',
  bundleName: 'c***h',
  etsLoaderVersion: '6.0.0.47',
  etsLoaderReleaseType: 'Release',
  aotCompileMode: 'type',
  apPath: 'C:\\Users\\34857\\DevEcoStudioProjects\\GreenGroth\\entry\\modules.ap',
  entryModuleName: 'entry',
  entryModuleVersion: '1.0.0',
  entryPackageName: 'entry',
  allModuleNameHash: 'ac322dda3fe62b69ea7761d20fdc32fe',
  externalApiPaths: [
    'C:\\Program Files\\Huawei\\DevEco Studio\\sdk\\default\\hms\\ets'
  ],
  compilerTypes: [],
  isCrossplatform: false,
  hvigorPluginFile: undefined,
  compilePluginPath: undefined,
  buildGeneratedProfilePath: 'C:\\Users\\34857\\DevEcoStudioProjects\\GreenGroth\\entry\\build\\default\\generated\\profile\\default',
  bundleType: 'app',
  arkTSVersion: undefined,
  apiVersion: 20,
  needCompleteSourcesMap: false,
  isFaMode: false,
  strictMode: {
    caseSensitiveCheck: true,
    useNormalizedOHMUrl: true,
    noExternalImportByPath: true
  },
  buildDir: 'C:\\Users\\34857\\DevEcoStudioProjects\\GreenGroth\\entry\\build',
  deviceTypes: [ 'phone', 'tablet', 'tv', 'wearable', 'car' ],
  useNormalizedOHMUrl: true,
  pkgContextInfo: {
    '@ohos/axios': {
      packageName: '@ohos/axios',
      bundleName: '*****',
      moduleName: '',
      version: '2.2.6',
      entryPath: 'index.js',
      isSO: false,
      dependencyAlias: ''
    },
    '@ohos/hypium': {
      packageName: '@ohos/hypium',
      bundleName: '*****',
      moduleName: '',
      version: '1.0.24',
      entryPath: 'index.js',
      isSO: false,
      dependencyAlias: ''
    },
    '@ohos/hamock': {
      packageName: '@ohos/hamock',
      bundleName: '*****',
      moduleName: '',
      version: '1.0.0',
      entryPath: 'index.ets',
      isSO: false,
      dependencyAlias: ''
    },
    entry: {
      packageName: 'entry',
      bundleName: '*****',
      moduleName: '',
      version: '',
      entryPath: 'src/main/',
      isSO: false,
      dependencyAlias: ''
    }
  },
  ohPackagePathMap: {},
  dependencyAliasMap: {},
  permission: {
    requestPermissions: [ [Object], [Object] ],
    definePermissions: undefined
  },
  integratedHsp: false,
  projectArkOption: undefined,
  sourceMapDir: undefined,
  branchElimination: false,
  transformLib: undefined,
  caseSensitiveCheck: true,
  tsImportSendable: false,
  resolveConflictMode: true,
  depName2RootPath: {},
  depName2DepInfo: {},
  rootPathSet: [ 'C:\\Users\\34857\\DevEcoStudioProjects\\GreenGroth' ],
  useNativeResolver: true,
  shouldEmitJs: true,
  useTscResolve: false,
  singleFileEmit: false,
  userProjectConfig: {
    autoLazyImport: false,
    allowEmptyBundleName: false,
    reExportCheckMode: 'noCheck',
    executionMode: 'memory',
    usePathPlaceholder: false,
    writeRollupCache: true,
    isExpandImportEnabled: false,
    expandImportExclude: '',
    ignoreCrossplatformCheck: false,
    isPreloadSoEnabled: false
  },
  skipOhModulesLint: false,
  executionMode: 'memory',
  autoLazyImport: false,
  allowEmptyBundleName: false,
  reExportCheckMode: 'noCheck',
  usePathPlaceholder: false,
  writeRollupCache: true,
  isExpandImportEnabled: false,
  expandImportExclude: '',
  ignoreCrossplatformCheck: false,
  isPreloadSoEnabled: false,
  arkCompileCachePath: 'C:\\Users\\34857\\DevEcoStudioProjects\\GreenGroth\\entry\\build\\default\\cache\\default\\default@CompileArkTS\\esmodule',
  aceModuleJsonPath: 'C:\\Users\\34857\\DevEcoStudioProjects\\GreenGroth\\entry\\build\\default\\intermediates\\res\\default\\ark_module.json',
  appResource: 'C:\\Users\\34857\\DevEcoStudioProjects\\GreenGroth\\entry\\build\\default\\intermediates\\res\\default\\ResourceTable.txt',
  rawFileResource: 'C:\\Users\\34857\\DevEcoStudioProjects\\GreenGroth\\entry\\build\\default\\intermediates\\res\\default\\resources\\rawfile',
  resourceTableHash: '2eb32ec2dde5d60271a0f22321271b93',
  runtimeOS: 'HarmonyOS',
  sdkInfo: 'false:20:6.0.0.47:Release',
  aceModuleRoot: 'C:\\Users\\34857\\DevEcoStudioProjects\\GreenGroth\\entry\\src\\main\\ets',
  compileMode: 'esmodule',
  aceSuperVisualPath: 'C:\\Users\\34857\\DevEcoStudioProjects\\GreenGroth\\entry\\src\\main\\supervisual',
  aceBuildJson: 'C:\\Users\\34857\\DevEcoStudioProjects\\GreenGroth\\entry\\build\\default\\intermediates\\loader\\default\\loader.json',
  cachePath: 'C:\\Users\\34857\\DevEcoStudioProjects\\GreenGroth\\entry\\build\\default\\cache\\default\\default@CompileArkTS\\esmodule\\debug',
  aceModuleBuild: 'C:\\Users\\34857\\DevEcoStudioProjects\\GreenGroth\\entry\\build\\default\\intermediates\\loader_out\\default\\ets',
  supportChunks: true,
  declaredFilesPath: undefined,
  shouldCollectDirectImportees: false,
  isByteCodeHarOptimize: false,
  expandImportPath: undefined,
  pkgNameToPkgBriefInfo: {
    '@ohos/axios': {
      pkgRoot: 'C:\\Users\\34857\\DevEcoStudioProjects\\GreenGroth\\oh_modules\\.ohpm\\@ohos+axios@2.2.6\\oh_modules\\@ohos\\axios',
      pkgName: '@ohos/axios',
      sourceRoots: [Array]
    },
    entry: {
      pkgRoot: 'C:\\Users\\34857\\DevEcoStudioProjects\\GreenGroth\\entry',
      originalSourceRoots: undefined,
      sourceRoots: [Array],
      pkgName: 'entry'
    }
  },
  projectModel: {
    'C:\\Users\\34857\\DevEcoStudioProjects\\GreenGroth\\entry\\src\\main': {
      moduleName: 'entry',
      modulePkgPath: 'C:\\Users\\34857\\DevEcoStudioProjects\\GreenGroth\\entry',
      belongProjectPath: 'C:\\Users\\34857\\DevEcoStudioProjects\\GreenGroth'
    },
    'C:\\Users\\34857\\DevEcoStudioProjects\\GreenGroth\\entry\\build\\default\\intermediates\\src\\ohosTest\\ets': {
      moduleName: 'entry_test',
      modulePkgPath: 'C:\\Users\\34857\\DevEcoStudioProjects\\GreenGroth\\entry',
      belongProjectPath: 'C:\\Users\\34857\\DevEcoStudioProjects\\GreenGroth'
    },
    'C:\\Users\\34857\\DevEcoStudioProjects\\GreenGroth\\entry\\src\\ohosTest': {
      moduleName: 'entry_test',
      modulePkgPath: 'C:\\Users\\34857\\DevEcoStudioProjects\\GreenGroth\\entry',
      belongProjectPath: 'C:\\Users\\34857\\DevEcoStudioProjects\\GreenGroth'
    },
    'C:\\Users\\34857\\DevEcoStudioProjects\\GreenGroth\\entry': {
      moduleName: 'entry',
      modulePkgPath: 'C:\\Users\\34857\\DevEcoStudioProjects\\GreenGroth\\entry',
      belongProjectPath: 'C:\\Users\\34857\\DevEcoStudioProjects\\GreenGroth'
    },
    'C:\\Users\\34857\\DevEcoStudioProjects\\GreenGroth': {
      moduleName: 'GreenGroth',
      modulePkgPath: 'C:\\Users\\34857\\DevEcoStudioProjects\\GreenGroth',
      belongProjectPath: 'C:\\Users\\34857\\DevEcoStudioProjects\\GreenGroth'
    }
  },
  pkgJsonFileHash: '544be47d257731be7f8e0bd07118193f',
  allModulePaths: [ 'C:\\Users\\34857\\DevEcoStudioProjects\\GreenGroth\\entry' ],
  routerMap: {},
  obfuscationOptions: undefined,
  byteCodeHarToDependencyKeys: undefined,
  compileBlockPkg: [],
  mockParams: {
    decorator: '@MockSetup',
    packageName: '@ohos/hamock',
    etsSourceRootPath: 'src/main/ets',
    mockConfigPath: 'C:\\Users\\34857\\DevEcoStudioProjects\\GreenGroth\\entry\\src\\mock\\mock-config.json5',
    mockConfigKey2ModuleInfo: {},
    source2ModuleIdMap: {}
  },
  copyCodeResourceEnable: false,
  copyCodeResourceExcludes: [],
  copyCodeResourceIncludes: undefined,
  uiTransformOptimization: false,
  sdkPath: 'C:/Program Files/Huawei/DevEco Studio/sdk',
  needPreloadSoFileSet: {},
  preloadSoFilePath: 'C:\\Users\\34857\\DevEcoStudioProjects\\GreenGroth\\entry\\build\\default\\intermediates\\preload\\default\\preload.json',
  useSourceHash: false,
  localModuleParamMap: {},
  otherPaths: {
    '@ohos/axios/*': [
      '..\\..\\..\\..\\oh_modules\\.ohpm\\@ohos+axios@2.2.6\\oh_modules\\@ohos\\axios\\src\\main\\*'
    ],
    'entry/*': [
      '..\\*',
      '..\\..\\..\\build\\default\\generated\\profile\\default\\*'
    ]
  },
  collectImportersConfig: undefined
}
[2025-11-21T16:37:45.537] [DEBUG] debug-file - Compile arkts with external api path: C:\Program Files\Huawei\DevEco Studio\sdk\default\hms\ets
[2025-11-21T16:37:45.539] [DEBUG] debug-file - default@CompileArkTS work[6] is submitted.
[2025-11-21T16:37:45.540] [DEBUG] debug-file - default@CompileArkTS work[6] is pushed to ready queue.
[2025-11-21T16:37:45.540] [DEBUG] debug-file - A work dispatched to worker[11] failed because unable to get work from ready queue.
[2025-11-21T16:37:45.540] [DEBUG] debug-file - A work dispatched to worker[10] failed because unable to get work from ready queue.
[2025-11-21T16:37:45.540] [DEBUG] debug-file - A work dispatched to worker[9] failed because unable to get work from ready queue.
[2025-11-21T16:37:45.540] [DEBUG] debug-file - A work dispatched to worker[8] failed because unable to get work from ready queue.
[2025-11-21T16:37:45.540] [DEBUG] debug-file - A work dispatched to worker[7] failed because unable to get work from ready queue.
[2025-11-21T16:37:45.540] [DEBUG] debug-file - A work dispatched to worker[6] failed because unable to get work from ready queue.
[2025-11-21T16:37:45.540] [DEBUG] debug-file - A work dispatched to worker[5] failed because unable to get work from ready queue.
[2025-11-21T16:37:45.541] [DEBUG] debug-file - default@CompileArkTS work[6] has been dispatched to worker[4].
[2025-11-21T16:37:45.541] [DEBUG] debug-file - default@CompileArkTS work[6] is dispatched.
[2025-11-21T16:37:45.541] [DEBUG] debug-file - entry : default@CompileArkTS cost memory 2.4814376831054688
[2025-11-21T16:37:45.543] [DEBUG] debug-file - Executing task :entry:default@BuildJS
[2025-11-21T16:37:45.548] [DEBUG] debug-file - entry : default@BuildJS cost memory 0.14577484130859375
[2025-11-21T16:37:45.548] [DEBUG] debug-file - runTaskFromQueue task cost before running: 541 ms 
[2025-11-21T16:37:45.548] [INFO] debug-file - Finished :entry:default@BuildJS... after 6 ms 
[2025-11-21T16:37:45.550] [DEBUG] debug-file - Executing task :entry:default@CacheNativeLibs
[2025-11-21T16:37:45.551] [DEBUG] debug-file - Task 'entry:default@CacheNativeLibs' cost while wrapping incremental declarations: 1 ms 
[2025-11-21T16:37:45.553] [DEBUG] debug-file - Incremental task entry:default@CacheNativeLibs pre-execution cost: 3 ms .
[2025-11-21T16:37:45.554] [DEBUG] debug-file - entry : default@CacheNativeLibs cost memory 0.0991973876953125
[2025-11-21T16:37:45.554] [INFO] debug-file - UP-TO-DATE :entry:default@CacheNativeLibs...  
[2025-11-21T16:37:48.364] [DEBUG] debug-file - worker[4] has one work done.
[2025-11-21T16:37:48.365] [DEBUG] debug-file - default@CompileArkTS work[6] done.
[2025-11-21T16:37:48.370] [INFO] debug-file - Finished :entry:default@CompileArkTS... after 2 s 894 ms 
[2025-11-21T16:37:48.371] [DEBUG] debug-file - Executing task :entry:default@GeneratePkgModuleJson
[2025-11-21T16:37:48.372] [DEBUG] debug-file - File: 'C:\Users\34857\DevEcoStudioProjects\GreenGroth\entry\build\default\intermediates\preload\default\preload.json' from 'preloadSoJsonPath' is not exists, just ignore.
[2025-11-21T16:37:48.372] [DEBUG] debug-file - Task 'entry:default@GeneratePkgModuleJson' cost while wrapping incremental declarations: 1 ms 
[2025-11-21T16:37:48.374] [DEBUG] debug-file - Incremental task entry:default@GeneratePkgModuleJson pre-execution cost: 2 ms .
[2025-11-21T16:37:48.374] [DEBUG] debug-file - entry : default@GeneratePkgModuleJson cost memory 0.09765625
[2025-11-21T16:37:48.374] [INFO] debug-file - UP-TO-DATE :entry:default@GeneratePkgModuleJson...  
[2025-11-21T16:37:48.375] [DEBUG] debug-file - Executing task :entry:default@ProcessCompiledResources
[2025-11-21T16:37:48.375] [DEBUG] debug-file - File: 'C:\Users\34857\DevEcoStudioProjects\GreenGroth\entry\build\default\intermediates\preload\default\preload.json' from 'preloadSoJsonPath' is not exists, just ignore.
[2025-11-21T16:37:48.376] [DEBUG] debug-file - Task 'entry:default@ProcessCompiledResources' cost while wrapping incremental declarations: 1 ms 
[2025-11-21T16:37:48.376] [DEBUG] debug-file - entry : default@ProcessCompiledResources cost memory 0.0639190673828125
[2025-11-21T16:37:48.376] [DEBUG] debug-file - runTaskFromQueue task cost before running: 3 s 369 ms 
[2025-11-21T16:37:48.376] [INFO] debug-file - Finished :entry:default@ProcessCompiledResources... after 1 ms 
[2025-11-21T16:37:48.379] [DEBUG] debug-file - Executing task :entry:default@PackageHap
[2025-11-21T16:37:48.390] [DEBUG] debug-file - entry:default@PackageHap is not up-to-date, since the input file 'C:\Users\34857\DevEcoStudioProjects\GreenGroth\entry\build\default\intermediates\loader_out\default\ets' has been changed.
[2025-11-21T16:37:48.390] [DEBUG] debug-file - Incremental task entry:default@PackageHap pre-execution cost: 11 ms .
[2025-11-21T16:37:48.392] [DEBUG] debug-file - Use tool [C:\Program Files\Huawei\DevEco Studio\sdk\default\openharmony\toolchains\lib\app_packing_tool.jar]
 [
  'java',
  '-Dfile.encoding=GBK',
  '-jar',
  'C:\\Program Files\\Huawei\\DevEco Studio\\sdk\\default\\openharmony\\toolchains\\lib\\app_packing_tool.jar',
  '--mode',
  'hap',
  '--force',
  'true',
  '--lib-path',
  'C:\\Users\\34857\\DevEcoStudioProjects\\GreenGroth\\entry\\build\\default\\intermediates\\stripped_native_libs\\default',
  '--json-path',
  'C:\\Users\\34857\\DevEcoStudioProjects\\GreenGroth\\entry\\build\\default\\intermediates\\package\\default\\module.json',
  '--resources-path',
  'C:\\Users\\34857\\DevEcoStudioProjects\\GreenGroth\\entry\\build\\default\\intermediates\\res\\default\\resources',
  '--index-path',
  'C:\\Users\\34857\\DevEcoStudioProjects\\GreenGroth\\entry\\build\\default\\intermediates\\res\\default\\resources.index',
  '--pack-info-path',
  'C:\\Users\\34857\\DevEcoStudioProjects\\GreenGroth\\entry\\build\\default\\outputs\\default\\pack.info',
  '--out-path',
  'C:\\Users\\34857\\DevEcoStudioProjects\\GreenGroth\\entry\\build\\default\\outputs\\default\\entry-default-unsigned.hap',
  '--ets-path',
  'C:\\Users\\34857\\DevEcoStudioProjects\\GreenGroth\\entry\\build\\default\\intermediates\\loader_out\\default\\ets',
  '--pkg-context-path',
  'C:\\Users\\34857\\DevEcoStudioProjects\\GreenGroth\\entry\\build\\default\\intermediates\\loader\\default\\pkgContextInfo.json'
]
[2025-11-21T16:37:48.434] [DEBUG] debug-file - java daemon socket received message:{"code":0,"message":"pack success"}
[2025-11-21T16:37:48.441] [DEBUG] debug-file - entry : default@PackageHap cost memory 0.6892471313476562
[2025-11-21T16:37:48.442] [DEBUG] debug-file - runTaskFromQueue task cost before running: 3 s 434 ms 
[2025-11-21T16:37:48.444] [INFO] debug-file - Finished :entry:default@PackageHap... after 64 ms 
[2025-11-21T16:37:48.446] [DEBUG] debug-file - Executing task :entry:default@PackingCheck
[2025-11-21T16:37:48.454] [DEBUG] debug-file - entry : default@PackingCheck cost memory 0.4136810302734375
[2025-11-21T16:37:48.454] [DEBUG] debug-file - runTaskFromQueue task cost before running: 3 s 447 ms 
[2025-11-21T16:37:48.454] [INFO] debug-file - Finished :entry:default@PackingCheck... after 8 ms 
[2025-11-21T16:37:48.456] [DEBUG] debug-file - Executing task :entry:default@SignHap
[2025-11-21T16:37:48.459] [DEBUG] debug-file - entry:default@SignHap is not up-to-date, since the input file 'C:\Users\34857\DevEcoStudioProjects\GreenGroth\entry\build\default\outputs\default\entry-default-unsigned.hap' has been changed.
[2025-11-21T16:37:48.460] [DEBUG] debug-file - Incremental task entry:default@SignHap pre-execution cost: 3 ms .
[2025-11-21T16:37:48.485] [DEBUG] debug-file - java daemon socket close code:1000 reason:close by user
[2025-11-21T16:37:48.531] [DEBUG] debug-file - java daemon socket received message:{"code":0,"message":"verify profile success"}
[2025-11-21T16:37:48.535] [DEBUG] debug-file - java daemon socket close code:1000 reason:close by user
[2025-11-21T16:37:48.636] [DEBUG] debug-file - java daemon socket received message:{"code":0,"message":"sign app success"}
[2025-11-21T16:37:48.637] [DEBUG] debug-file - entry : default@SignHap cost memory 0.6002883911132812
[2025-11-21T16:37:48.637] [DEBUG] debug-file - runTaskFromQueue task cost before running: 3 s 630 ms 
[2025-11-21T16:37:48.637] [INFO] debug-file - Finished :entry:default@SignHap... after 181 ms 
[2025-11-21T16:37:48.639] [DEBUG] debug-file - Executing task :entry:default@CollectDebugSymbol
[2025-11-21T16:37:48.641] [DEBUG] debug-file - entry : default@CollectDebugSymbol cost memory 0.09874725341796875
[2025-11-21T16:37:48.641] [DEBUG] debug-file - runTaskFromQueue task cost before running: 3 s 633 ms 
[2025-11-21T16:37:48.641] [INFO] debug-file - Finished :entry:default@CollectDebugSymbol... after 2 ms 
[2025-11-21T16:37:48.641] [DEBUG] debug-file - Executing task :entry:assembleHap
[2025-11-21T16:37:48.641] [DEBUG] debug-file - entry : assembleHap cost memory 0.01348114013671875
[2025-11-21T16:37:48.641] [DEBUG] debug-file - runTaskFromQueue task cost before running: 3 s 634 ms 
[2025-11-21T16:37:48.642] [INFO] debug-file - Finished :entry:assembleHap... after 1 ms 
[2025-11-21T16:37:48.650] [INFO] debug-file - BUILD SUCCESSFUL in 3 s 643 ms 
[2025-11-21T16:37:48.650] [DEBUG] debug-file - There is no need to refresh cache, since the incremental task entry:default@PreBuild is up-to-date.
[2025-11-21T16:37:48.651] [DEBUG] debug-file - Update task entry:default@CreateModuleInfo output file:C:\Users\34857\DevEcoStudioProjects\GreenGroth\entry\build\default\generated\profile\default\ModuleInfo.ts cache.
[2025-11-21T16:37:48.651] [DEBUG] debug-file - Incremental task entry:default@CreateModuleInfo post-execution cost:1 ms .
[2025-11-21T16:37:48.651] [DEBUG] debug-file - There is no need to refresh cache, since the incremental task entry:default@GenerateMetadata is up-to-date.
[2025-11-21T16:37:48.651] [DEBUG] debug-file - There is no need to refresh cache, since the incremental task entry:default@MergeProfile is up-to-date.
[2025-11-21T16:37:48.651] [DEBUG] debug-file - There is no need to refresh cache, since the incremental task entry:default@CreateBuildProfile is up-to-date.
[2025-11-21T16:37:48.652] [DEBUG] debug-file - There is no need to refresh cache, since the incremental task entry:default@GeneratePkgContextInfo is up-to-date.
[2025-11-21T16:37:48.652] [DEBUG] debug-file - Update task entry:default@ProcessIntegratedHsp output file:C:\Users\34857\DevEcoStudioProjects\GreenGroth\build\cache\default\integrated_hsp\integratedHspCache.json cache.
[2025-11-21T16:37:48.652] [DEBUG] debug-file - Incremental task entry:default@ProcessIntegratedHsp post-execution cost:1 ms .
[2025-11-21T16:37:48.652] [DEBUG] debug-file - There is no need to refresh cache, since the incremental task entry:default@MakePackInfo is up-to-date.
[2025-11-21T16:37:48.652] [DEBUG] debug-file - Update task entry:default@SyscapTransform input file:C:\Program Files\Huawei\DevEco Studio\sdk\default\openharmony\toolchains\syscap_tool.exe cache by regenerate.
[2025-11-21T16:37:48.653] [DEBUG] debug-file - Update task entry:default@SyscapTransform input file:C:\Program Files\Huawei\DevEco Studio\sdk\default\openharmony\ets\api\device-define cache by regenerate.
[2025-11-21T16:37:48.655] [DEBUG] debug-file - Update task entry:default@SyscapTransform output file:C:\Users\34857\DevEcoStudioProjects\GreenGroth\entry\build\default\intermediates\syscap\default\rpcid.sc cache.
[2025-11-21T16:37:48.655] [DEBUG] debug-file - Incremental task entry:default@SyscapTransform post-execution cost:4 ms .
[2025-11-21T16:37:48.656] [DEBUG] debug-file - There is no need to refresh cache, since the incremental task entry:default@ProcessProfile is up-to-date.
[2025-11-21T16:37:48.656] [DEBUG] debug-file - There is no need to refresh cache, since the incremental task entry:default@ProcessRouterMap is up-to-date.
[2025-11-21T16:37:48.656] [DEBUG] debug-file - There is no need to refresh cache, since the incremental task entry:default@ProcessShareConfig is up-to-date.
[2025-11-21T16:37:48.656] [DEBUG] debug-file - Update task entry:default@ProcessStartupConfig input file:C:\Users\34857\DevEcoStudioProjects\GreenGroth\entry\build\default\intermediates\loader\default\pkgContextInfo.json cache by regenerate.
[2025-11-21T16:37:48.656] [DEBUG] debug-file - Update task entry:default@ProcessStartupConfig output file:C:\Users\34857\DevEcoStudioProjects\GreenGroth\entry\build\default\intermediates\startup\default\startup_config.json cache.
[2025-11-21T16:37:48.657] [DEBUG] debug-file - Incremental task entry:default@ProcessStartupConfig post-execution cost:1 ms .
[2025-11-21T16:37:48.657] [DEBUG] debug-file - There is no need to refresh cache, since the incremental task entry:default@ProcessResource is up-to-date.
[2025-11-21T16:37:48.657] [DEBUG] debug-file - There is no need to refresh cache, since the incremental task entry:default@GenerateLoaderJson is up-to-date.
[2025-11-21T16:37:48.657] [DEBUG] debug-file - There is no need to refresh cache, since the incremental task entry:default@ProcessLibs is up-to-date.
[2025-11-21T16:37:48.657] [DEBUG] debug-file - There is no need to refresh cache, since the incremental task entry:default@CompileResource is up-to-date.
[2025-11-21T16:37:48.657] [DEBUG] debug-file - There is no need to refresh cache, since the incremental task entry:default@DoNativeStrip is up-to-date.
[2025-11-21T16:37:48.660] [DEBUG] debug-file - Update task entry:default@CompileArkTS input file:C:\Users\34857\DevEcoStudioProjects\GreenGroth\entry\build\default\intermediates\loader\default cache by regenerate.
[2025-11-21T16:37:48.661] [DEBUG] debug-file - Update task entry:default@CompileArkTS input file:C:\Users\34857\DevEcoStudioProjects\GreenGroth\oh_modules\.ohpm\@ohos+axios@2.2.6\oh_modules\@ohos\axios\index.js cache by regenerate.
[2025-11-21T16:37:48.662] [DEBUG] debug-file - Update task entry:default@CompileArkTS input file:C:\Users\34857\DevEcoStudioProjects\GreenGroth\oh_modules\.ohpm\@ohos+axios@2.2.6\oh_modules\@ohos\axios\src\main\ets cache by regenerate.
[2025-11-21T16:37:48.683] [DEBUG] debug-file - Update task entry:default@CompileArkTS input file:C:\Users\34857\DevEcoStudioProjects\GreenGroth\entry\build\default\intermediates\res\default\resources\rawfile cache by regenerate.
[2025-11-21T16:37:48.684] [DEBUG] debug-file - Update task entry:default@CompileArkTS input file:C:\Users\34857\DevEcoStudioProjects\GreenGroth\entry\build\default\intermediates\res\default\ResourceTable.txt cache by regenerate.
[2025-11-21T16:37:48.684] [DEBUG] debug-file - Update task entry:default@CompileArkTS input file:C:\Users\34857\DevEcoStudioProjects\GreenGroth\entry\build\default\intermediates\res\default\ark_module.json cache by regenerate.
[2025-11-21T16:37:48.685] [DEBUG] debug-file - Update task entry:default@CompileArkTS input file:C:\Users\34857\DevEcoStudioProjects\GreenGroth\entry\build\default\intermediates\res\default\resources\base\profile cache by regenerate.
[2025-11-21T16:37:48.686] [DEBUG] debug-file - Update task entry:default@CompileArkTS input file:C:\Users\34857\DevEcoStudioProjects\GreenGroth\entry\src\main\ets cache from map.
[2025-11-21T16:37:48.686] [DEBUG] debug-file - Update task entry:default@CompileArkTS input file:C:\Users\34857\DevEcoStudioProjects\GreenGroth\entry\build\default\intermediates\loader\default\pkgContextInfo.json cache by regenerate.
[2025-11-21T16:37:48.686] [DEBUG] debug-file - Update task entry:default@CompileArkTS input file:C:\Users\34857\DevEcoStudioProjects\GreenGroth\entry\build\default\generated\profile\default\BuildProfile.ets cache by regenerate.
[2025-11-21T16:37:48.686] [DEBUG] debug-file - Update task entry:default@CompileArkTS input file:C:\Users\34857\DevEcoStudioProjects\GreenGroth\entry\src\mock\mock-config.json5 cache by regenerate.
[2025-11-21T16:37:48.687] [DEBUG] debug-file - Update task entry:default@CompileArkTS output file:C:\Users\34857\DevEcoStudioProjects\GreenGroth\entry\build\default\intermediates\loader_out\default\ets cache.
[2025-11-21T16:37:48.688] [DEBUG] debug-file - Incremental task entry:default@CompileArkTS post-execution cost:31 ms .
[2025-11-21T16:37:48.690] [DEBUG] debug-file - Update task entry:default@BuildJS input file:C:\Users\34857\DevEcoStudioProjects\GreenGroth\entry\build\default\intermediates\loader\default cache by regenerate.
[2025-11-21T16:37:48.691] [DEBUG] debug-file - Update task entry:default@BuildJS input file:C:\Users\34857\DevEcoStudioProjects\GreenGroth\oh_modules\.ohpm\@ohos+axios@2.2.6\oh_modules\@ohos\axios\index.js cache by regenerate.
[2025-11-21T16:37:48.692] [DEBUG] debug-file - Update task entry:default@BuildJS input file:C:\Users\34857\DevEcoStudioProjects\GreenGroth\entry\build\default\intermediates\res\default\resources\rawfile cache by regenerate.
[2025-11-21T16:37:48.693] [DEBUG] debug-file - Update task entry:default@BuildJS input file:C:\Users\34857\DevEcoStudioProjects\GreenGroth\entry\build\default\intermediates\res\default\ResourceTable.txt cache by regenerate.
[2025-11-21T16:37:48.693] [DEBUG] debug-file - Update task entry:default@BuildJS input file:C:\Users\34857\DevEcoStudioProjects\GreenGroth\entry\build\default\intermediates\res\default\ark_module.json cache by regenerate.
[2025-11-21T16:37:48.694] [DEBUG] debug-file - Update task entry:default@BuildJS input file:C:\Users\34857\DevEcoStudioProjects\GreenGroth\entry\build\default\intermediates\res\default\resources\base\profile cache by regenerate.
[2025-11-21T16:37:48.695] [DEBUG] debug-file - Update task entry:default@BuildJS input file:C:\Users\34857\DevEcoStudioProjects\GreenGroth\entry\build\default\intermediates\loader\default\pkgContextInfo.json cache by regenerate.
[2025-11-21T16:37:48.695] [DEBUG] debug-file - Update task entry:default@BuildJS output file:C:\Users\34857\DevEcoStudioProjects\GreenGroth\entry\build\default\intermediates\loader_out\default\js cache.
[2025-11-21T16:37:48.695] [DEBUG] debug-file - Incremental task entry:default@BuildJS post-execution cost:8 ms .
[2025-11-21T16:37:48.695] [DEBUG] debug-file - There is no need to refresh cache, since the incremental task entry:default@CacheNativeLibs is up-to-date.
[2025-11-21T16:37:48.695] [DEBUG] debug-file - There is no need to refresh cache, since the incremental task entry:default@GeneratePkgModuleJson is up-to-date.
[2025-11-21T16:37:48.696] [DEBUG] debug-file - Incremental task entry:default@ProcessCompiledResources post-execution cost:1 ms .
[2025-11-21T16:37:48.697] [DEBUG] debug-file - Update task entry:default@PackageHap input file:C:\Users\34857\DevEcoStudioProjects\GreenGroth\entry\build\default\intermediates\stripped_native_libs\default cache by regenerate.
[2025-11-21T16:37:48.697] [DEBUG] debug-file - Update task entry:default@PackageHap input file:C:\Users\34857\DevEcoStudioProjects\GreenGroth\entry\build\default\intermediates\res\default\module.json cache by regenerate.
[2025-11-21T16:37:48.697] [DEBUG] debug-file - Update task entry:default@PackageHap input file:C:\Users\34857\DevEcoStudioProjects\GreenGroth\entry\build\default\intermediates\res\default\resources cache by regenerate.
[2025-11-21T16:37:48.701] [DEBUG] debug-file - Update task entry:default@PackageHap input file:C:\Users\34857\DevEcoStudioProjects\GreenGroth\entry\build\default\intermediates\res\default\resources.index cache by regenerate.
[2025-11-21T16:37:48.702] [DEBUG] debug-file - Update task entry:default@PackageHap input file:C:\Users\34857\DevEcoStudioProjects\GreenGroth\entry\build\default\outputs\default\pack.info cache by regenerate.
[2025-11-21T16:37:48.702] [DEBUG] debug-file - Update task entry:default@PackageHap input file:C:\Users\34857\DevEcoStudioProjects\GreenGroth\entry\build\default\intermediates\loader_out\default\ets cache from map.
[2025-11-21T16:37:48.702] [DEBUG] debug-file - Update task entry:default@PackageHap input file:C:\Users\34857\DevEcoStudioProjects\GreenGroth\entry\build\default\intermediates\loader\default\pkgContextInfo.json cache by regenerate.
[2025-11-21T16:37:48.702] [DEBUG] debug-file - Update task entry:default@PackageHap input file:C:\Users\34857\DevEcoStudioProjects\GreenGroth\entry\build\default\intermediates\loader_out\default\ets\sourceMaps.map cache by regenerate.
[2025-11-21T16:37:48.703] [DEBUG] debug-file - Update task entry:default@PackageHap input file:C:\Users\34857\DevEcoStudioProjects\GreenGroth\entry\build\default\generated\profile\default\BuildProfile.ets cache by regenerate.
[2025-11-21T16:37:48.703] [DEBUG] debug-file - Update task entry:default@PackageHap output file:C:\Users\34857\DevEcoStudioProjects\GreenGroth\entry\build\default\outputs\default\entry-default-unsigned.hap cache.
[2025-11-21T16:37:48.703] [DEBUG] debug-file - Update task entry:default@PackageHap output file:C:\Users\34857\DevEcoStudioProjects\GreenGroth\entry\build\default\intermediates\source_map\default\sourceMaps.map cache.
[2025-11-21T16:37:48.704] [DEBUG] debug-file - Update task entry:default@PackageHap output file:C:\Users\34857\DevEcoStudioProjects\GreenGroth\entry\build\default\outputs\default\mapping\sourceMaps.map cache.
[2025-11-21T16:37:48.704] [DEBUG] debug-file - Incremental task entry:default@PackageHap post-execution cost:9 ms .
[2025-11-21T16:37:48.705] [DEBUG] debug-file - Update task entry:default@SignHap input file:C:\Users\34857\.ohos\config\default_GreenGroth_2zkMoGRQ23T0hwfrix4UQ-P3d7ce_fX4DJwYQf7UnIw=.cer cache by regenerate.
[2025-11-21T16:37:48.705] [DEBUG] debug-file - Update task entry:default@SignHap input file:C:\Users\34857\.ohos\config\default_GreenGroth_2zkMoGRQ23T0hwfrix4UQ-P3d7ce_fX4DJwYQf7UnIw=.p7b cache by regenerate.
[2025-11-21T16:37:48.705] [DEBUG] debug-file - Update task entry:default@SignHap input file:C:\Users\34857\.ohos\config\default_GreenGroth_2zkMoGRQ23T0hwfrix4UQ-P3d7ce_fX4DJwYQf7UnIw=.p12 cache by regenerate.
[2025-11-21T16:37:48.706] [DEBUG] debug-file - Update task entry:default@SignHap input file:C:\Users\34857\DevEcoStudioProjects\GreenGroth\entry\build\default\outputs\default\entry-default-unsigned.hap cache from map.
[2025-11-21T16:37:48.706] [DEBUG] debug-file - Update task entry:default@SignHap output file:C:\Users\34857\DevEcoStudioProjects\GreenGroth\entry\build\default\outputs\default\entry-default-signed.hap cache.
[2025-11-21T16:37:48.706] [DEBUG] debug-file - Incremental task entry:default@SignHap post-execution cost:2 ms .
[2025-11-21T16:37:48.707] [DEBUG] debug-file - Update task entry:default@CollectDebugSymbol input file:C:\Users\34857\DevEcoStudioProjects\GreenGroth\entry\build\default\intermediates\loader_out\default\ets\sourceMaps.map cache by regenerate.
[2025-11-21T16:37:48.707] [DEBUG] debug-file - Update task entry:default@CollectDebugSymbol input file:C:\Users\34857\DevEcoStudioProjects\GreenGroth\entry\build\default\intermediates\libs\default cache by regenerate.
[2025-11-21T16:37:48.708] [DEBUG] debug-file - Update task entry:default@CollectDebugSymbol output file:C:\Users\34857\DevEcoStudioProjects\GreenGroth\entry\build\default\outputs\default\symbol cache.
[2025-11-21T16:37:48.708] [DEBUG] debug-file - Incremental task entry:default@CollectDebugSymbol post-execution cost:2 ms .
[2025-11-21T16:37:48.732] [DEBUG] debug-file - hvigor build process will be closed.
[2025-11-21T16:37:48.732] [DEBUG] debug-file - java daemon socket close code:1000 reason:close by user
[2025-11-21T16:37:48.741] [DEBUG] debug-file - session manager: send message to worker process.
[2025-11-21T16:37:48.742] [DEBUG] debug-file - session manager: send message to worker process.
[2025-11-21T16:37:48.742] [DEBUG] debug-file - watch worker: worker id should be larger than 0. Nothing will be sent to any worker thread.
[2025-11-21T16:37:48.743] [DEBUG] debug-file - watch worker: worker id should be larger than 0. Nothing will be sent to any worker thread.
[2025-11-21T17:50:42.450] [DEBUG] debug-file - env: nodejsVersion=v18.20.1
[2025-11-21T17:50:42.553] [DEBUG] debug-file - env: daemon=true
[2025-11-21T17:50:42.452] [DEBUG] debug-file - env: hvigor-config.json5 content = {
  modelVersion: '6.0.0',
  dependencies: {},
  execution: {},
  logging: {},
  debugging: {},
  nodeOptions: {}
}
[2025-11-21T17:50:43.823] [DEBUG] debug-file - java daemon tryConnect failed Error: connect ECONNREFUSED 127.0.0.1:45050
[2025-11-21T17:50:43.833] [DEBUG] debug-file - java daemon started at port 45050 pid 21920
[2025-11-21T17:50:43.884] [DEBUG] debug-file - session manager: set active socket. socketId=AmlprsMhLkbumrU2AAAB
[2025-11-21T17:50:45.285] [DEBUG] debug-file - watch worker: worker id should be larger than 0. Nothing will be sent to any worker thread.
[2025-11-21T17:50:45.299] [DEBUG] debug-file - Hvigor init with startParameters:{
  hvigorfileTypeCheck: false,
  parallelExecution: true,
  incrementalExecution: true,
  printStackTrace: false,
  daemon: true,
  analyze: 0,
  logLevel: Level { level: 20000, levelStr: 'INFO', colour: 'green' },
  optimizationStrategy: 'memory',
  hotCompile: undefined,
  hotReloadBuild: undefined
}
[2025-11-21T17:50:45.305] [DEBUG] debug-file - Cache service initialization finished in 6 ms 
[2025-11-21T17:50:45.307] [DEBUG] debug-file - hvigorfile, resolving C:\Users\34857\DevEcoStudioProjects\GreenGroth\hvigorfile.ts
[2025-11-21T17:50:48.229] [DEBUG] debug-file - hvigorfile, require result:  { default: { plugins: [] } }
[2025-11-21T17:50:48.230] [DEBUG] debug-file - hvigorfile, binding system plugins null
[2025-11-21T17:50:48.454] [DEBUG] debug-file - Start initialize project's product build option map with build mode debug.
[2025-11-21T17:50:48.455] [DEBUG] debug-file - Picking option from product 'default' with build mode 'debug'.
[2025-11-21T17:50:48.455] [DEBUG] debug-file - Product 'default' build option initialized
[2025-11-21T17:50:48.456] [DEBUG] debug-file - End initialize project's product build option map with build mode 'debug'.
[2025-11-21T17:50:48.459] [DEBUG] debug-file - Obtain build option for product 'default'in this build.
[2025-11-21T17:50:48.471] [DEBUG] debug-file - C:\Users\34857\DevEcoStudioProjects\GreenGroth\build\cache\default\remote_hsp\remoteHspCache.json not exists.
[2025-11-21T17:50:48.475] [DEBUG] debug-file - Local scan or download HarmonyOS sdk components toolchains,ets,js,native,previewer
[2025-11-21T17:50:48.479] [DEBUG] debug-file - Local scan or download hmscore sdk components toolchains,ets,native
[2025-11-21T17:50:48.482] [DEBUG] debug-file - Start recording SDK configuration permission data.
[2025-11-21T17:50:48.527] [DEBUG] debug-file - Sdk init in 54 ms 
[2025-11-21T17:50:48.535] [DEBUG] debug-file - Project task initialization takes 6 ms 
[2025-11-21T17:50:48.535] [DEBUG] debug-file - hvigorfile, binding custom plugins []
[2025-11-21T17:50:48.535] [DEBUG] debug-file - hvigorfile, no custom plugins were found in C:\Users\34857\DevEcoStudioProjects\GreenGroth\hvigorfile.ts
[2025-11-21T17:50:48.535] [DEBUG] debug-file - hvigorfile, resolve finished C:\Users\34857\DevEcoStudioProjects\GreenGroth\hvigorfile.ts
[2025-11-21T17:50:48.537] [DEBUG] debug-file - hvigorfile, resolving C:\Users\34857\DevEcoStudioProjects\GreenGroth\entry\hvigorfile.ts
[2025-11-21T17:50:48.546] [DEBUG] debug-file - hvigorfile, require result:  { default: { plugins: [] } }
[2025-11-21T17:50:48.546] [DEBUG] debug-file - hvigorfile, binding system plugins null
[2025-11-21T17:50:48.548] [DEBUG] debug-file - failed to load cangjie to dynamically generate schemas: Error: Cannot find module '@ohos/cangjie-build-support/index'
Require stack:
- C:\Program Files\Huawei\DevEco Studio\tools\hvigor\hvigor-ohos-plugin\src\plugin\factory\plugin-factory.js
- C:\Program Files\Huawei\DevEco Studio\tools\hvigor\hvigor-ohos-plugin\index.js
- C:\Users\34857\DevEcoStudioProjects\GreenGroth\hvigorfile.ts
- C:\Program Files\Huawei\DevEco Studio\tools\hvigor\hvigor\src\base\internal\lifecycle\configuration.js
- C:\Program Files\Huawei\DevEco Studio\tools\hvigor\hvigor\src\base\boot\index.js
- C:\Program Files\Huawei\DevEco Studio\tools\hvigor\hvigor\src\base\daemon\cluster\worker-process-lifecycle.js
- C:\Program Files\Huawei\DevEco Studio\tools\hvigor\hvigor\src\base\daemon\process\daemon-process-boot-script.js
[2025-11-21T17:50:48.566] [DEBUG] debug-file - Start initialize module-target build option map, moduleName=entry, buildMode=debug
[2025-11-21T17:50:48.566] [DEBUG] debug-file - Target 'default' config initialized
[2025-11-21T17:50:48.567] [DEBUG] debug-file - Target 'ohosTest' config initialized
[2025-11-21T17:50:48.567] [DEBUG] debug-file - Module 'entry' target 'default' build option initialized
[2025-11-21T17:50:48.568] [DEBUG] debug-file - Module 'entry' target 'ohosTest' build option initialized
[2025-11-21T17:50:48.568] [DEBUG] debug-file - End initialize module-target build option map, moduleName=entry
[2025-11-21T17:50:48.568] [DEBUG] debug-file - Start initialize module-target build option map, moduleName=entry, buildMode=release
[2025-11-21T17:50:48.568] [DEBUG] debug-file - Target 'default' config initialized
[2025-11-21T17:50:48.568] [DEBUG] debug-file - Target 'ohosTest' config initialized
[2025-11-21T17:50:48.569] [DEBUG] debug-file - Module 'entry' target 'default' build option initialized
[2025-11-21T17:50:48.569] [DEBUG] debug-file - Module 'entry' target 'ohosTest' build option initialized
[2025-11-21T17:50:48.569] [DEBUG] debug-file - End initialize module-target build option map, moduleName=entry
[2025-11-21T17:50:48.569] [DEBUG] debug-file - Start initialize module-target build option map, moduleName=entry, buildMode=debug
[2025-11-21T17:50:48.569] [DEBUG] debug-file - Target 'default' config initialized
[2025-11-21T17:50:48.569] [DEBUG] debug-file - Target 'ohosTest' config initialized
[2025-11-21T17:50:48.570] [DEBUG] debug-file - Module 'entry' target 'default' build option initialized
[2025-11-21T17:50:48.570] [DEBUG] debug-file - Module 'entry' target 'ohosTest' build option initialized
[2025-11-21T17:50:48.570] [DEBUG] debug-file - End initialize module-target build option map, moduleName=entry
[2025-11-21T17:50:48.570] [DEBUG] debug-file - Obtain build option for module 'entry' target 'default'in this build.
[2025-11-21T17:50:48.577] [DEBUG] debug-file - Module entry task initialization takes 6 ms 
[2025-11-21T17:50:48.577] [DEBUG] debug-file - hvigorfile, binding custom plugins []
[2025-11-21T17:50:48.577] [DEBUG] debug-file - hvigorfile, no custom plugins were found in C:\Users\34857\DevEcoStudioProjects\GreenGroth\entry\hvigorfile.ts
[2025-11-21T17:50:48.577] [DEBUG] debug-file - hvigorfile, resolve finished C:\Users\34857\DevEcoStudioProjects\GreenGroth\entry\hvigorfile.ts
[2025-11-21T17:50:48.670] [DEBUG] debug-file - hvigorfile, resolve hvigorfile dependencies in 93 ms 
[2025-11-21T17:50:48.671] [DEBUG] debug-file - project has submodules:entry
[2025-11-21T17:50:48.675] [DEBUG] debug-file - start to load updatedOhPackageInfo to the disk
[2025-11-21T17:50:48.687] [DEBUG] debug-file - load to the disk finished
[2025-11-21T17:50:48.689] [DEBUG] debug-file - Start to initialize dependency information.
[2025-11-21T17:50:48.712] [DEBUG] debug-file - Module GreenGroth Collected Dependency: 
[2025-11-21T17:50:48.712] [DEBUG] debug-file - Module GreenGroth's total dependency: 0
[2025-11-21T17:50:48.714] [DEBUG] debug-file - Start to initialize dependency information.
[2025-11-21T17:50:48.734] [DEBUG] debug-file - Module entry Collected Dependency: C:\Users\34857\DevEcoStudioProjects\GreenGroth\oh_modules\.ohpm\@ohos+axios@2.2.6\oh_modules\@ohos\axios
[2025-11-21T17:50:48.734] [DEBUG] debug-file - Module entry's total dependency: 1
[2025-11-21T17:50:48.744] [DEBUG] debug-file - Configuration phase cost:3 s 439 ms 
[2025-11-21T17:50:48.749] [DEBUG] debug-file - Configuration task cost before running: 3 s 460 ms 
[2025-11-21T17:50:48.764] [DEBUG] debug-file - Executing task :entry:default@PreBuild
[2025-11-21T17:50:48.768] [DEBUG] debug-file - Task 'entry:default@PreBuild' cost while wrapping incremental declarations: 1 ms 
[2025-11-21T17:50:48.793] [DEBUG] debug-file - Incremental task entry:default@PreBuild pre-execution cost: 16 ms .
[2025-11-21T17:50:48.793] [DEBUG] debug-file - entry : default@PreBuild cost memory 0.39438629150390625
[2025-11-21T17:50:48.798] [INFO] debug-file - UP-TO-DATE :entry:default@PreBuild...  
[2025-11-21T17:50:48.799] [DEBUG] debug-file - Executing task :entry:default@CreateModuleInfo
[2025-11-21T17:50:48.799] [DEBUG] debug-file - Task 'entry:default@CreateModuleInfo' cost while wrapping incremental declarations: 1 ms 
[2025-11-21T17:50:48.800] [DEBUG] debug-file - entry : default@CreateModuleInfo cost memory 0.04175567626953125
[2025-11-21T17:50:48.800] [DEBUG] debug-file - runTaskFromQueue task cost before running: 3 s 511 ms 
[2025-11-21T17:50:48.801] [INFO] debug-file - Finished :entry:default@CreateModuleInfo... after 2 ms 
[2025-11-21T17:50:48.809] [DEBUG] debug-file - Executing task :entry:default@GenerateMetadata
[2025-11-21T17:50:48.810] [DEBUG] debug-file - Task 'entry:default@GenerateMetadata' cost while wrapping incremental declarations: 1 ms 
[2025-11-21T17:50:48.812] [DEBUG] debug-file - Incremental task entry:default@GenerateMetadata pre-execution cost: 2 ms .
[2025-11-21T17:50:48.812] [DEBUG] debug-file - entry : default@GenerateMetadata cost memory 0.10063934326171875
[2025-11-21T17:50:48.812] [INFO] debug-file - UP-TO-DATE :entry:default@GenerateMetadata...  
[2025-11-21T17:50:48.814] [DEBUG] debug-file - Executing task :entry:default@ConfigureCmake
[2025-11-21T17:50:48.814] [DEBUG] debug-file - entry : default@ConfigureCmake cost memory 0.0161285400390625
[2025-11-21T17:50:48.814] [DEBUG] debug-file - runTaskFromQueue task cost before running: 3 s 525 ms 
[2025-11-21T17:50:48.815] [INFO] debug-file - Finished :entry:default@ConfigureCmake... after 1 ms 
[2025-11-21T17:50:48.816] [DEBUG] debug-file - Executing task :entry:default@MergeProfile
[2025-11-21T17:50:48.817] [DEBUG] debug-file - Task 'entry:default@MergeProfile' cost while wrapping incremental declarations: 1 ms 
[2025-11-21T17:50:48.821] [DEBUG] debug-file - Incremental task entry:default@MergeProfile pre-execution cost: 4 ms .
[2025-11-21T17:50:48.821] [DEBUG] debug-file - entry : default@MergeProfile cost memory 0.16471099853515625
[2025-11-21T17:50:48.822] [INFO] debug-file - UP-TO-DATE :entry:default@MergeProfile...  
[2025-11-21T17:50:48.823] [DEBUG] debug-file - Executing task :entry:default@CreateBuildProfile
[2025-11-21T17:50:48.824] [DEBUG] debug-file - Task 'entry:default@CreateBuildProfile' cost while wrapping incremental declarations: 1 ms 
[2025-11-21T17:50:48.826] [DEBUG] debug-file - Incremental task entry:default@CreateBuildProfile pre-execution cost: 2 ms .
[2025-11-21T17:50:48.826] [DEBUG] debug-file - entry : default@CreateBuildProfile cost memory 0.1082611083984375
[2025-11-21T17:50:48.826] [INFO] debug-file - UP-TO-DATE :entry:default@CreateBuildProfile...  
[2025-11-21T17:50:48.827] [DEBUG] debug-file - Executing task :entry:default@PreCheckSyscap
[2025-11-21T17:50:48.828] [DEBUG] debug-file - entry : default@PreCheckSyscap cost memory 0.01636505126953125
[2025-11-21T17:50:48.828] [DEBUG] debug-file - runTaskFromQueue task cost before running: 3 s 538 ms 
[2025-11-21T17:50:48.828] [INFO] debug-file - Finished :entry:default@PreCheckSyscap... after 1 ms 
[2025-11-21T17:50:48.830] [DEBUG] debug-file - Executing task :entry:default@GeneratePkgContextInfo
[2025-11-21T17:50:48.841] [DEBUG] debug-file - Task 'entry:default@GeneratePkgContextInfo' cost while wrapping incremental declarations: 1 ms 
[2025-11-21T17:50:48.842] [DEBUG] debug-file - Incremental task entry:default@GeneratePkgContextInfo pre-execution cost: 1 ms .
[2025-11-21T17:50:48.842] [DEBUG] debug-file - entry : default@GeneratePkgContextInfo cost memory 0.33978271484375
[2025-11-21T17:50:48.843] [INFO] debug-file - UP-TO-DATE :entry:default@GeneratePkgContextInfo...  
[2025-11-21T17:50:48.851] [DEBUG] debug-file - Executing task :entry:default@ProcessIntegratedHsp
[2025-11-21T17:50:48.852] [DEBUG] debug-file - entry:default@ProcessIntegratedHsp is not up-to-date, since the output file 'C:\Users\34857\DevEcoStudioProjects\GreenGroth\build\cache\default\integrated_hsp\integratedHspCache.json' does not exist.
[2025-11-21T17:50:48.852] [DEBUG] debug-file - Incremental task entry:default@ProcessIntegratedHsp pre-execution cost: 1 ms .
[2025-11-21T17:50:48.853] [DEBUG] debug-file - entry : default@ProcessIntegratedHsp cost memory 0.066162109375
[2025-11-21T17:50:48.853] [DEBUG] debug-file - runTaskFromQueue task cost before running: 3 s 563 ms 
[2025-11-21T17:50:48.853] [INFO] debug-file - Finished :entry:default@ProcessIntegratedHsp... after 2 ms 
[2025-11-21T17:50:48.856] [DEBUG] debug-file - Executing task :entry:default@BuildNativeWithCmake
[2025-11-21T17:50:48.856] [DEBUG] debug-file - entry : default@BuildNativeWithCmake cost memory 0.0175628662109375
[2025-11-21T17:50:48.856] [DEBUG] debug-file - runTaskFromQueue task cost before running: 3 s 567 ms 
[2025-11-21T17:50:48.856] [INFO] debug-file - Finished :entry:default@BuildNativeWithCmake... after 1 ms 
[2025-11-21T17:50:48.858] [DEBUG] debug-file - Executing task :entry:default@MakePackInfo
[2025-11-21T17:50:48.864] [DEBUG] debug-file - Incremental task entry:default@MakePackInfo pre-execution cost: 5 ms .
[2025-11-21T17:50:48.865] [DEBUG] debug-file - entry : default@MakePackInfo cost memory 0.39214324951171875
[2025-11-21T17:50:48.865] [INFO] debug-file - UP-TO-DATE :entry:default@MakePackInfo...  
[2025-11-21T17:50:48.867] [DEBUG] debug-file - Executing task :entry:default@SyscapTransform
[2025-11-21T17:50:48.867] [DEBUG] debug-file - File: 'C:\Users\34857\DevEcoStudioProjects\GreenGroth\entry\src\main\syscap.json' from 'sysCapJsonPath' is not exists, just ignore.
[2025-11-21T17:50:48.869] [DEBUG] debug-file - Task 'entry:default@SyscapTransform' cost while wrapping incremental declarations: 2 ms 
[2025-11-21T17:50:48.883] [DEBUG] debug-file - entry:default@SyscapTransform is not up-to-date, since the output file 'C:\Users\34857\DevEcoStudioProjects\GreenGroth\entry\build\default\intermediates\syscap\default\rpcid.sc' does not exist.
[2025-11-21T17:50:48.883] [DEBUG] debug-file - Incremental task entry:default@SyscapTransform pre-execution cost: 15 ms .
[2025-11-21T17:50:48.884] [DEBUG] debug-file - entry : default@SyscapTransform cost memory 0.40473175048828125
[2025-11-21T17:50:48.884] [DEBUG] debug-file - runTaskFromQueue task cost before running: 3 s 594 ms 
[2025-11-21T17:50:48.884] [INFO] debug-file - Finished :entry:default@SyscapTransform... after 17 ms 
[2025-11-21T17:50:48.886] [DEBUG] debug-file - Executing task :entry:default@ProcessProfile
[2025-11-21T17:50:48.888] [DEBUG] debug-file - Task 'entry:default@ProcessProfile' cost while wrapping incremental declarations: 1 ms 
[2025-11-21T17:50:48.889] [DEBUG] debug-file - Incremental task entry:default@ProcessProfile pre-execution cost: 2 ms .
[2025-11-21T17:50:48.889] [DEBUG] debug-file - entry : default@ProcessProfile cost memory 0.15496826171875
[2025-11-21T17:50:48.890] [INFO] debug-file - UP-TO-DATE :entry:default@ProcessProfile...  
[2025-11-21T17:50:48.891] [DEBUG] debug-file - Executing task :entry:default@ProcessRouterMap
[2025-11-21T17:50:48.897] [DEBUG] debug-file - Incremental task entry:default@ProcessRouterMap pre-execution cost: 5 ms .
[2025-11-21T17:50:48.897] [DEBUG] debug-file - entry : default@ProcessRouterMap cost memory 0.194305419921875
[2025-11-21T17:50:48.899] [INFO] debug-file - UP-TO-DATE :entry:default@ProcessRouterMap...  
[2025-11-21T17:50:48.900] [DEBUG] debug-file - Executing task :entry:default@ProcessShareConfig
[2025-11-21T17:50:48.906] [DEBUG] debug-file - Incremental task entry:default@ProcessShareConfig pre-execution cost: 5 ms .
[2025-11-21T17:50:48.906] [DEBUG] debug-file - entry : default@ProcessShareConfig cost memory 0.175323486328125
[2025-11-21T17:50:48.908] [INFO] debug-file - UP-TO-DATE :entry:default@ProcessShareConfig...  
[2025-11-21T17:50:48.910] [DEBUG] debug-file - Executing task :entry:default@ProcessStartupConfig
[2025-11-21T17:50:48.910] [DEBUG] debug-file - Task 'entry:default@ProcessStartupConfig' cost while wrapping incremental declarations: 1 ms 
[2025-11-21T17:50:48.912] [DEBUG] debug-file - entry:default@ProcessStartupConfig is not up-to-date, since the output file 'C:\Users\34857\DevEcoStudioProjects\GreenGroth\entry\build\default\intermediates\startup\default\startup_config.json' does not exist.
[2025-11-21T17:50:48.912] [DEBUG] debug-file - Incremental task entry:default@ProcessStartupConfig pre-execution cost: 2 ms .
[2025-11-21T17:50:48.914] [DEBUG] debug-file - entry : default@ProcessStartupConfig cost memory 0.17659759521484375
[2025-11-21T17:50:48.914] [DEBUG] debug-file - runTaskFromQueue task cost before running: 3 s 624 ms 
[2025-11-21T17:50:48.914] [INFO] debug-file - Finished :entry:default@ProcessStartupConfig... after 4 ms 
[2025-11-21T17:50:48.916] [DEBUG] debug-file - Executing task :entry:default@BuildNativeWithNinja
[2025-11-21T17:50:48.916] [DEBUG] debug-file - entry : default@BuildNativeWithNinja cost memory 0.0246429443359375
[2025-11-21T17:50:48.916] [DEBUG] debug-file - runTaskFromQueue task cost before running: 3 s 627 ms 
[2025-11-21T17:50:48.917] [INFO] debug-file - Finished :entry:default@BuildNativeWithNinja... after 1 ms 
[2025-11-21T17:50:48.919] [DEBUG] debug-file - restool module names: entry; moduleName=entry, taskName=default@ProcessResource
[2025-11-21T17:50:48.923] [DEBUG] debug-file - Executing task :entry:default@ProcessResource
[2025-11-21T17:50:48.923] [DEBUG] debug-file - Task 'entry:default@ProcessResource' cost while wrapping incremental declarations: 1 ms 
[2025-11-21T17:50:48.925] [DEBUG] debug-file - Incremental task entry:default@ProcessResource pre-execution cost: 2 ms .
[2025-11-21T17:50:48.926] [DEBUG] debug-file - entry : default@ProcessResource cost memory 0.1472930908203125
[2025-11-21T17:50:48.928] [INFO] debug-file - UP-TO-DATE :entry:default@ProcessResource...  
[2025-11-21T17:50:48.932] [DEBUG] debug-file - Executing task :entry:default@GenerateLoaderJson
[2025-11-21T17:50:48.934] [DEBUG] debug-file - Task 'entry:default@GenerateLoaderJson' cost while wrapping incremental declarations: 1 ms 
[2025-11-21T17:50:48.949] [DEBUG] debug-file - Incremental task entry:default@GenerateLoaderJson pre-execution cost: 9 ms .
[2025-11-21T17:50:48.949] [DEBUG] debug-file - entry : default@GenerateLoaderJson cost memory 0.6735000610351562
[2025-11-21T17:50:48.954] [INFO] debug-file - UP-TO-DATE :entry:default@GenerateLoaderJson...  
[2025-11-21T17:50:48.956] [DEBUG] debug-file - Executing task :entry:default@ProcessLibs
[2025-11-21T17:50:48.965] [DEBUG] debug-file - Incremental task entry:default@ProcessLibs pre-execution cost: 7 ms .
[2025-11-21T17:50:48.966] [DEBUG] debug-file - entry : default@ProcessLibs cost memory 0.4501190185546875
[2025-11-21T17:50:48.967] [INFO] debug-file - UP-TO-DATE :entry:default@ProcessLibs...  
[2025-11-21T17:50:48.969] [DEBUG] debug-file - restool module names: entry; moduleName=entry, taskName=default@CompileResource
[2025-11-21T17:50:48.971] [DEBUG] debug-file - Executing task :entry:default@CompileResource
[2025-11-21T17:50:49.020] [DEBUG] debug-file - Incremental task entry:default@CompileResource pre-execution cost: 47 ms .
[2025-11-21T17:50:49.021] [DEBUG] debug-file - entry : default@CompileResource cost memory -7.530952453613281
[2025-11-21T17:50:49.024] [INFO] debug-file - UP-TO-DATE :entry:default@CompileResource...  
[2025-11-21T17:50:49.027] [DEBUG] debug-file - Executing task :entry:default@DoNativeStrip
[2025-11-21T17:50:49.028] [DEBUG] debug-file - Task 'entry:default@DoNativeStrip' cost while wrapping incremental declarations: 1 ms 
[2025-11-21T17:50:49.030] [DEBUG] debug-file - Incremental task entry:default@DoNativeStrip pre-execution cost: 3 ms .
[2025-11-21T17:50:49.030] [DEBUG] debug-file - entry : default@DoNativeStrip cost memory 0.088958740234375
[2025-11-21T17:50:49.031] [INFO] debug-file - UP-TO-DATE :entry:default@DoNativeStrip...  
[2025-11-21T17:50:49.035] [DEBUG] debug-file - Executing task :entry:default@CompileArkTS
[2025-11-21T17:50:49.037] [DEBUG] debug-file - obfuscationOptions: undefined
[2025-11-21T17:50:49.096] [DEBUG] debug-file - entry:default@CompileArkTS is not up-to-date, since the input file 'C:\Users\34857\DevEcoStudioProjects\GreenGroth\entry\src\main\ets' has been changed.
[2025-11-21T17:50:49.096] [DEBUG] debug-file - Incremental task entry:default@CompileArkTS pre-execution cost: 42 ms .
[2025-11-21T17:50:49.122] [DEBUG] debug-file - build config:
[2025-11-21T17:50:49.123] [DEBUG] debug-file - {
  moduleType: 'entry',
  perf: 0,
  targetName: '.default',
  packageManagerType: 'ohpm',
  localPropertiesPath: 'C:\\Users\\34857\\DevEcoStudioProjects\\GreenGroth\\local.properties',
  isPreview: false,
  isOhosTest: false,
  isLocalTest: false,
  buildMode: 'Debug',
  hotReloadBuild: undefined,
  watchMode: 'false',
  aceProfilePath: 'C:\\Users\\34857\\DevEcoStudioProjects\\GreenGroth\\entry\\build\\default\\intermediates\\res\\default\\resources\\base\\profile',
  etsLoaderPath: 'C:\\Program Files\\Huawei\\DevEco Studio\\sdk\\default\\openharmony\\ets\\build-tools\\ets-loader',
  modulePath: 'C:\\Users\\34857\\DevEcoStudioProjects\\GreenGroth\\entry',
  testFrameworkPar: {
    testMode: undefined,
    coveragePathFilter: undefined,
    coverageMode: undefined
  },
  needCoverageInsert: false,
  debugLine: false,
  projectTopDir: 'C:\\Users\\34857\\DevEcoStudioProjects\\GreenGroth',
  compileSdkVersion: 20,
  compatibleSdkVersion: 12,
  compatibleSdkVersionStage: 'beta1',
  bundleName: 'c***h',
  etsLoaderVersion: '6.0.0.47',
  etsLoaderReleaseType: 'Release',
  aotCompileMode: 'type',
  apPath: 'C:\\Users\\34857\\DevEcoStudioProjects\\GreenGroth\\entry\\modules.ap',
  entryModuleName: 'entry',
  entryModuleVersion: '1.0.0',
  entryPackageName: 'entry',
  allModuleNameHash: 'ac322dda3fe62b69ea7761d20fdc32fe',
  externalApiPaths: [
    'C:\\Program Files\\Huawei\\DevEco Studio\\sdk\\default\\hms\\ets'
  ],
  compilerTypes: [],
  isCrossplatform: false,
  hvigorPluginFile: undefined,
  compilePluginPath: undefined,
  buildGeneratedProfilePath: 'C:\\Users\\34857\\DevEcoStudioProjects\\GreenGroth\\entry\\build\\default\\generated\\profile\\default',
  bundleType: 'app',
  arkTSVersion: undefined,
  apiVersion: 20,
  needCompleteSourcesMap: false,
  isFaMode: false,
  strictMode: {
    caseSensitiveCheck: true,
    useNormalizedOHMUrl: true,
    noExternalImportByPath: true
  },
  buildDir: 'C:\\Users\\34857\\DevEcoStudioProjects\\GreenGroth\\entry\\build',
  deviceTypes: [ 'phone', 'tablet', 'tv', 'wearable', 'car' ],
  useNormalizedOHMUrl: true,
  pkgContextInfo: {
    '@ohos/axios': {
      packageName: '@ohos/axios',
      bundleName: '*****',
      moduleName: '',
      version: '2.2.6',
      entryPath: 'index.js',
      isSO: false,
      dependencyAlias: ''
    },
    '@ohos/hypium': {
      packageName: '@ohos/hypium',
      bundleName: '*****',
      moduleName: '',
      version: '1.0.24',
      entryPath: 'index.js',
      isSO: false,
      dependencyAlias: ''
    },
    '@ohos/hamock': {
      packageName: '@ohos/hamock',
      bundleName: '*****',
      moduleName: '',
      version: '1.0.0',
      entryPath: 'index.ets',
      isSO: false,
      dependencyAlias: ''
    },
    entry: {
      packageName: 'entry',
      bundleName: '*****',
      moduleName: '',
      version: '',
      entryPath: 'src/main/',
      isSO: false,
      dependencyAlias: ''
    }
  },
  ohPackagePathMap: {},
  dependencyAliasMap: {},
  permission: {
    requestPermissions: [ [Object], [Object] ],
    definePermissions: undefined
  },
  integratedHsp: false,
  projectArkOption: undefined,
  sourceMapDir: undefined,
  branchElimination: false,
  transformLib: undefined,
  caseSensitiveCheck: true,
  tsImportSendable: false,
  resolveConflictMode: true,
  depName2RootPath: {},
  depName2DepInfo: {},
  rootPathSet: [ 'C:\\Users\\34857\\DevEcoStudioProjects\\GreenGroth' ],
  useNativeResolver: true,
  shouldEmitJs: true,
  useTscResolve: false,
  singleFileEmit: false,
  userProjectConfig: {
    autoLazyImport: false,
    allowEmptyBundleName: false,
    reExportCheckMode: 'noCheck',
    executionMode: 'memory',
    usePathPlaceholder: false,
    writeRollupCache: true,
    isExpandImportEnabled: false,
    expandImportExclude: '',
    ignoreCrossplatformCheck: false,
    isPreloadSoEnabled: false
  },
  skipOhModulesLint: false,
  executionMode: 'memory',
  autoLazyImport: false,
  allowEmptyBundleName: false,
  reExportCheckMode: 'noCheck',
  usePathPlaceholder: false,
  writeRollupCache: true,
  isExpandImportEnabled: false,
  expandImportExclude: '',
  ignoreCrossplatformCheck: false,
  isPreloadSoEnabled: false,
  arkCompileCachePath: 'C:\\Users\\34857\\DevEcoStudioProjects\\GreenGroth\\entry\\build\\default\\cache\\default\\default@CompileArkTS\\esmodule',
  aceModuleJsonPath: 'C:\\Users\\34857\\DevEcoStudioProjects\\GreenGroth\\entry\\build\\default\\intermediates\\res\\default\\ark_module.json',
  appResource: 'C:\\Users\\34857\\DevEcoStudioProjects\\GreenGroth\\entry\\build\\default\\intermediates\\res\\default\\ResourceTable.txt',
  rawFileResource: 'C:\\Users\\34857\\DevEcoStudioProjects\\GreenGroth\\entry\\build\\default\\intermediates\\res\\default\\resources\\rawfile',
  resourceTableHash: '2eb32ec2dde5d60271a0f22321271b93',
  runtimeOS: 'HarmonyOS',
  sdkInfo: 'false:20:6.0.0.47:Release',
  aceModuleRoot: 'C:\\Users\\34857\\DevEcoStudioProjects\\GreenGroth\\entry\\src\\main\\ets',
  compileMode: 'esmodule',
  aceSuperVisualPath: 'C:\\Users\\34857\\DevEcoStudioProjects\\GreenGroth\\entry\\src\\main\\supervisual',
  aceBuildJson: 'C:\\Users\\34857\\DevEcoStudioProjects\\GreenGroth\\entry\\build\\default\\intermediates\\loader\\default\\loader.json',
  cachePath: 'C:\\Users\\34857\\DevEcoStudioProjects\\GreenGroth\\entry\\build\\default\\cache\\default\\default@CompileArkTS\\esmodule\\debug',
  aceModuleBuild: 'C:\\Users\\34857\\DevEcoStudioProjects\\GreenGroth\\entry\\build\\default\\intermediates\\loader_out\\default\\ets',
  supportChunks: true,
  declaredFilesPath: undefined,
  shouldCollectDirectImportees: false,
  isByteCodeHarOptimize: false,
  expandImportPath: undefined,
  pkgNameToPkgBriefInfo: {
    '@ohos/axios': {
      pkgRoot: 'C:\\Users\\34857\\DevEcoStudioProjects\\GreenGroth\\oh_modules\\.ohpm\\@ohos+axios@2.2.6\\oh_modules\\@ohos\\axios',
      pkgName: '@ohos/axios',
      sourceRoots: [Array]
    },
    entry: {
      pkgRoot: 'C:\\Users\\34857\\DevEcoStudioProjects\\GreenGroth\\entry',
      originalSourceRoots: undefined,
      sourceRoots: [Array],
      pkgName: 'entry'
    }
  },
  projectModel: {
    'C:\\Users\\34857\\DevEcoStudioProjects\\GreenGroth\\entry\\src\\main': {
      moduleName: 'entry',
      modulePkgPath: 'C:\\Users\\34857\\DevEcoStudioProjects\\GreenGroth\\entry',
      belongProjectPath: 'C:\\Users\\34857\\DevEcoStudioProjects\\GreenGroth'
    },
    'C:\\Users\\34857\\DevEcoStudioProjects\\GreenGroth\\entry\\build\\default\\intermediates\\src\\ohosTest\\ets': {
      moduleName: 'entry_test',
      modulePkgPath: 'C:\\Users\\34857\\DevEcoStudioProjects\\GreenGroth\\entry',
      belongProjectPath: 'C:\\Users\\34857\\DevEcoStudioProjects\\GreenGroth'
    },
    'C:\\Users\\34857\\DevEcoStudioProjects\\GreenGroth\\entry\\src\\ohosTest': {
      moduleName: 'entry_test',
      modulePkgPath: 'C:\\Users\\34857\\DevEcoStudioProjects\\GreenGroth\\entry',
      belongProjectPath: 'C:\\Users\\34857\\DevEcoStudioProjects\\GreenGroth'
    },
    'C:\\Users\\34857\\DevEcoStudioProjects\\GreenGroth\\entry': {
      moduleName: 'entry',
      modulePkgPath: 'C:\\Users\\34857\\DevEcoStudioProjects\\GreenGroth\\entry',
      belongProjectPath: 'C:\\Users\\34857\\DevEcoStudioProjects\\GreenGroth'
    },
    'C:\\Users\\34857\\DevEcoStudioProjects\\GreenGroth': {
      moduleName: 'GreenGroth',
      modulePkgPath: 'C:\\Users\\34857\\DevEcoStudioProjects\\GreenGroth',
      belongProjectPath: 'C:\\Users\\34857\\DevEcoStudioProjects\\GreenGroth'
    }
  },
  pkgJsonFileHash: '544be47d257731be7f8e0bd07118193f',
  allModulePaths: [ 'C:\\Users\\34857\\DevEcoStudioProjects\\GreenGroth\\entry' ],
  routerMap: {},
  obfuscationOptions: undefined,
  byteCodeHarToDependencyKeys: undefined,
  compileBlockPkg: [],
  mockParams: {
    decorator: '@MockSetup',
    packageName: '@ohos/hamock',
    etsSourceRootPath: 'src/main/ets',
    mockConfigPath: 'C:\\Users\\34857\\DevEcoStudioProjects\\GreenGroth\\entry\\src\\mock\\mock-config.json5',
    mockConfigKey2ModuleInfo: {},
    source2ModuleIdMap: {}
  },
  copyCodeResourceEnable: false,
  copyCodeResourceExcludes: [],
  copyCodeResourceIncludes: undefined,
  uiTransformOptimization: false,
  sdkPath: 'C:/Program Files/Huawei/DevEco Studio/sdk',
  needPreloadSoFileSet: {},
  preloadSoFilePath: 'C:\\Users\\34857\\DevEcoStudioProjects\\GreenGroth\\entry\\build\\default\\intermediates\\preload\\default\\preload.json',
  useSourceHash: false,
  localModuleParamMap: {},
  otherPaths: {
    '@ohos/axios/*': [
      '..\\..\\..\\..\\oh_modules\\.ohpm\\@ohos+axios@2.2.6\\oh_modules\\@ohos\\axios\\src\\main\\*'
    ],
    'entry/*': [
      '..\\*',
      '..\\..\\..\\build\\default\\generated\\profile\\default\\*'
    ]
  },
  collectImportersConfig: undefined
}
[2025-11-21T17:50:49.123] [DEBUG] debug-file - Compile arkts with external api path: C:\Program Files\Huawei\DevEco Studio\sdk\default\hms\ets
[2025-11-21T17:50:49.126] [DEBUG] debug-file - Since there is no instance or instance is terminated, create a new worker pool.
[2025-11-21T17:50:49.126] [DEBUG] debug-file - Worker pool is initialized with config:  {
  minPoolNum: 2,
  maxPoolNum: undefined,
  maxCoreSize: undefined,
  cacheCapacity: undefined,
  cacheTtl: undefined
}
[2025-11-21T17:50:49.127] [DEBUG] debug-file - Create  resident worker with id: 0.
[2025-11-21T17:50:49.130] [DEBUG] debug-file - Create  resident worker with id: 1.
[2025-11-21T17:50:49.133] [DEBUG] debug-file - default@CompileArkTS work[0] is submitted.
[2025-11-21T17:50:49.134] [DEBUG] debug-file - default@CompileArkTS work[0] is pushed to ready queue.
[2025-11-21T17:50:49.135] [DEBUG] debug-file - A work dispatched to worker[11] failed because unable to get work from ready queue.
[2025-11-21T17:50:49.135] [DEBUG] debug-file - A work dispatched to worker[10] failed because unable to get work from ready queue.
[2025-11-21T17:50:49.135] [DEBUG] debug-file - A work dispatched to worker[9] failed because unable to get work from ready queue.
[2025-11-21T17:50:49.135] [DEBUG] debug-file - A work dispatched to worker[8] failed because unable to get work from ready queue.
[2025-11-21T17:50:49.135] [DEBUG] debug-file - A work dispatched to worker[7] failed because unable to get work from ready queue.
[2025-11-21T17:50:49.135] [DEBUG] debug-file - A work dispatched to worker[6] failed because unable to get work from ready queue.
[2025-11-21T17:50:49.135] [DEBUG] debug-file - A work dispatched to worker[5] failed because unable to get work from ready queue.
[2025-11-21T17:50:49.135] [DEBUG] debug-file - Create  resident worker with id: 4.
[2025-11-21T17:50:49.138] [DEBUG] debug-file - default@CompileArkTS work[0] has been dispatched to worker[4].
[2025-11-21T17:50:49.138] [DEBUG] debug-file - default@CompileArkTS work[0] is dispatched.
[2025-11-21T17:50:49.138] [DEBUG] debug-file - entry : default@CompileArkTS cost memory 3.347198486328125
[2025-11-21T17:50:49.142] [DEBUG] debug-file - Executing task :entry:default@BuildJS
[2025-11-21T17:50:49.155] [DEBUG] debug-file - entry : default@BuildJS cost memory 0.15071868896484375
[2025-11-21T17:50:49.155] [DEBUG] debug-file - runTaskFromQueue task cost before running: 3 s 865 ms 
[2025-11-21T17:50:49.155] [INFO] debug-file - Finished :entry:default@BuildJS... after 14 ms 
[2025-11-21T17:50:49.158] [DEBUG] debug-file - Executing task :entry:default@CacheNativeLibs
[2025-11-21T17:50:49.159] [DEBUG] debug-file - Task 'entry:default@CacheNativeLibs' cost while wrapping incremental declarations: 1 ms 
[2025-11-21T17:50:49.164] [DEBUG] debug-file - Incremental task entry:default@CacheNativeLibs pre-execution cost: 5 ms .
[2025-11-21T17:50:49.164] [DEBUG] debug-file - entry : default@CacheNativeLibs cost memory 0.10561370849609375
[2025-11-21T17:50:49.164] [INFO] debug-file - UP-TO-DATE :entry:default@CacheNativeLibs...  
[2025-11-21T17:51:03.213] [WARN] debug-file - [33mWARN: [33m[33mArkTS:WARN File: C:/Users/34857/DevEcoStudioProjects/GreenGroth/entry/src/main/ets/database/PlantDatabase.ets:12:31
 Function may throw exceptions. Special handling is required.
[39m[39m
[33mWARN: [33m[33mArkTS:WARN File: C:/Users/34857/DevEcoStudioProjects/GreenGroth/entry/src/main/ets/database/PlantDatabase.ets:28:11
 Function may throw exceptions. Special handling is required.
[39m[39m
[33mWARN: [33m[33mArkTS:WARN File: C:/Users/34857/DevEcoStudioProjects/GreenGroth/entry/src/main/ets/database/PlantDatabase.ets:29:11
 Function may throw exceptions. Special handling is required.
[39m[39m
[33mWARN: [33m[33mArkTS:WARN File: C:/Users/34857/DevEcoStudioProjects/GreenGroth/entry/src/main/ets/database/PlantDatabase.ets:37:24
 Function may throw exceptions. Special handling is required.
[39m[39m
[33mWARN: [33m[33mArkTS:WARN File: C:/Users/34857/DevEcoStudioProjects/GreenGroth/entry/src/main/ets/database/PlantDatabase.ets:47:11
 Function may throw exceptions. Special handling is required.
[39m[39m
[33mWARN: [33m[33mArkTS:WARN File: C:/Users/34857/DevEcoStudioProjects/GreenGroth/entry/src/main/ets/database/PlantDatabase.ets:48:11
 Function may throw exceptions. Special handling is required.
[39m[39m
[33mWARN: [33m[33mArkTS:WARN File: C:/Users/34857/DevEcoStudioProjects/GreenGroth/entry/src/main/ets/utils/ImageUtils.ets:39:45
 'packing' has been deprecated.
[39m[39m
[33mWARN: [33m[33mArkTS:WARN File: C:/Users/34857/DevEcoStudioProjects/GreenGroth/entry/src/main/ets/utils/ImgSave.ets:38:45
 'packing' has been deprecated.
[39m[39m
[33mWARN: [33m[33mArkTS:WARN File: C:/Users/34857/DevEcoStudioProjects/GreenGroth/entry/src/main/ets/pages/Index.ets:14:46
 'getContext' has been deprecated.
[39m[39m
[33mWARN: [33m[33mArkTS:WARN File: C:/Users/34857/DevEcoStudioProjects/GreenGroth/entry/src/main/ets/pages/Index.ets:88:38
 The system capacity of this api 'picker' is not supported on all devices
[39m[39m
[33mWARN: [33m[33mArkTS:WARN File: C:/Users/34857/DevEcoStudioProjects/GreenGroth/entry/src/main/ets/pages/Index.ets:88:45
 'PhotoSelectOptions' has been deprecated.
[39m[39m
[33mWARN: [33m[33mArkTS:WARN File: C:/Users/34857/DevEcoStudioProjects/GreenGroth/entry/src/main/ets/pages/Index.ets:88:45
 The system capacity of this api 'PhotoSelectOptions' is not supported on all devices
[39m[39m
[33mWARN: [33m[33mArkTS:WARN File: C:/Users/34857/DevEcoStudioProjects/GreenGroth/entry/src/main/ets/pages/Index.ets:89:26
 'MIMEType' has been deprecated.
[39m[39m
[33mWARN: [33m[33mArkTS:WARN File: C:/Users/34857/DevEcoStudioProjects/GreenGroth/entry/src/main/ets/pages/Index.ets:89:26
 The system capacity of this api 'MIMEType' is not supported on all devices
[39m[39m
[33mWARN: [33m[33mArkTS:WARN File: C:/Users/34857/DevEcoStudioProjects/GreenGroth/entry/src/main/ets/pages/Index.ets:89:37
 The system capacity of this api 'picker' is not supported on all devices
[39m[39m
[33mWARN: [33m[33mArkTS:WARN File: C:/Users/34857/DevEcoStudioProjects/GreenGroth/entry/src/main/ets/pages/Index.ets:89:44
 'PhotoViewMIMETypes' has been deprecated.
[39m[39m
[33mWARN: [33m[33mArkTS:WARN File: C:/Users/34857/DevEcoStudioProjects/GreenGroth/entry/src/main/ets/pages/Index.ets:89:44
 The system capacity of this api 'PhotoViewMIMETypes' is not supported on all devices
[39m[39m
[33mWARN: [33m[33mArkTS:WARN File: C:/Users/34857/DevEcoStudioProjects/GreenGroth/entry/src/main/ets/pages/Index.ets:89:63
 'IMAGE_TYPE' has been deprecated.
[39m[39m
[33mWARN: [33m[33mArkTS:WARN File: C:/Users/34857/DevEcoStudioProjects/GreenGroth/entry/src/main/ets/pages/Index.ets:89:63
 The system capacity of this api 'IMAGE_TYPE' is not supported on all devices
[39m[39m
[33mWARN: [33m[33mArkTS:WARN File: C:/Users/34857/DevEcoStudioProjects/GreenGroth/entry/src/main/ets/pages/Index.ets:90:26
 'maxSelectNumber' has been deprecated.
[39m[39m
[33mWARN: [33m[33mArkTS:WARN File: C:/Users/34857/DevEcoStudioProjects/GreenGroth/entry/src/main/ets/pages/Index.ets:90:26
 The system capacity of this api 'maxSelectNumber' is not supported on all devices
[39m[39m
[33mWARN: [33m[33mArkTS:WARN File: C:/Users/34857/DevEcoStudioProjects/GreenGroth/entry/src/main/ets/pages/Index.ets:92:35
 The system capacity of this api 'picker' is not supported on all devices
[39m[39m
[33mWARN: [33m[33mArkTS:WARN File: C:/Users/34857/DevEcoStudioProjects/GreenGroth/entry/src/main/ets/pages/Index.ets:92:42
 'PhotoViewPicker' has been deprecated.
[39m[39m
[33mWARN: [33m[33mArkTS:WARN File: C:/Users/34857/DevEcoStudioProjects/GreenGroth/entry/src/main/ets/pages/Index.ets:92:42
 The system capacity of this api 'PhotoViewPicker' is not supported on all devices
[39m[39m
[33mWARN: [33m[33mArkTS:WARN File: C:/Users/34857/DevEcoStudioProjects/GreenGroth/entry/src/main/ets/pages/Index.ets:93:44
 'select' has been deprecated.
[39m[39m
[33mWARN: [33m[33mArkTS:WARN File: C:/Users/34857/DevEcoStudioProjects/GreenGroth/entry/src/main/ets/pages/Index.ets:93:44
 The system capacity of this api 'select' is not supported on all devices
[39m[39m
[33mWARN: [33m[33mArkTS:WARN File: C:/Users/34857/DevEcoStudioProjects/GreenGroth/entry/src/main/ets/pages/Index.ets:95:28
 'photoUris' has been deprecated.
[39m[39m
[33mWARN: [33m[33mArkTS:WARN File: C:/Users/34857/DevEcoStudioProjects/GreenGroth/entry/src/main/ets/pages/Index.ets:95:28
 The system capacity of this api 'photoUris' is not supported on all devices
[39m[39m
[33mWARN: [33m[33mArkTS:WARN File: C:/Users/34857/DevEcoStudioProjects/GreenGroth/entry/src/main/ets/pages/Index.ets:96:37
 'photoUris' has been deprecated.
[39m[39m
[33mWARN: [33m[33mArkTS:WARN File: C:/Users/34857/DevEcoStudioProjects/GreenGroth/entry/src/main/ets/pages/Index.ets:96:37
 The system capacity of this api 'photoUris' is not supported on all devices
[39m[39m
[33mWARN: [33m[33mArkTS:WARN File: C:/Users/34857/DevEcoStudioProjects/GreenGroth/entry/src/main/ets/pages/Index.ets:105:38
 The system capacity of this api 'picker' is not supported on all devices
[39m[39m
[33mWARN: [33m[33mArkTS:WARN File: C:/Users/34857/DevEcoStudioProjects/GreenGroth/entry/src/main/ets/pages/Index.ets:105:45
 'PhotoSelectOptions' has been deprecated.
[39m[39m
[33mWARN: [33m[33mArkTS:WARN File: C:/Users/34857/DevEcoStudioProjects/GreenGroth/entry/src/main/ets/pages/Index.ets:105:45
 The system capacity of this api 'PhotoSelectOptions' is not supported on all devices
[39m[39m
[33mWARN: [33m[33mArkTS:WARN File: C:/Users/34857/DevEcoStudioProjects/GreenGroth/entry/src/main/ets/pages/Index.ets:106:26
 'MIMEType' has been deprecated.
[39m[39m
[33mWARN: [33m[33mArkTS:WARN File: C:/Users/34857/DevEcoStudioProjects/GreenGroth/entry/src/main/ets/pages/Index.ets:106:26
 The system capacity of this api 'MIMEType' is not supported on all devices
[39m[39m
[33mWARN: [33m[33mArkTS:WARN File: C:/Users/34857/DevEcoStudioProjects/GreenGroth/entry/src/main/ets/pages/Index.ets:106:37
 The system capacity of this api 'picker' is not supported on all devices
[39m[39m
[33mWARN: [33m[33mArkTS:WARN File: C:/Users/34857/DevEcoStudioProjects/GreenGroth/entry/src/main/ets/pages/Index.ets:106:44
 'PhotoViewMIMETypes' has been deprecated.
[39m[39m
[33mWARN: [33m[33mArkTS:WARN File: C:/Users/34857/DevEcoStudioProjects/GreenGroth/entry/src/main/ets/pages/Index.ets:106:44
 The system capacity of this api 'PhotoViewMIMETypes' is not supported on all devices
[39m[39m
[33mWARN: [33m[33mArkTS:WARN File: C:/Users/34857/DevEcoStudioProjects/GreenGroth/entry/src/main/ets/pages/Index.ets:106:63
 'IMAGE_TYPE' has been deprecated.
[39m[39m
[33mWARN: [33m[33mArkTS:WARN File: C:/Users/34857/DevEcoStudioProjects/GreenGroth/entry/src/main/ets/pages/Index.ets:106:63
 The system capacity of this api 'IMAGE_TYPE' is not supported on all devices
[39m[39m
[33mWARN: [33m[33mArkTS:WARN File: C:/Users/34857/DevEcoStudioProjects/GreenGroth/entry/src/main/ets/pages/Index.ets:107:26
 'maxSelectNumber' has been deprecated.
[39m[39m
[33mWARN: [33m[33mArkTS:WARN File: C:/Users/34857/DevEcoStudioProjects/GreenGroth/entry/src/main/ets/pages/Index.ets:107:26
 The system capacity of this api 'maxSelectNumber' is not supported on all devices
[39m[39m
[33mWARN: [33m[33mArkTS:WARN File: C:/Users/34857/DevEcoStudioProjects/GreenGroth/entry/src/main/ets/pages/Index.ets:109:35
 The system capacity of this api 'picker' is not supported on all devices
[39m[39m
[33mWARN: [33m[33mArkTS:WARN File: C:/Users/34857/DevEcoStudioProjects/GreenGroth/entry/src/main/ets/pages/Index.ets:109:42
 'PhotoViewPicker' has been deprecated.
[39m[39m
[33mWARN: [33m[33mArkTS:WARN File: C:/Users/34857/DevEcoStudioProjects/GreenGroth/entry/src/main/ets/pages/Index.ets:109:42
 The system capacity of this api 'PhotoViewPicker' is not supported on all devices
[39m[39m
[33mWARN: [33m[33mArkTS:WARN File: C:/Users/34857/DevEcoStudioProjects/GreenGroth/entry/src/main/ets/pages/Index.ets:110:44
 'select' has been deprecated.
[39m[39m
[33mWARN: [33m[33mArkTS:WARN File: C:/Users/34857/DevEcoStudioProjects/GreenGroth/entry/src/main/ets/pages/Index.ets:110:44
 The system capacity of this api 'select' is not supported on all devices
[39m[39m
[33mWARN: [33m[33mArkTS:WARN File: C:/Users/34857/DevEcoStudioProjects/GreenGroth/entry/src/main/ets/pages/Index.ets:112:28
 'photoUris' has been deprecated.
[39m[39m
[33mWARN: [33m[33mArkTS:WARN File: C:/Users/34857/DevEcoStudioProjects/GreenGroth/entry/src/main/ets/pages/Index.ets:112:28
 The system capacity of this api 'photoUris' is not supported on all devices
[39m[39m
[33mWARN: [33m[33mArkTS:WARN File: C:/Users/34857/DevEcoStudioProjects/GreenGroth/entry/src/main/ets/pages/Index.ets:113:37
 'photoUris' has been deprecated.
[39m[39m
[33mWARN: [33m[33mArkTS:WARN File: C:/Users/34857/DevEcoStudioProjects/GreenGroth/entry/src/main/ets/pages/Index.ets:113:37
 The system capacity of this api 'photoUris' is not supported on all devices
[39m[39m
[33mWARN: [33m[33mArkTS:WARN File: C:/Users/34857/DevEcoStudioProjects/GreenGroth/entry/src/main/ets/pages/Index.ets:135:20
 'pushUrl' has been deprecated.
[39m[39m
[33mWARN: [33m[33mArkTS:WARN File: C:/Users/34857/DevEcoStudioProjects/GreenGroth/entry/src/main/ets/pages/Index.ets:145:13
 Function may throw exceptions. Special handling is required.
[39m[39m
[33mWARN: [33m[33mArkTS:WARN File: C:/Users/34857/DevEcoStudioProjects/GreenGroth/entry/src/main/ets/pages/Index.ets:145:20
 'pushUrl' has been deprecated.
[39m[39m
[33mWARN: [33m[33mArkTS:WARN File: C:/Users/34857/DevEcoStudioProjects/GreenGroth/entry/src/main/ets/pages/ResultPage.ets:10:27
 'getParams' has been deprecated.
[39m[39m
[33mWARN: [33m[33mArkTS:WARN File: C:/Users/34857/DevEcoStudioProjects/GreenGroth/entry/src/main/ets/pages/ResultPage.ets:21:33
 'back' has been deprecated.
[39m[39m
[33mWARN: [33m[33mArkTS:WARN File: C:/Users/34857/DevEcoStudioProjects/GreenGroth/entry/src/main/ets/pages/FailedResultPage.ets:10:27
 'getParams' has been deprecated.
[39m[39m
[33mWARN: [33m[33mArkTS:WARN File: C:/Users/34857/DevEcoStudioProjects/GreenGroth/entry/src/main/ets/pages/FailedResultPage.ets:20:33
 'back' has been deprecated.
[39m[39m

[2025-11-21T17:51:03.213] [DEBUG] debug-file - Ark compile task finished.finished time is 31199949409400
[2025-11-21T17:51:03.215] [DEBUG] debug-file - worker[4] has one work done.
[2025-11-21T17:51:03.218] [DEBUG] debug-file - default@CompileArkTS work[0] done.
[2025-11-21T17:51:03.218] [DEBUG] debug-file - A work dispatched to worker[4] failed because unable to get work from ready queue.
[2025-11-21T17:51:03.226] [INFO] debug-file - Finished :entry:default@CompileArkTS... after 9 s 632 ms 
[2025-11-21T17:51:03.229] [DEBUG] debug-file - Executing task :entry:default@GeneratePkgModuleJson
[2025-11-21T17:51:03.230] [DEBUG] debug-file - File: 'C:\Users\34857\DevEcoStudioProjects\GreenGroth\entry\build\default\intermediates\preload\default\preload.json' from 'preloadSoJsonPath' is not exists, just ignore.
[2025-11-21T17:51:03.230] [DEBUG] debug-file - Task 'entry:default@GeneratePkgModuleJson' cost while wrapping incremental declarations: 1 ms 
[2025-11-21T17:51:03.232] [DEBUG] debug-file - Incremental task entry:default@GeneratePkgModuleJson pre-execution cost: 2 ms .
[2025-11-21T17:51:03.233] [DEBUG] debug-file - entry : default@GeneratePkgModuleJson cost memory 0.09731292724609375
[2025-11-21T17:51:03.233] [INFO] debug-file - UP-TO-DATE :entry:default@GeneratePkgModuleJson...  
[2025-11-21T17:51:03.235] [DEBUG] debug-file - Executing task :entry:default@ProcessCompiledResources
[2025-11-21T17:51:03.235] [DEBUG] debug-file - File: 'C:\Users\34857\DevEcoStudioProjects\GreenGroth\entry\build\default\intermediates\preload\default\preload.json' from 'preloadSoJsonPath' is not exists, just ignore.
[2025-11-21T17:51:03.236] [DEBUG] debug-file - Task 'entry:default@ProcessCompiledResources' cost while wrapping incremental declarations: 1 ms 
[2025-11-21T17:51:03.237] [DEBUG] debug-file - entry : default@ProcessCompiledResources cost memory 0.0660400390625
[2025-11-21T17:51:03.237] [DEBUG] debug-file - runTaskFromQueue task cost before running: 17 s 948 ms 
[2025-11-21T17:51:03.238] [INFO] debug-file - Finished :entry:default@ProcessCompiledResources... after 3 ms 
[2025-11-21T17:51:03.243] [DEBUG] debug-file - Executing task :entry:default@PackageHap
[2025-11-21T17:51:03.259] [DEBUG] debug-file - entry:default@PackageHap is not up-to-date, since the input file 'C:\Users\34857\DevEcoStudioProjects\GreenGroth\entry\build\default\intermediates\loader_out\default\ets' has been changed.
[2025-11-21T17:51:03.259] [DEBUG] debug-file - Incremental task entry:default@PackageHap pre-execution cost: 13 ms .
[2025-11-21T17:51:03.262] [DEBUG] debug-file - Use tool [C:\Program Files\Huawei\DevEco Studio\sdk\default\openharmony\toolchains\lib\app_packing_tool.jar]
 [
  'java',
  '-Dfile.encoding=GBK',
  '-jar',
  'C:\\Program Files\\Huawei\\DevEco Studio\\sdk\\default\\openharmony\\toolchains\\lib\\app_packing_tool.jar',
  '--mode',
  'hap',
  '--force',
  'true',
  '--lib-path',
  'C:\\Users\\34857\\DevEcoStudioProjects\\GreenGroth\\entry\\build\\default\\intermediates\\stripped_native_libs\\default',
  '--json-path',
  'C:\\Users\\34857\\DevEcoStudioProjects\\GreenGroth\\entry\\build\\default\\intermediates\\package\\default\\module.json',
  '--resources-path',
  'C:\\Users\\34857\\DevEcoStudioProjects\\GreenGroth\\entry\\build\\default\\intermediates\\res\\default\\resources',
  '--index-path',
  'C:\\Users\\34857\\DevEcoStudioProjects\\GreenGroth\\entry\\build\\default\\intermediates\\res\\default\\resources.index',
  '--pack-info-path',
  'C:\\Users\\34857\\DevEcoStudioProjects\\GreenGroth\\entry\\build\\default\\outputs\\default\\pack.info',
  '--out-path',
  'C:\\Users\\34857\\DevEcoStudioProjects\\GreenGroth\\entry\\build\\default\\outputs\\default\\entry-default-unsigned.hap',
  '--ets-path',
  'C:\\Users\\34857\\DevEcoStudioProjects\\GreenGroth\\entry\\build\\default\\intermediates\\loader_out\\default\\ets',
  '--pkg-context-path',
  'C:\\Users\\34857\\DevEcoStudioProjects\\GreenGroth\\entry\\build\\default\\intermediates\\loader\\default\\pkgContextInfo.json'
]
[2025-11-21T17:51:03.888] [DEBUG] debug-file - java daemon socket received message:{"code":0,"message":"pack success"}
[2025-11-21T17:51:03.901] [DEBUG] debug-file - entry : default@PackageHap cost memory 0.9810562133789062
[2025-11-21T17:51:03.901] [DEBUG] debug-file - runTaskFromQueue task cost before running: 18 s 612 ms 
[2025-11-21T17:51:03.905] [INFO] debug-file - Finished :entry:default@PackageHap... after 659 ms 
[2025-11-21T17:51:03.908] [DEBUG] debug-file - Executing task :entry:default@PackingCheck
[2025-11-21T17:51:03.926] [DEBUG] debug-file - entry : default@PackingCheck cost memory 0.38299560546875
[2025-11-21T17:51:03.926] [DEBUG] debug-file - runTaskFromQueue task cost before running: 18 s 637 ms 
[2025-11-21T17:51:03.926] [INFO] debug-file - Finished :entry:default@PackingCheck... after 19 ms 
[2025-11-21T17:51:03.930] [DEBUG] debug-file - Executing task :entry:default@SignHap
[2025-11-21T17:51:03.933] [DEBUG] debug-file - entry:default@SignHap is not up-to-date, since the input file 'C:\Users\34857\DevEcoStudioProjects\GreenGroth\entry\build\default\outputs\default\entry-default-unsigned.hap' has been changed.
[2025-11-21T17:51:03.934] [DEBUG] debug-file - Incremental task entry:default@SignHap pre-execution cost: 3 ms .
[2025-11-21T17:51:03.972] [DEBUG] debug-file - java daemon socket close code:1000 reason:close by user
[2025-11-21T17:51:04.873] [DEBUG] debug-file - java daemon socket received message:{"code":0,"message":"verify profile success"}
[2025-11-21T17:51:04.879] [DEBUG] debug-file - java daemon socket close code:1000 reason:close by user
[2025-11-21T17:51:05.277] [DEBUG] debug-file - java daemon socket received message:{"code":0,"message":"sign app success"}
[2025-11-21T17:51:05.279] [DEBUG] debug-file - entry : default@SignHap cost memory 1.1833572387695312
[2025-11-21T17:51:05.279] [DEBUG] debug-file - runTaskFromQueue task cost before running: 19 s 990 ms 
[2025-11-21T17:51:05.281] [INFO] debug-file - Finished :entry:default@SignHap... after 1 s 350 ms 
[2025-11-21T17:51:05.284] [DEBUG] debug-file - Executing task :entry:default@CollectDebugSymbol
[2025-11-21T17:51:05.288] [DEBUG] debug-file - entry : default@CollectDebugSymbol cost memory 0.10157012939453125
[2025-11-21T17:51:05.289] [DEBUG] debug-file - runTaskFromQueue task cost before running: 19 s 999 ms 
[2025-11-21T17:51:05.289] [INFO] debug-file - Finished :entry:default@CollectDebugSymbol... after 5 ms 
[2025-11-21T17:51:05.290] [DEBUG] debug-file - Executing task :entry:assembleHap
[2025-11-21T17:51:05.290] [DEBUG] debug-file - entry : assembleHap cost memory 0.01442718505859375
[2025-11-21T17:51:05.290] [DEBUG] debug-file - runTaskFromQueue task cost before running: 20 s 
[2025-11-21T17:51:05.291] [INFO] debug-file - Finished :entry:assembleHap... after 1 ms 
[2025-11-21T17:51:05.309] [INFO] debug-file - BUILD SUCCESSFUL in 20 s 19 ms 
[2025-11-21T17:51:05.311] [DEBUG] debug-file - There is no need to refresh cache, since the incremental task entry:default@PreBuild is up-to-date.
[2025-11-21T17:51:05.311] [DEBUG] debug-file - Update task entry:default@CreateModuleInfo output file:C:\Users\34857\DevEcoStudioProjects\GreenGroth\entry\build\default\generated\profile\default\ModuleInfo.ts cache.
[2025-11-21T17:51:05.312] [DEBUG] debug-file - Incremental task entry:default@CreateModuleInfo post-execution cost:2 ms .
[2025-11-21T17:51:05.313] [DEBUG] debug-file - There is no need to refresh cache, since the incremental task entry:default@GenerateMetadata is up-to-date.
[2025-11-21T17:51:05.313] [DEBUG] debug-file - There is no need to refresh cache, since the incremental task entry:default@MergeProfile is up-to-date.
[2025-11-21T17:51:05.313] [DEBUG] debug-file - There is no need to refresh cache, since the incremental task entry:default@CreateBuildProfile is up-to-date.
[2025-11-21T17:51:05.313] [DEBUG] debug-file - There is no need to refresh cache, since the incremental task entry:default@GeneratePkgContextInfo is up-to-date.
[2025-11-21T17:51:05.314] [DEBUG] debug-file - Update task entry:default@ProcessIntegratedHsp output file:C:\Users\34857\DevEcoStudioProjects\GreenGroth\build\cache\default\integrated_hsp\integratedHspCache.json cache.
[2025-11-21T17:51:05.314] [DEBUG] debug-file - Incremental task entry:default@ProcessIntegratedHsp post-execution cost:1 ms .
[2025-11-21T17:51:05.314] [DEBUG] debug-file - There is no need to refresh cache, since the incremental task entry:default@MakePackInfo is up-to-date.
[2025-11-21T17:51:05.315] [DEBUG] debug-file - Update task entry:default@SyscapTransform input file:C:\Program Files\Huawei\DevEco Studio\sdk\default\openharmony\toolchains\syscap_tool.exe cache by regenerate.
[2025-11-21T17:51:05.316] [DEBUG] debug-file - Update task entry:default@SyscapTransform input file:C:\Program Files\Huawei\DevEco Studio\sdk\default\openharmony\ets\api\device-define cache by regenerate.
[2025-11-21T17:51:05.320] [DEBUG] debug-file - Update task entry:default@SyscapTransform output file:C:\Users\34857\DevEcoStudioProjects\GreenGroth\entry\build\default\intermediates\syscap\default\rpcid.sc cache.
[2025-11-21T17:51:05.320] [DEBUG] debug-file - Incremental task entry:default@SyscapTransform post-execution cost:6 ms .
[2025-11-21T17:51:05.320] [DEBUG] debug-file - There is no need to refresh cache, since the incremental task entry:default@ProcessProfile is up-to-date.
[2025-11-21T17:51:05.321] [DEBUG] debug-file - There is no need to refresh cache, since the incremental task entry:default@ProcessRouterMap is up-to-date.
[2025-11-21T17:51:05.321] [DEBUG] debug-file - There is no need to refresh cache, since the incremental task entry:default@ProcessShareConfig is up-to-date.
[2025-11-21T17:51:05.321] [DEBUG] debug-file - Update task entry:default@ProcessStartupConfig input file:C:\Users\34857\DevEcoStudioProjects\GreenGroth\entry\build\default\intermediates\loader\default\pkgContextInfo.json cache by regenerate.
[2025-11-21T17:51:05.322] [DEBUG] debug-file - Update task entry:default@ProcessStartupConfig output file:C:\Users\34857\DevEcoStudioProjects\GreenGroth\entry\build\default\intermediates\startup\default\startup_config.json cache.
[2025-11-21T17:51:05.322] [DEBUG] debug-file - Incremental task entry:default@ProcessStartupConfig post-execution cost:2 ms .
[2025-11-21T17:51:05.322] [DEBUG] debug-file - There is no need to refresh cache, since the incremental task entry:default@ProcessResource is up-to-date.
[2025-11-21T17:51:05.323] [DEBUG] debug-file - There is no need to refresh cache, since the incremental task entry:default@GenerateLoaderJson is up-to-date.
[2025-11-21T17:51:05.323] [DEBUG] debug-file - There is no need to refresh cache, since the incremental task entry:default@ProcessLibs is up-to-date.
[2025-11-21T17:51:05.323] [DEBUG] debug-file - There is no need to refresh cache, since the incremental task entry:default@CompileResource is up-to-date.
[2025-11-21T17:51:05.323] [DEBUG] debug-file - There is no need to refresh cache, since the incremental task entry:default@DoNativeStrip is up-to-date.
[2025-11-21T17:51:05.329] [DEBUG] debug-file - Update task entry:default@CompileArkTS input file:C:\Users\34857\DevEcoStudioProjects\GreenGroth\entry\build\default\intermediates\loader\default cache by regenerate.
[2025-11-21T17:51:05.331] [DEBUG] debug-file - Update task entry:default@CompileArkTS input file:C:\Users\34857\DevEcoStudioProjects\GreenGroth\oh_modules\.ohpm\@ohos+axios@2.2.6\oh_modules\@ohos\axios\index.js cache by regenerate.
[2025-11-21T17:51:05.331] [DEBUG] debug-file - Update task entry:default@CompileArkTS input file:C:\Users\34857\DevEcoStudioProjects\GreenGroth\oh_modules\.ohpm\@ohos+axios@2.2.6\oh_modules\@ohos\axios\src\main\ets cache by regenerate.
[2025-11-21T17:51:05.370] [DEBUG] debug-file - Update task entry:default@CompileArkTS input file:C:\Users\34857\DevEcoStudioProjects\GreenGroth\entry\build\default\intermediates\res\default\resources\rawfile cache by regenerate.
[2025-11-21T17:51:05.372] [DEBUG] debug-file - Update task entry:default@CompileArkTS input file:C:\Users\34857\DevEcoStudioProjects\GreenGroth\entry\build\default\intermediates\res\default\ResourceTable.txt cache by regenerate.
[2025-11-21T17:51:05.373] [DEBUG] debug-file - Update task entry:default@CompileArkTS input file:C:\Users\34857\DevEcoStudioProjects\GreenGroth\entry\build\default\intermediates\res\default\ark_module.json cache by regenerate.
[2025-11-21T17:51:05.373] [DEBUG] debug-file - Update task entry:default@CompileArkTS input file:C:\Users\34857\DevEcoStudioProjects\GreenGroth\entry\build\default\intermediates\res\default\resources\base\profile cache by regenerate.
[2025-11-21T17:51:05.375] [DEBUG] debug-file - Update task entry:default@CompileArkTS input file:C:\Users\34857\DevEcoStudioProjects\GreenGroth\entry\src\main\ets cache from map.
[2025-11-21T17:51:05.375] [DEBUG] debug-file - Update task entry:default@CompileArkTS input file:C:\Users\34857\DevEcoStudioProjects\GreenGroth\entry\build\default\intermediates\loader\default\pkgContextInfo.json cache by regenerate.
[2025-11-21T17:51:05.375] [DEBUG] debug-file - Update task entry:default@CompileArkTS input file:C:\Users\34857\DevEcoStudioProjects\GreenGroth\entry\build\default\generated\profile\default\BuildProfile.ets cache by regenerate.
[2025-11-21T17:51:05.376] [DEBUG] debug-file - Update task entry:default@CompileArkTS input file:C:\Users\34857\DevEcoStudioProjects\GreenGroth\entry\src\mock\mock-config.json5 cache by regenerate.
[2025-11-21T17:51:05.377] [DEBUG] debug-file - Update task entry:default@CompileArkTS output file:C:\Users\34857\DevEcoStudioProjects\GreenGroth\entry\build\default\intermediates\loader_out\default\ets cache.
[2025-11-21T17:51:05.379] [DEBUG] debug-file - Incremental task entry:default@CompileArkTS post-execution cost:56 ms .
[2025-11-21T17:51:05.384] [DEBUG] debug-file - Update task entry:default@BuildJS input file:C:\Users\34857\DevEcoStudioProjects\GreenGroth\entry\build\default\intermediates\loader\default cache by regenerate.
[2025-11-21T17:51:05.387] [DEBUG] debug-file - Update task entry:default@BuildJS input file:C:\Users\34857\DevEcoStudioProjects\GreenGroth\oh_modules\.ohpm\@ohos+axios@2.2.6\oh_modules\@ohos\axios\index.js cache by regenerate.
[2025-11-21T17:51:05.387] [DEBUG] debug-file - Update task entry:default@BuildJS input file:C:\Users\34857\DevEcoStudioProjects\GreenGroth\entry\build\default\intermediates\res\default\resources\rawfile cache by regenerate.
[2025-11-21T17:51:05.390] [DEBUG] debug-file - Update task entry:default@BuildJS input file:C:\Users\34857\DevEcoStudioProjects\GreenGroth\entry\build\default\intermediates\res\default\ResourceTable.txt cache by regenerate.
[2025-11-21T17:51:05.391] [DEBUG] debug-file - Update task entry:default@BuildJS input file:C:\Users\34857\DevEcoStudioProjects\GreenGroth\entry\build\default\intermediates\res\default\ark_module.json cache by regenerate.
[2025-11-21T17:51:05.392] [DEBUG] debug-file - Update task entry:default@BuildJS input file:C:\Users\34857\DevEcoStudioProjects\GreenGroth\entry\build\default\intermediates\res\default\resources\base\profile cache by regenerate.
[2025-11-21T17:51:05.394] [DEBUG] debug-file - Update task entry:default@BuildJS input file:C:\Users\34857\DevEcoStudioProjects\GreenGroth\entry\build\default\intermediates\loader\default\pkgContextInfo.json cache by regenerate.
[2025-11-21T17:51:05.395] [DEBUG] debug-file - Update task entry:default@BuildJS output file:C:\Users\34857\DevEcoStudioProjects\GreenGroth\entry\build\default\intermediates\loader_out\default\js cache.
[2025-11-21T17:51:05.396] [DEBUG] debug-file - Incremental task entry:default@BuildJS post-execution cost:17 ms .
[2025-11-21T17:51:05.396] [DEBUG] debug-file - There is no need to refresh cache, since the incremental task entry:default@CacheNativeLibs is up-to-date.
[2025-11-21T17:51:05.396] [DEBUG] debug-file - There is no need to refresh cache, since the incremental task entry:default@GeneratePkgModuleJson is up-to-date.
[2025-11-21T17:51:05.396] [DEBUG] debug-file - Incremental task entry:default@ProcessCompiledResources post-execution cost:1 ms .
[2025-11-21T17:51:05.399] [DEBUG] debug-file - Update task entry:default@PackageHap input file:C:\Users\34857\DevEcoStudioProjects\GreenGroth\entry\build\default\intermediates\stripped_native_libs\default cache by regenerate.
[2025-11-21T17:51:05.399] [DEBUG] debug-file - Update task entry:default@PackageHap input file:C:\Users\34857\DevEcoStudioProjects\GreenGroth\entry\build\default\intermediates\res\default\module.json cache by regenerate.
[2025-11-21T17:51:05.400] [DEBUG] debug-file - Update task entry:default@PackageHap input file:C:\Users\34857\DevEcoStudioProjects\GreenGroth\entry\build\default\intermediates\res\default\resources cache by regenerate.
[2025-11-21T17:51:05.407] [DEBUG] debug-file - Update task entry:default@PackageHap input file:C:\Users\34857\DevEcoStudioProjects\GreenGroth\entry\build\default\intermediates\res\default\resources.index cache by regenerate.
[2025-11-21T17:51:05.408] [DEBUG] debug-file - Update task entry:default@PackageHap input file:C:\Users\34857\DevEcoStudioProjects\GreenGroth\entry\build\default\outputs\default\pack.info cache by regenerate.
[2025-11-21T17:51:05.409] [DEBUG] debug-file - Update task entry:default@PackageHap input file:C:\Users\34857\DevEcoStudioProjects\GreenGroth\entry\build\default\intermediates\loader_out\default\ets cache from map.
[2025-11-21T17:51:05.409] [DEBUG] debug-file - Update task entry:default@PackageHap input file:C:\Users\34857\DevEcoStudioProjects\GreenGroth\entry\build\default\intermediates\loader\default\pkgContextInfo.json cache by regenerate.
[2025-11-21T17:51:05.409] [DEBUG] debug-file - Update task entry:default@PackageHap input file:C:\Users\34857\DevEcoStudioProjects\GreenGroth\entry\build\default\intermediates\loader_out\default\ets\sourceMaps.map cache by regenerate.
[2025-11-21T17:51:05.410] [DEBUG] debug-file - Update task entry:default@PackageHap input file:C:\Users\34857\DevEcoStudioProjects\GreenGroth\entry\build\default\generated\profile\default\BuildProfile.ets cache by regenerate.
[2025-11-21T17:51:05.410] [DEBUG] debug-file - Update task entry:default@PackageHap output file:C:\Users\34857\DevEcoStudioProjects\GreenGroth\entry\build\default\outputs\default\entry-default-unsigned.hap cache.
[2025-11-21T17:51:05.411] [DEBUG] debug-file - Update task entry:default@PackageHap output file:C:\Users\34857\DevEcoStudioProjects\GreenGroth\entry\build\default\intermediates\source_map\default\sourceMaps.map cache.
[2025-11-21T17:51:05.412] [DEBUG] debug-file - Update task entry:default@PackageHap output file:C:\Users\34857\DevEcoStudioProjects\GreenGroth\entry\build\default\outputs\default\mapping\sourceMaps.map cache.
[2025-11-21T17:51:05.412] [DEBUG] debug-file - Incremental task entry:default@PackageHap post-execution cost:16 ms .
[2025-11-21T17:51:05.413] [DEBUG] debug-file - Update task entry:default@SignHap input file:C:\Users\34857\.ohos\config\default_GreenGroth_2zkMoGRQ23T0hwfrix4UQ-P3d7ce_fX4DJwYQf7UnIw=.cer cache by regenerate.
[2025-11-21T17:51:05.414] [DEBUG] debug-file - Update task entry:default@SignHap input file:C:\Users\34857\.ohos\config\default_GreenGroth_2zkMoGRQ23T0hwfrix4UQ-P3d7ce_fX4DJwYQf7UnIw=.p7b cache by regenerate.
[2025-11-21T17:51:05.414] [DEBUG] debug-file - Update task entry:default@SignHap input file:C:\Users\34857\.ohos\config\default_GreenGroth_2zkMoGRQ23T0hwfrix4UQ-P3d7ce_fX4DJwYQf7UnIw=.p12 cache by regenerate.
[2025-11-21T17:51:05.415] [DEBUG] debug-file - Update task entry:default@SignHap input file:C:\Users\34857\DevEcoStudioProjects\GreenGroth\entry\build\default\outputs\default\entry-default-unsigned.hap cache from map.
[2025-11-21T17:51:05.415] [DEBUG] debug-file - Update task entry:default@SignHap output file:C:\Users\34857\DevEcoStudioProjects\GreenGroth\entry\build\default\outputs\default\entry-default-signed.hap cache.
[2025-11-21T17:51:05.416] [DEBUG] debug-file - Incremental task entry:default@SignHap post-execution cost:4 ms .
[2025-11-21T17:51:05.417] [DEBUG] debug-file - Update task entry:default@CollectDebugSymbol input file:C:\Users\34857\DevEcoStudioProjects\GreenGroth\entry\build\default\intermediates\loader_out\default\ets\sourceMaps.map cache by regenerate.
[2025-11-21T17:51:05.418] [DEBUG] debug-file - Update task entry:default@CollectDebugSymbol input file:C:\Users\34857\DevEcoStudioProjects\GreenGroth\entry\build\default\intermediates\libs\default cache by regenerate.
[2025-11-21T17:51:05.418] [DEBUG] debug-file - Update task entry:default@CollectDebugSymbol output file:C:\Users\34857\DevEcoStudioProjects\GreenGroth\entry\build\default\outputs\default\symbol cache.
[2025-11-21T17:51:05.419] [DEBUG] debug-file - Incremental task entry:default@CollectDebugSymbol post-execution cost:3 ms .
[2025-11-21T17:51:05.466] [DEBUG] debug-file - Cleanup worker 0.
[2025-11-21T17:51:05.466] [DEBUG] debug-file - Worker 0 has been cleaned up.
[2025-11-21T17:51:05.466] [DEBUG] debug-file - Current idle worker size: 2.
[2025-11-21T17:51:05.466] [DEBUG] debug-file - Current resident worker size: 3.
[2025-11-21T17:51:05.467] [DEBUG] debug-file - Cleanup worker 1.
[2025-11-21T17:51:05.467] [DEBUG] debug-file - Worker 1 has been cleaned up.
[2025-11-21T17:51:05.467] [DEBUG] debug-file - Current idle worker size: 1.
[2025-11-21T17:51:05.467] [DEBUG] debug-file - Current resident worker size: 3.
[2025-11-21T17:51:05.477] [DEBUG] debug-file - session manager: send message to worker process.
[2025-11-21T17:51:05.479] [DEBUG] debug-file - session manager: send message to worker process.
[2025-11-21T17:51:05.471] [DEBUG] debug-file - hvigor build process will be closed.
[2025-11-21T17:51:05.472] [DEBUG] debug-file - java daemon socket close code:1000 reason:close by user
[2025-11-21T17:51:05.477] [DEBUG] debug-file - worker[0] exits with exit code 1.
[2025-11-21T17:51:05.478] [DEBUG] debug-file - worker[1] exits with exit code 1.
[2025-11-21T17:51:05.480] [DEBUG] debug-file - watch worker: worker id should be larger than 0. Nothing will be sent to any worker thread.
[2025-11-21T17:51:05.480] [DEBUG] debug-file - watch worker: worker id should be larger than 0. Nothing will be sent to any worker thread.
[2025-11-21T18:34:38.150] [DEBUG] debug-file - env: nodejsVersion=v18.20.1
[2025-11-21T18:34:38.219] [DEBUG] debug-file - env: daemon=true
[2025-11-21T18:34:38.152] [DEBUG] debug-file - env: hvigor-config.json5 content = {
  modelVersion: '6.0.0',
  dependencies: {},
  execution: {},
  logging: {},
  debugging: {},
  nodeOptions: {}
}
[2025-11-21T18:34:39.322] [DEBUG] debug-file - java daemon tryConnect failed Error: connect ECONNREFUSED 127.0.0.1:45050
[2025-11-21T18:34:39.330] [DEBUG] debug-file - java daemon started at port 45050 pid 21776
[2025-11-21T18:34:39.405] [DEBUG] debug-file - session manager: set active socket. socketId=yltcoZ5zzx9rEsg_AAAB
[2025-11-21T18:34:40.523] [DEBUG] debug-file - watch worker: worker id should be larger than 0. Nothing will be sent to any worker thread.
[2025-11-21T18:34:40.541] [DEBUG] debug-file - Hvigor init with startParameters:{
  hvigorfileTypeCheck: false,
  parallelExecution: true,
  incrementalExecution: true,
  printStackTrace: false,
  daemon: true,
  analyze: 0,
  logLevel: Level { level: 20000, levelStr: 'INFO', colour: 'green' },
  optimizationStrategy: 'memory',
  hotCompile: undefined,
  hotReloadBuild: undefined
}
[2025-11-21T18:34:40.547] [DEBUG] debug-file - Cache service initialization finished in 6 ms 
[2025-11-21T18:34:40.550] [DEBUG] debug-file - hvigorfile, resolving C:\Users\34857\DevEcoStudioProjects\GreenGroth\hvigorfile.ts
[2025-11-21T18:34:43.561] [DEBUG] debug-file - hvigorfile, require result:  { default: { plugins: [] } }
[2025-11-21T18:34:43.562] [DEBUG] debug-file - hvigorfile, binding system plugins null
[2025-11-21T18:34:43.782] [DEBUG] debug-file - Start initialize project's product build option map with build mode debug.
[2025-11-21T18:34:43.782] [DEBUG] debug-file - Picking option from product 'default' with build mode 'debug'.
[2025-11-21T18:34:43.782] [DEBUG] debug-file - Product 'default' build option initialized
[2025-11-21T18:34:43.783] [DEBUG] debug-file - End initialize project's product build option map with build mode 'debug'.
[2025-11-21T18:34:43.785] [DEBUG] debug-file - Obtain build option for product 'default'in this build.
[2025-11-21T18:34:43.795] [DEBUG] debug-file - C:\Users\34857\DevEcoStudioProjects\GreenGroth\build\cache\default\remote_hsp\remoteHspCache.json not exists.
[2025-11-21T18:34:43.798] [DEBUG] debug-file - Local scan or download HarmonyOS sdk components toolchains,ets,js,native,previewer
[2025-11-21T18:34:43.802] [DEBUG] debug-file - Local scan or download hmscore sdk components toolchains,ets,native
[2025-11-21T18:34:43.805] [DEBUG] debug-file - Start recording SDK configuration permission data.
[2025-11-21T18:34:43.845] [DEBUG] debug-file - Sdk init in 49 ms 
[2025-11-21T18:34:43.851] [DEBUG] debug-file - Project task initialization takes 5 ms 
[2025-11-21T18:34:43.852] [DEBUG] debug-file - hvigorfile, binding custom plugins []
[2025-11-21T18:34:43.852] [DEBUG] debug-file - hvigorfile, no custom plugins were found in C:\Users\34857\DevEcoStudioProjects\GreenGroth\hvigorfile.ts
[2025-11-21T18:34:43.852] [DEBUG] debug-file - hvigorfile, resolve finished C:\Users\34857\DevEcoStudioProjects\GreenGroth\hvigorfile.ts
[2025-11-21T18:34:43.853] [DEBUG] debug-file - hvigorfile, resolving C:\Users\34857\DevEcoStudioProjects\GreenGroth\entry\hvigorfile.ts
[2025-11-21T18:34:43.861] [DEBUG] debug-file - hvigorfile, require result:  { default: { plugins: [] } }
[2025-11-21T18:34:43.862] [DEBUG] debug-file - hvigorfile, binding system plugins null
[2025-11-21T18:34:43.864] [DEBUG] debug-file - failed to load cangjie to dynamically generate schemas: Error: Cannot find module '@ohos/cangjie-build-support/index'
Require stack:
- C:\Program Files\Huawei\DevEco Studio\tools\hvigor\hvigor-ohos-plugin\src\plugin\factory\plugin-factory.js
- C:\Program Files\Huawei\DevEco Studio\tools\hvigor\hvigor-ohos-plugin\index.js
- C:\Users\34857\DevEcoStudioProjects\GreenGroth\hvigorfile.ts
- C:\Program Files\Huawei\DevEco Studio\tools\hvigor\hvigor\src\base\internal\lifecycle\configuration.js
- C:\Program Files\Huawei\DevEco Studio\tools\hvigor\hvigor\src\base\boot\index.js
- C:\Program Files\Huawei\DevEco Studio\tools\hvigor\hvigor\src\base\daemon\cluster\worker-process-lifecycle.js
- C:\Program Files\Huawei\DevEco Studio\tools\hvigor\hvigor\src\base\daemon\process\daemon-process-boot-script.js
[2025-11-21T18:34:43.881] [DEBUG] debug-file - Start initialize module-target build option map, moduleName=entry, buildMode=debug
[2025-11-21T18:34:43.881] [DEBUG] debug-file - Target 'default' config initialized
[2025-11-21T18:34:43.882] [DEBUG] debug-file - Target 'ohosTest' config initialized
[2025-11-21T18:34:43.882] [DEBUG] debug-file - Module 'entry' target 'default' build option initialized
[2025-11-21T18:34:43.882] [DEBUG] debug-file - Module 'entry' target 'ohosTest' build option initialized
[2025-11-21T18:34:43.882] [DEBUG] debug-file - End initialize module-target build option map, moduleName=entry
[2025-11-21T18:34:43.883] [DEBUG] debug-file - Start initialize module-target build option map, moduleName=entry, buildMode=release
[2025-11-21T18:34:43.883] [DEBUG] debug-file - Target 'default' config initialized
[2025-11-21T18:34:43.883] [DEBUG] debug-file - Target 'ohosTest' config initialized
[2025-11-21T18:34:43.883] [DEBUG] debug-file - Module 'entry' target 'default' build option initialized
[2025-11-21T18:34:43.883] [DEBUG] debug-file - Module 'entry' target 'ohosTest' build option initialized
[2025-11-21T18:34:43.884] [DEBUG] debug-file - End initialize module-target build option map, moduleName=entry
[2025-11-21T18:34:43.884] [DEBUG] debug-file - Start initialize module-target build option map, moduleName=entry, buildMode=debug
[2025-11-21T18:34:43.884] [DEBUG] debug-file - Target 'default' config initialized
[2025-11-21T18:34:43.884] [DEBUG] debug-file - Target 'ohosTest' config initialized
[2025-11-21T18:34:43.885] [DEBUG] debug-file - Module 'entry' target 'default' build option initialized
[2025-11-21T18:34:43.885] [DEBUG] debug-file - Module 'entry' target 'ohosTest' build option initialized
[2025-11-21T18:34:43.885] [DEBUG] debug-file - End initialize module-target build option map, moduleName=entry
[2025-11-21T18:34:43.885] [DEBUG] debug-file - Obtain build option for module 'entry' target 'default'in this build.
[2025-11-21T18:34:43.892] [DEBUG] debug-file - Module entry task initialization takes 6 ms 
[2025-11-21T18:34:43.892] [DEBUG] debug-file - hvigorfile, binding custom plugins []
[2025-11-21T18:34:43.892] [DEBUG] debug-file - hvigorfile, no custom plugins were found in C:\Users\34857\DevEcoStudioProjects\GreenGroth\entry\hvigorfile.ts
[2025-11-21T18:34:43.892] [DEBUG] debug-file - hvigorfile, resolve finished C:\Users\34857\DevEcoStudioProjects\GreenGroth\entry\hvigorfile.ts
[2025-11-21T18:34:43.984] [DEBUG] debug-file - hvigorfile, resolve hvigorfile dependencies in 92 ms 
[2025-11-21T18:34:43.985] [DEBUG] debug-file - project has submodules:entry
[2025-11-21T18:34:43.988] [DEBUG] debug-file - start to load updatedOhPackageInfo to the disk
[2025-11-21T18:34:44.000] [DEBUG] debug-file - load to the disk finished
[2025-11-21T18:34:44.003] [DEBUG] debug-file - Start to initialize dependency information.
[2025-11-21T18:34:44.029] [DEBUG] debug-file - Module GreenGroth Collected Dependency: 
[2025-11-21T18:34:44.029] [DEBUG] debug-file - Module GreenGroth's total dependency: 0
[2025-11-21T18:34:44.032] [DEBUG] debug-file - Start to initialize dependency information.
[2025-11-21T18:34:44.058] [DEBUG] debug-file - Module entry Collected Dependency: C:\Users\34857\DevEcoStudioProjects\GreenGroth\oh_modules\.ohpm\@ohos+axios@2.2.6\oh_modules\@ohos\axios
[2025-11-21T18:34:44.058] [DEBUG] debug-file - Module entry's total dependency: 1
[2025-11-21T18:34:44.067] [DEBUG] debug-file - Configuration phase cost:3 s 519 ms 
[2025-11-21T18:34:44.071] [DEBUG] debug-file - Configuration task cost before running: 3 s 543 ms 
[2025-11-21T18:34:44.088] [DEBUG] debug-file - Executing task :entry:default@PreBuild
[2025-11-21T18:34:44.091] [DEBUG] debug-file - Task 'entry:default@PreBuild' cost while wrapping incremental declarations: 1 ms 
[2025-11-21T18:34:44.118] [DEBUG] debug-file - Incremental task entry:default@PreBuild pre-execution cost: 16 ms .
[2025-11-21T18:34:44.118] [DEBUG] debug-file - entry : default@PreBuild cost memory 0.39438629150390625
[2025-11-21T18:34:44.123] [INFO] debug-file - UP-TO-DATE :entry:default@PreBuild...  
[2025-11-21T18:34:44.125] [DEBUG] debug-file - Executing task :entry:default@CreateModuleInfo
[2025-11-21T18:34:44.125] [DEBUG] debug-file - Task 'entry:default@CreateModuleInfo' cost while wrapping incremental declarations: 1 ms 
[2025-11-21T18:34:44.126] [DEBUG] debug-file - entry : default@CreateModuleInfo cost memory 0.0428009033203125
[2025-11-21T18:34:44.127] [DEBUG] debug-file - runTaskFromQueue task cost before running: 3 s 599 ms 
[2025-11-21T18:34:44.127] [INFO] debug-file - Finished :entry:default@CreateModuleInfo... after 2 ms 
[2025-11-21T18:34:44.135] [DEBUG] debug-file - Executing task :entry:default@GenerateMetadata
[2025-11-21T18:34:44.137] [DEBUG] debug-file - Task 'entry:default@GenerateMetadata' cost while wrapping incremental declarations: 1 ms 
[2025-11-21T18:34:44.139] [DEBUG] debug-file - Incremental task entry:default@GenerateMetadata pre-execution cost: 2 ms .
[2025-11-21T18:34:44.139] [DEBUG] debug-file - entry : default@GenerateMetadata cost memory 0.22357177734375
[2025-11-21T18:34:44.139] [INFO] debug-file - UP-TO-DATE :entry:default@GenerateMetadata...  
[2025-11-21T18:34:44.141] [DEBUG] debug-file - Executing task :entry:default@ConfigureCmake
[2025-11-21T18:34:44.141] [DEBUG] debug-file - entry : default@ConfigureCmake cost memory 0.016143798828125
[2025-11-21T18:34:44.142] [DEBUG] debug-file - runTaskFromQueue task cost before running: 3 s 614 ms 
[2025-11-21T18:34:44.142] [INFO] debug-file - Finished :entry:default@ConfigureCmake... after 1 ms 
[2025-11-21T18:34:44.144] [DEBUG] debug-file - Executing task :entry:default@MergeProfile
[2025-11-21T18:34:44.144] [DEBUG] debug-file - Task 'entry:default@MergeProfile' cost while wrapping incremental declarations: 1 ms 
[2025-11-21T18:34:44.149] [DEBUG] debug-file - Incremental task entry:default@MergeProfile pre-execution cost: 5 ms .
[2025-11-21T18:34:44.150] [DEBUG] debug-file - entry : default@MergeProfile cost memory 0.1647186279296875
[2025-11-21T18:34:44.150] [INFO] debug-file - UP-TO-DATE :entry:default@MergeProfile...  
[2025-11-21T18:34:44.152] [DEBUG] debug-file - Executing task :entry:default@CreateBuildProfile
[2025-11-21T18:34:44.153] [DEBUG] debug-file - Task 'entry:default@CreateBuildProfile' cost while wrapping incremental declarations: 1 ms 
[2025-11-21T18:34:44.156] [DEBUG] debug-file - Incremental task entry:default@CreateBuildProfile pre-execution cost: 3 ms .
[2025-11-21T18:34:44.156] [DEBUG] debug-file - entry : default@CreateBuildProfile cost memory 0.10832977294921875
[2025-11-21T18:34:44.156] [INFO] debug-file - UP-TO-DATE :entry:default@CreateBuildProfile...  
[2025-11-21T18:34:44.159] [DEBUG] debug-file - Executing task :entry:default@PreCheckSyscap
[2025-11-21T18:34:44.159] [DEBUG] debug-file - entry : default@PreCheckSyscap cost memory 0.01638031005859375
[2025-11-21T18:34:44.160] [DEBUG] debug-file - runTaskFromQueue task cost before running: 3 s 632 ms 
[2025-11-21T18:34:44.160] [INFO] debug-file - Finished :entry:default@PreCheckSyscap... after 1 ms 
[2025-11-21T18:34:44.163] [DEBUG] debug-file - Executing task :entry:default@GeneratePkgContextInfo
[2025-11-21T18:34:44.178] [DEBUG] debug-file - Task 'entry:default@GeneratePkgContextInfo' cost while wrapping incremental declarations: 1 ms 
[2025-11-21T18:34:44.179] [DEBUG] debug-file - Incremental task entry:default@GeneratePkgContextInfo pre-execution cost: 1 ms .
[2025-11-21T18:34:44.179] [DEBUG] debug-file - entry : default@GeneratePkgContextInfo cost memory 0.5925140380859375
[2025-11-21T18:34:44.180] [INFO] debug-file - UP-TO-DATE :entry:default@GeneratePkgContextInfo...  
[2025-11-21T18:34:44.189] [DEBUG] debug-file - Executing task :entry:default@ProcessIntegratedHsp
[2025-11-21T18:34:44.189] [DEBUG] debug-file - entry:default@ProcessIntegratedHsp is not up-to-date, since the output file 'C:\Users\34857\DevEcoStudioProjects\GreenGroth\build\cache\default\integrated_hsp\integratedHspCache.json' does not exist.
[2025-11-21T18:34:44.190] [DEBUG] debug-file - Incremental task entry:default@ProcessIntegratedHsp pre-execution cost: 1 ms .
[2025-11-21T18:34:44.190] [DEBUG] debug-file - entry : default@ProcessIntegratedHsp cost memory 0.06439208984375
[2025-11-21T18:34:44.190] [DEBUG] debug-file - runTaskFromQueue task cost before running: 3 s 662 ms 
[2025-11-21T18:34:44.190] [INFO] debug-file - Finished :entry:default@ProcessIntegratedHsp... after 2 ms 
[2025-11-21T18:34:44.193] [DEBUG] debug-file - Executing task :entry:default@BuildNativeWithCmake
[2025-11-21T18:34:44.193] [DEBUG] debug-file - entry : default@BuildNativeWithCmake cost memory 0.01757049560546875
[2025-11-21T18:34:44.193] [DEBUG] debug-file - runTaskFromQueue task cost before running: 3 s 665 ms 
[2025-11-21T18:34:44.194] [INFO] debug-file - Finished :entry:default@BuildNativeWithCmake... after 1 ms 
[2025-11-21T18:34:44.195] [DEBUG] debug-file - Executing task :entry:default@MakePackInfo
[2025-11-21T18:34:44.201] [DEBUG] debug-file - Incremental task entry:default@MakePackInfo pre-execution cost: 5 ms .
[2025-11-21T18:34:44.201] [DEBUG] debug-file - entry : default@MakePackInfo cost memory 0.14240264892578125
[2025-11-21T18:34:44.202] [INFO] debug-file - UP-TO-DATE :entry:default@MakePackInfo...  
[2025-11-21T18:34:44.204] [DEBUG] debug-file - Executing task :entry:default@SyscapTransform
[2025-11-21T18:34:44.204] [DEBUG] debug-file - File: 'C:\Users\34857\DevEcoStudioProjects\GreenGroth\entry\src\main\syscap.json' from 'sysCapJsonPath' is not exists, just ignore.
[2025-11-21T18:34:44.206] [DEBUG] debug-file - Task 'entry:default@SyscapTransform' cost while wrapping incremental declarations: 2 ms 
[2025-11-21T18:34:44.225] [DEBUG] debug-file - entry:default@SyscapTransform is not up-to-date, since the output file 'C:\Users\34857\DevEcoStudioProjects\GreenGroth\entry\build\default\intermediates\syscap\default\rpcid.sc' does not exist.
[2025-11-21T18:34:44.225] [DEBUG] debug-file - Incremental task entry:default@SyscapTransform pre-execution cost: 20 ms .
[2025-11-21T18:34:44.226] [DEBUG] debug-file - entry : default@SyscapTransform cost memory 0.17276763916015625
[2025-11-21T18:34:44.226] [DEBUG] debug-file - runTaskFromQueue task cost before running: 3 s 698 ms 
[2025-11-21T18:34:44.226] [INFO] debug-file - Finished :entry:default@SyscapTransform... after 23 ms 
[2025-11-21T18:34:44.230] [DEBUG] debug-file - Executing task :entry:default@ProcessProfile
[2025-11-21T18:34:44.232] [DEBUG] debug-file - Task 'entry:default@ProcessProfile' cost while wrapping incremental declarations: 1 ms 
[2025-11-21T18:34:44.235] [DEBUG] debug-file - Incremental task entry:default@ProcessProfile pre-execution cost: 2 ms .
[2025-11-21T18:34:44.235] [DEBUG] debug-file - entry : default@ProcessProfile cost memory 0.38886260986328125
[2025-11-21T18:34:44.235] [INFO] debug-file - UP-TO-DATE :entry:default@ProcessProfile...  
[2025-11-21T18:34:44.237] [DEBUG] debug-file - Executing task :entry:default@ProcessRouterMap
[2025-11-21T18:34:44.244] [DEBUG] debug-file - Incremental task entry:default@ProcessRouterMap pre-execution cost: 5 ms .
[2025-11-21T18:34:44.244] [DEBUG] debug-file - entry : default@ProcessRouterMap cost memory 0.1952362060546875
[2025-11-21T18:34:44.246] [INFO] debug-file - UP-TO-DATE :entry:default@ProcessRouterMap...  
[2025-11-21T18:34:44.248] [DEBUG] debug-file - Executing task :entry:default@ProcessShareConfig
[2025-11-21T18:34:44.254] [DEBUG] debug-file - Incremental task entry:default@ProcessShareConfig pre-execution cost: 5 ms .
[2025-11-21T18:34:44.255] [DEBUG] debug-file - entry : default@ProcessShareConfig cost memory 0.17535400390625
[2025-11-21T18:34:44.256] [INFO] debug-file - UP-TO-DATE :entry:default@ProcessShareConfig...  
[2025-11-21T18:34:44.258] [DEBUG] debug-file - Executing task :entry:default@ProcessStartupConfig
[2025-11-21T18:34:44.259] [DEBUG] debug-file - Task 'entry:default@ProcessStartupConfig' cost while wrapping incremental declarations: 1 ms 
[2025-11-21T18:34:44.261] [DEBUG] debug-file - entry:default@ProcessStartupConfig is not up-to-date, since the output file 'C:\Users\34857\DevEcoStudioProjects\GreenGroth\entry\build\default\intermediates\startup\default\startup_config.json' does not exist.
[2025-11-21T18:34:44.261] [DEBUG] debug-file - Incremental task entry:default@ProcessStartupConfig pre-execution cost: 2 ms .
[2025-11-21T18:34:44.263] [DEBUG] debug-file - entry : default@ProcessStartupConfig cost memory 0.1763763427734375
[2025-11-21T18:34:44.264] [DEBUG] debug-file - runTaskFromQueue task cost before running: 3 s 736 ms 
[2025-11-21T18:34:44.264] [INFO] debug-file - Finished :entry:default@ProcessStartupConfig... after 6 ms 
[2025-11-21T18:34:44.267] [DEBUG] debug-file - Executing task :entry:default@BuildNativeWithNinja
[2025-11-21T18:34:44.267] [DEBUG] debug-file - entry : default@BuildNativeWithNinja cost memory 0.02465057373046875
[2025-11-21T18:34:44.268] [DEBUG] debug-file - runTaskFromQueue task cost before running: 3 s 740 ms 
[2025-11-21T18:34:44.268] [INFO] debug-file - Finished :entry:default@BuildNativeWithNinja... after 2 ms 
[2025-11-21T18:34:44.271] [DEBUG] debug-file - restool module names: entry; moduleName=entry, taskName=default@ProcessResource
[2025-11-21T18:34:44.276] [DEBUG] debug-file - Executing task :entry:default@ProcessResource
[2025-11-21T18:34:44.276] [DEBUG] debug-file - Task 'entry:default@ProcessResource' cost while wrapping incremental declarations: 1 ms 
[2025-11-21T18:34:44.279] [DEBUG] debug-file - Incremental task entry:default@ProcessResource pre-execution cost: 2 ms .
[2025-11-21T18:34:44.279] [DEBUG] debug-file - entry : default@ProcessResource cost memory 0.148345947265625
[2025-11-21T18:34:44.282] [INFO] debug-file - UP-TO-DATE :entry:default@ProcessResource...  
[2025-11-21T18:34:44.287] [DEBUG] debug-file - Executing task :entry:default@GenerateLoaderJson
[2025-11-21T18:34:44.289] [DEBUG] debug-file - Task 'entry:default@GenerateLoaderJson' cost while wrapping incremental declarations: 1 ms 
[2025-11-21T18:34:44.308] [DEBUG] debug-file - Incremental task entry:default@GenerateLoaderJson pre-execution cost: 12 ms .
[2025-11-21T18:34:44.308] [DEBUG] debug-file - entry : default@GenerateLoaderJson cost memory 0.67327880859375
[2025-11-21T18:34:44.315] [INFO] debug-file - UP-TO-DATE :entry:default@GenerateLoaderJson...  
[2025-11-21T18:34:44.316] [DEBUG] debug-file - Executing task :entry:default@ProcessLibs
[2025-11-21T18:34:44.325] [DEBUG] debug-file - Incremental task entry:default@ProcessLibs pre-execution cost: 5 ms .
[2025-11-21T18:34:44.325] [DEBUG] debug-file - entry : default@ProcessLibs cost memory 0.2057037353515625
[2025-11-21T18:34:44.327] [INFO] debug-file - UP-TO-DATE :entry:default@ProcessLibs...  
[2025-11-21T18:34:44.329] [DEBUG] debug-file - restool module names: entry; moduleName=entry, taskName=default@CompileResource
[2025-11-21T18:34:44.332] [DEBUG] debug-file - Executing task :entry:default@CompileResource
[2025-11-21T18:34:44.386] [DEBUG] debug-file - Incremental task entry:default@CompileResource pre-execution cost: 52 ms .
[2025-11-21T18:34:44.386] [DEBUG] debug-file - entry : default@CompileResource cost memory -7.512939453125
[2025-11-21T18:34:44.389] [INFO] debug-file - UP-TO-DATE :entry:default@CompileResource...  
[2025-11-21T18:34:44.391] [DEBUG] debug-file - Executing task :entry:default@DoNativeStrip
[2025-11-21T18:34:44.392] [DEBUG] debug-file - Task 'entry:default@DoNativeStrip' cost while wrapping incremental declarations: 1 ms 
[2025-11-21T18:34:44.394] [DEBUG] debug-file - Incremental task entry:default@DoNativeStrip pre-execution cost: 2 ms .
[2025-11-21T18:34:44.394] [DEBUG] debug-file - entry : default@DoNativeStrip cost memory 0.08921051025390625
[2025-11-21T18:34:44.395] [INFO] debug-file - UP-TO-DATE :entry:default@DoNativeStrip...  
[2025-11-21T18:34:44.398] [DEBUG] debug-file - Executing task :entry:default@CompileArkTS
[2025-11-21T18:34:44.399] [DEBUG] debug-file - obfuscationOptions: undefined
[2025-11-21T18:34:44.466] [DEBUG] debug-file - entry:default@CompileArkTS is not up-to-date, since the input file 'C:\Users\34857\DevEcoStudioProjects\GreenGroth\entry\src\main\ets' has been changed.
[2025-11-21T18:34:44.467] [DEBUG] debug-file - Incremental task entry:default@CompileArkTS pre-execution cost: 51 ms .
[2025-11-21T18:34:44.495] [DEBUG] debug-file - build config:
[2025-11-21T18:34:44.495] [DEBUG] debug-file - {
  moduleType: 'entry',
  perf: 0,
  targetName: '.default',
  packageManagerType: 'ohpm',
  localPropertiesPath: 'C:\\Users\\34857\\DevEcoStudioProjects\\GreenGroth\\local.properties',
  isPreview: false,
  isOhosTest: false,
  isLocalTest: false,
  buildMode: 'Debug',
  hotReloadBuild: undefined,
  watchMode: 'false',
  aceProfilePath: 'C:\\Users\\34857\\DevEcoStudioProjects\\GreenGroth\\entry\\build\\default\\intermediates\\res\\default\\resources\\base\\profile',
  etsLoaderPath: 'C:\\Program Files\\Huawei\\DevEco Studio\\sdk\\default\\openharmony\\ets\\build-tools\\ets-loader',
  modulePath: 'C:\\Users\\34857\\DevEcoStudioProjects\\GreenGroth\\entry',
  testFrameworkPar: {
    testMode: undefined,
    coveragePathFilter: undefined,
    coverageMode: undefined
  },
  needCoverageInsert: false,
  debugLine: false,
  projectTopDir: 'C:\\Users\\34857\\DevEcoStudioProjects\\GreenGroth',
  compileSdkVersion: 20,
  compatibleSdkVersion: 12,
  compatibleSdkVersionStage: 'beta1',
  bundleName: 'c***h',
  etsLoaderVersion: '6.0.0.47',
  etsLoaderReleaseType: 'Release',
  aotCompileMode: 'type',
  apPath: 'C:\\Users\\34857\\DevEcoStudioProjects\\GreenGroth\\entry\\modules.ap',
  entryModuleName: 'entry',
  entryModuleVersion: '1.0.0',
  entryPackageName: 'entry',
  allModuleNameHash: 'ac322dda3fe62b69ea7761d20fdc32fe',
  externalApiPaths: [
    'C:\\Program Files\\Huawei\\DevEco Studio\\sdk\\default\\hms\\ets'
  ],
  compilerTypes: [],
  isCrossplatform: false,
  hvigorPluginFile: undefined,
  compilePluginPath: undefined,
  buildGeneratedProfilePath: 'C:\\Users\\34857\\DevEcoStudioProjects\\GreenGroth\\entry\\build\\default\\generated\\profile\\default',
  bundleType: 'app',
  arkTSVersion: undefined,
  apiVersion: 20,
  needCompleteSourcesMap: false,
  isFaMode: false,
  strictMode: {
    caseSensitiveCheck: true,
    useNormalizedOHMUrl: true,
    noExternalImportByPath: true
  },
  buildDir: 'C:\\Users\\34857\\DevEcoStudioProjects\\GreenGroth\\entry\\build',
  deviceTypes: [ 'phone', 'tablet', 'tv', 'wearable', 'car' ],
  useNormalizedOHMUrl: true,
  pkgContextInfo: {
    '@ohos/axios': {
      packageName: '@ohos/axios',
      bundleName: '*****',
      moduleName: '',
      version: '2.2.6',
      entryPath: 'index.js',
      isSO: false,
      dependencyAlias: ''
    },
    '@ohos/hypium': {
      packageName: '@ohos/hypium',
      bundleName: '*****',
      moduleName: '',
      version: '1.0.24',
      entryPath: 'index.js',
      isSO: false,
      dependencyAlias: ''
    },
    '@ohos/hamock': {
      packageName: '@ohos/hamock',
      bundleName: '*****',
      moduleName: '',
      version: '1.0.0',
      entryPath: 'index.ets',
      isSO: false,
      dependencyAlias: ''
    },
    entry: {
      packageName: 'entry',
      bundleName: '*****',
      moduleName: '',
      version: '',
      entryPath: 'src/main/',
      isSO: false,
      dependencyAlias: ''
    }
  },
  ohPackagePathMap: {},
  dependencyAliasMap: {},
  permission: {
    requestPermissions: [ [Object], [Object] ],
    definePermissions: undefined
  },
  integratedHsp: false,
  projectArkOption: undefined,
  sourceMapDir: undefined,
  branchElimination: false,
  transformLib: undefined,
  caseSensitiveCheck: true,
  tsImportSendable: false,
  resolveConflictMode: true,
  depName2RootPath: {},
  depName2DepInfo: {},
  rootPathSet: [ 'C:\\Users\\34857\\DevEcoStudioProjects\\GreenGroth' ],
  useNativeResolver: true,
  shouldEmitJs: true,
  useTscResolve: false,
  singleFileEmit: false,
  userProjectConfig: {
    autoLazyImport: false,
    allowEmptyBundleName: false,
    reExportCheckMode: 'noCheck',
    executionMode: 'memory',
    usePathPlaceholder: false,
    writeRollupCache: true,
    isExpandImportEnabled: false,
    expandImportExclude: '',
    ignoreCrossplatformCheck: false,
    isPreloadSoEnabled: false
  },
  skipOhModulesLint: false,
  executionMode: 'memory',
  autoLazyImport: false,
  allowEmptyBundleName: false,
  reExportCheckMode: 'noCheck',
  usePathPlaceholder: false,
  writeRollupCache: true,
  isExpandImportEnabled: false,
  expandImportExclude: '',
  ignoreCrossplatformCheck: false,
  isPreloadSoEnabled: false,
  arkCompileCachePath: 'C:\\Users\\34857\\DevEcoStudioProjects\\GreenGroth\\entry\\build\\default\\cache\\default\\default@CompileArkTS\\esmodule',
  aceModuleJsonPath: 'C:\\Users\\34857\\DevEcoStudioProjects\\GreenGroth\\entry\\build\\default\\intermediates\\res\\default\\ark_module.json',
  appResource: 'C:\\Users\\34857\\DevEcoStudioProjects\\GreenGroth\\entry\\build\\default\\intermediates\\res\\default\\ResourceTable.txt',
  rawFileResource: 'C:\\Users\\34857\\DevEcoStudioProjects\\GreenGroth\\entry\\build\\default\\intermediates\\res\\default\\resources\\rawfile',
  resourceTableHash: '2eb32ec2dde5d60271a0f22321271b93',
  runtimeOS: 'HarmonyOS',
  sdkInfo: 'false:20:6.0.0.47:Release',
  aceModuleRoot: 'C:\\Users\\34857\\DevEcoStudioProjects\\GreenGroth\\entry\\src\\main\\ets',
  compileMode: 'esmodule',
  aceSuperVisualPath: 'C:\\Users\\34857\\DevEcoStudioProjects\\GreenGroth\\entry\\src\\main\\supervisual',
  aceBuildJson: 'C:\\Users\\34857\\DevEcoStudioProjects\\GreenGroth\\entry\\build\\default\\intermediates\\loader\\default\\loader.json',
  cachePath: 'C:\\Users\\34857\\DevEcoStudioProjects\\GreenGroth\\entry\\build\\default\\cache\\default\\default@CompileArkTS\\esmodule\\debug',
  aceModuleBuild: 'C:\\Users\\34857\\DevEcoStudioProjects\\GreenGroth\\entry\\build\\default\\intermediates\\loader_out\\default\\ets',
  supportChunks: true,
  declaredFilesPath: undefined,
  shouldCollectDirectImportees: false,
  isByteCodeHarOptimize: false,
  expandImportPath: undefined,
  pkgNameToPkgBriefInfo: {
    '@ohos/axios': {
      pkgRoot: 'C:\\Users\\34857\\DevEcoStudioProjects\\GreenGroth\\oh_modules\\.ohpm\\@ohos+axios@2.2.6\\oh_modules\\@ohos\\axios',
      pkgName: '@ohos/axios',
      sourceRoots: [Array]
    },
    entry: {
      pkgRoot: 'C:\\Users\\34857\\DevEcoStudioProjects\\GreenGroth\\entry',
      originalSourceRoots: undefined,
      sourceRoots: [Array],
      pkgName: 'entry'
    }
  },
  projectModel: {
    'C:\\Users\\34857\\DevEcoStudioProjects\\GreenGroth\\entry\\src\\main': {
      moduleName: 'entry',
      modulePkgPath: 'C:\\Users\\34857\\DevEcoStudioProjects\\GreenGroth\\entry',
      belongProjectPath: 'C:\\Users\\34857\\DevEcoStudioProjects\\GreenGroth'
    },
    'C:\\Users\\34857\\DevEcoStudioProjects\\GreenGroth\\entry\\build\\default\\intermediates\\src\\ohosTest\\ets': {
      moduleName: 'entry_test',
      modulePkgPath: 'C:\\Users\\34857\\DevEcoStudioProjects\\GreenGroth\\entry',
      belongProjectPath: 'C:\\Users\\34857\\DevEcoStudioProjects\\GreenGroth'
    },
    'C:\\Users\\34857\\DevEcoStudioProjects\\GreenGroth\\entry\\src\\ohosTest': {
      moduleName: 'entry_test',
      modulePkgPath: 'C:\\Users\\34857\\DevEcoStudioProjects\\GreenGroth\\entry',
      belongProjectPath: 'C:\\Users\\34857\\DevEcoStudioProjects\\GreenGroth'
    },
    'C:\\Users\\34857\\DevEcoStudioProjects\\GreenGroth\\entry': {
      moduleName: 'entry',
      modulePkgPath: 'C:\\Users\\34857\\DevEcoStudioProjects\\GreenGroth\\entry',
      belongProjectPath: 'C:\\Users\\34857\\DevEcoStudioProjects\\GreenGroth'
    },
    'C:\\Users\\34857\\DevEcoStudioProjects\\GreenGroth': {
      moduleName: 'GreenGroth',
      modulePkgPath: 'C:\\Users\\34857\\DevEcoStudioProjects\\GreenGroth',
      belongProjectPath: 'C:\\Users\\34857\\DevEcoStudioProjects\\GreenGroth'
    }
  },
  pkgJsonFileHash: '544be47d257731be7f8e0bd07118193f',
  allModulePaths: [ 'C:\\Users\\34857\\DevEcoStudioProjects\\GreenGroth\\entry' ],
  routerMap: {},
  obfuscationOptions: undefined,
  byteCodeHarToDependencyKeys: undefined,
  compileBlockPkg: [],
  mockParams: {
    decorator: '@MockSetup',
    packageName: '@ohos/hamock',
    etsSourceRootPath: 'src/main/ets',
    mockConfigPath: 'C:\\Users\\34857\\DevEcoStudioProjects\\GreenGroth\\entry\\src\\mock\\mock-config.json5',
    mockConfigKey2ModuleInfo: {},
    source2ModuleIdMap: {}
  },
  copyCodeResourceEnable: false,
  copyCodeResourceExcludes: [],
  copyCodeResourceIncludes: undefined,
  uiTransformOptimization: false,
  sdkPath: 'C:/Program Files/Huawei/DevEco Studio/sdk',
  needPreloadSoFileSet: {},
  preloadSoFilePath: 'C:\\Users\\34857\\DevEcoStudioProjects\\GreenGroth\\entry\\build\\default\\intermediates\\preload\\default\\preload.json',
  useSourceHash: false,
  localModuleParamMap: {},
  otherPaths: {
    '@ohos/axios/*': [
      '..\\..\\..\\..\\oh_modules\\.ohpm\\@ohos+axios@2.2.6\\oh_modules\\@ohos\\axios\\src\\main\\*'
    ],
    'entry/*': [
      '..\\*',
      '..\\..\\..\\build\\default\\generated\\profile\\default\\*'
    ]
  },
  collectImportersConfig: undefined
}
[2025-11-21T18:34:44.496] [DEBUG] debug-file - Compile arkts with external api path: C:\Program Files\Huawei\DevEco Studio\sdk\default\hms\ets
[2025-11-21T18:34:44.498] [DEBUG] debug-file - Since there is no instance or instance is terminated, create a new worker pool.
[2025-11-21T18:34:44.498] [DEBUG] debug-file - Worker pool is initialized with config:  {
  minPoolNum: 2,
  maxPoolNum: undefined,
  maxCoreSize: undefined,
  cacheCapacity: undefined,
  cacheTtl: undefined
}
[2025-11-21T18:34:44.499] [DEBUG] debug-file - Create  resident worker with id: 0.
[2025-11-21T18:34:44.502] [DEBUG] debug-file - Create  resident worker with id: 1.
[2025-11-21T18:34:44.506] [DEBUG] debug-file - default@CompileArkTS work[0] is submitted.
[2025-11-21T18:34:44.507] [DEBUG] debug-file - default@CompileArkTS work[0] is pushed to ready queue.
[2025-11-21T18:34:44.507] [DEBUG] debug-file - A work dispatched to worker[11] failed because unable to get work from ready queue.
[2025-11-21T18:34:44.507] [DEBUG] debug-file - A work dispatched to worker[10] failed because unable to get work from ready queue.
[2025-11-21T18:34:44.508] [DEBUG] debug-file - A work dispatched to worker[9] failed because unable to get work from ready queue.
[2025-11-21T18:34:44.508] [DEBUG] debug-file - A work dispatched to worker[8] failed because unable to get work from ready queue.
[2025-11-21T18:34:44.508] [DEBUG] debug-file - A work dispatched to worker[7] failed because unable to get work from ready queue.
[2025-11-21T18:34:44.508] [DEBUG] debug-file - A work dispatched to worker[6] failed because unable to get work from ready queue.
[2025-11-21T18:34:44.508] [DEBUG] debug-file - A work dispatched to worker[5] failed because unable to get work from ready queue.
[2025-11-21T18:34:44.508] [DEBUG] debug-file - Create  resident worker with id: 4.
[2025-11-21T18:34:44.511] [DEBUG] debug-file - default@CompileArkTS work[0] has been dispatched to worker[4].
[2025-11-21T18:34:44.511] [DEBUG] debug-file - default@CompileArkTS work[0] is dispatched.
[2025-11-21T18:34:44.511] [DEBUG] debug-file - entry : default@CompileArkTS cost memory 3.71533203125
[2025-11-21T18:34:44.514] [DEBUG] debug-file - Executing task :entry:default@BuildJS
[2025-11-21T18:34:44.525] [DEBUG] debug-file - entry : default@BuildJS cost memory 0.1506195068359375
[2025-11-21T18:34:44.525] [DEBUG] debug-file - runTaskFromQueue task cost before running: 3 s 997 ms 
[2025-11-21T18:34:44.526] [INFO] debug-file - Finished :entry:default@BuildJS... after 11 ms 
[2025-11-21T18:34:44.529] [DEBUG] debug-file - Executing task :entry:default@CacheNativeLibs
[2025-11-21T18:34:44.531] [DEBUG] debug-file - Task 'entry:default@CacheNativeLibs' cost while wrapping incremental declarations: 2 ms 
[2025-11-21T18:34:44.536] [DEBUG] debug-file - Incremental task entry:default@CacheNativeLibs pre-execution cost: 5 ms .
[2025-11-21T18:34:44.536] [DEBUG] debug-file - entry : default@CacheNativeLibs cost memory 0.10741424560546875
[2025-11-21T18:34:44.537] [INFO] debug-file - UP-TO-DATE :entry:default@CacheNativeLibs...  
[2025-11-21T18:34:55.194] [WARN] debug-file - [33mWARN: [33m[33mArkTS:WARN File: C:/Users/34857/DevEcoStudioProjects/GreenGroth/entry/src/main/ets/database/PlantDatabase.ets:12:31
 Function may throw exceptions. Special handling is required.
[39m[39m
[33mWARN: [33m[33mArkTS:WARN File: C:/Users/34857/DevEcoStudioProjects/GreenGroth/entry/src/main/ets/database/PlantDatabase.ets:28:11
 Function may throw exceptions. Special handling is required.
[39m[39m
[33mWARN: [33m[33mArkTS:WARN File: C:/Users/34857/DevEcoStudioProjects/GreenGroth/entry/src/main/ets/database/PlantDatabase.ets:29:11
 Function may throw exceptions. Special handling is required.
[39m[39m
[33mWARN: [33m[33mArkTS:WARN File: C:/Users/34857/DevEcoStudioProjects/GreenGroth/entry/src/main/ets/database/PlantDatabase.ets:37:24
 Function may throw exceptions. Special handling is required.
[39m[39m
[33mWARN: [33m[33mArkTS:WARN File: C:/Users/34857/DevEcoStudioProjects/GreenGroth/entry/src/main/ets/database/PlantDatabase.ets:47:11
 Function may throw exceptions. Special handling is required.
[39m[39m
[33mWARN: [33m[33mArkTS:WARN File: C:/Users/34857/DevEcoStudioProjects/GreenGroth/entry/src/main/ets/database/PlantDatabase.ets:48:11
 Function may throw exceptions. Special handling is required.
[39m[39m
[33mWARN: [33m[33mArkTS:WARN File: C:/Users/34857/DevEcoStudioProjects/GreenGroth/entry/src/main/ets/utils/ImageUtils.ets:39:45
 'packing' has been deprecated.
[39m[39m
[33mWARN: [33m[33mArkTS:WARN File: C:/Users/34857/DevEcoStudioProjects/GreenGroth/entry/src/main/ets/utils/ImgSave.ets:38:45
 'packing' has been deprecated.
[39m[39m
[33mWARN: [33m[33mArkTS:WARN File: C:/Users/34857/DevEcoStudioProjects/GreenGroth/entry/src/main/ets/pages/Index.ets:14:46
 'getContext' has been deprecated.
[39m[39m
[33mWARN: [33m[33mArkTS:WARN File: C:/Users/34857/DevEcoStudioProjects/GreenGroth/entry/src/main/ets/pages/Index.ets:81:20
 'pushUrl' has been deprecated.
[39m[39m
[33mWARN: [33m[33mArkTS:WARN File: C:/Users/34857/DevEcoStudioProjects/GreenGroth/entry/src/main/ets/pages/Index.ets:93:38
 The system capacity of this api 'picker' is not supported on all devices
[39m[39m
[33mWARN: [33m[33mArkTS:WARN File: C:/Users/34857/DevEcoStudioProjects/GreenGroth/entry/src/main/ets/pages/Index.ets:93:45
 'PhotoSelectOptions' has been deprecated.
[39m[39m
[33mWARN: [33m[33mArkTS:WARN File: C:/Users/34857/DevEcoStudioProjects/GreenGroth/entry/src/main/ets/pages/Index.ets:93:45
 The system capacity of this api 'PhotoSelectOptions' is not supported on all devices
[39m[39m
[33mWARN: [33m[33mArkTS:WARN File: C:/Users/34857/DevEcoStudioProjects/GreenGroth/entry/src/main/ets/pages/Index.ets:94:26
 'MIMEType' has been deprecated.
[39m[39m
[33mWARN: [33m[33mArkTS:WARN File: C:/Users/34857/DevEcoStudioProjects/GreenGroth/entry/src/main/ets/pages/Index.ets:94:26
 The system capacity of this api 'MIMEType' is not supported on all devices
[39m[39m
[33mWARN: [33m[33mArkTS:WARN File: C:/Users/34857/DevEcoStudioProjects/GreenGroth/entry/src/main/ets/pages/Index.ets:94:37
 The system capacity of this api 'picker' is not supported on all devices
[39m[39m
[33mWARN: [33m[33mArkTS:WARN File: C:/Users/34857/DevEcoStudioProjects/GreenGroth/entry/src/main/ets/pages/Index.ets:94:44
 'PhotoViewMIMETypes' has been deprecated.
[39m[39m
[33mWARN: [33m[33mArkTS:WARN File: C:/Users/34857/DevEcoStudioProjects/GreenGroth/entry/src/main/ets/pages/Index.ets:94:44
 The system capacity of this api 'PhotoViewMIMETypes' is not supported on all devices
[39m[39m
[33mWARN: [33m[33mArkTS:WARN File: C:/Users/34857/DevEcoStudioProjects/GreenGroth/entry/src/main/ets/pages/Index.ets:94:63
 'IMAGE_TYPE' has been deprecated.
[39m[39m
[33mWARN: [33m[33mArkTS:WARN File: C:/Users/34857/DevEcoStudioProjects/GreenGroth/entry/src/main/ets/pages/Index.ets:94:63
 The system capacity of this api 'IMAGE_TYPE' is not supported on all devices
[39m[39m
[33mWARN: [33m[33mArkTS:WARN File: C:/Users/34857/DevEcoStudioProjects/GreenGroth/entry/src/main/ets/pages/Index.ets:95:26
 'maxSelectNumber' has been deprecated.
[39m[39m
[33mWARN: [33m[33mArkTS:WARN File: C:/Users/34857/DevEcoStudioProjects/GreenGroth/entry/src/main/ets/pages/Index.ets:95:26
 The system capacity of this api 'maxSelectNumber' is not supported on all devices
[39m[39m
[33mWARN: [33m[33mArkTS:WARN File: C:/Users/34857/DevEcoStudioProjects/GreenGroth/entry/src/main/ets/pages/Index.ets:97:35
 The system capacity of this api 'picker' is not supported on all devices
[39m[39m
[33mWARN: [33m[33mArkTS:WARN File: C:/Users/34857/DevEcoStudioProjects/GreenGroth/entry/src/main/ets/pages/Index.ets:97:42
 'PhotoViewPicker' has been deprecated.
[39m[39m
[33mWARN: [33m[33mArkTS:WARN File: C:/Users/34857/DevEcoStudioProjects/GreenGroth/entry/src/main/ets/pages/Index.ets:97:42
 The system capacity of this api 'PhotoViewPicker' is not supported on all devices
[39m[39m
[33mWARN: [33m[33mArkTS:WARN File: C:/Users/34857/DevEcoStudioProjects/GreenGroth/entry/src/main/ets/pages/Index.ets:98:44
 'select' has been deprecated.
[39m[39m
[33mWARN: [33m[33mArkTS:WARN File: C:/Users/34857/DevEcoStudioProjects/GreenGroth/entry/src/main/ets/pages/Index.ets:98:44
 The system capacity of this api 'select' is not supported on all devices
[39m[39m
[33mWARN: [33m[33mArkTS:WARN File: C:/Users/34857/DevEcoStudioProjects/GreenGroth/entry/src/main/ets/pages/Index.ets:100:28
 'photoUris' has been deprecated.
[39m[39m
[33mWARN: [33m[33mArkTS:WARN File: C:/Users/34857/DevEcoStudioProjects/GreenGroth/entry/src/main/ets/pages/Index.ets:100:28
 The system capacity of this api 'photoUris' is not supported on all devices
[39m[39m
[33mWARN: [33m[33mArkTS:WARN File: C:/Users/34857/DevEcoStudioProjects/GreenGroth/entry/src/main/ets/pages/Index.ets:101:37
 'photoUris' has been deprecated.
[39m[39m
[33mWARN: [33m[33mArkTS:WARN File: C:/Users/34857/DevEcoStudioProjects/GreenGroth/entry/src/main/ets/pages/Index.ets:101:37
 The system capacity of this api 'photoUris' is not supported on all devices
[39m[39m
[33mWARN: [33m[33mArkTS:WARN File: C:/Users/34857/DevEcoStudioProjects/GreenGroth/entry/src/main/ets/pages/Index.ets:110:38
 The system capacity of this api 'picker' is not supported on all devices
[39m[39m
[33mWARN: [33m[33mArkTS:WARN File: C:/Users/34857/DevEcoStudioProjects/GreenGroth/entry/src/main/ets/pages/Index.ets:110:45
 'PhotoSelectOptions' has been deprecated.
[39m[39m
[33mWARN: [33m[33mArkTS:WARN File: C:/Users/34857/DevEcoStudioProjects/GreenGroth/entry/src/main/ets/pages/Index.ets:110:45
 The system capacity of this api 'PhotoSelectOptions' is not supported on all devices
[39m[39m
[33mWARN: [33m[33mArkTS:WARN File: C:/Users/34857/DevEcoStudioProjects/GreenGroth/entry/src/main/ets/pages/Index.ets:111:26
 'MIMEType' has been deprecated.
[39m[39m
[33mWARN: [33m[33mArkTS:WARN File: C:/Users/34857/DevEcoStudioProjects/GreenGroth/entry/src/main/ets/pages/Index.ets:111:26
 The system capacity of this api 'MIMEType' is not supported on all devices
[39m[39m
[33mWARN: [33m[33mArkTS:WARN File: C:/Users/34857/DevEcoStudioProjects/GreenGroth/entry/src/main/ets/pages/Index.ets:111:37
 The system capacity of this api 'picker' is not supported on all devices
[39m[39m
[33mWARN: [33m[33mArkTS:WARN File: C:/Users/34857/DevEcoStudioProjects/GreenGroth/entry/src/main/ets/pages/Index.ets:111:44
 'PhotoViewMIMETypes' has been deprecated.
[39m[39m
[33mWARN: [33m[33mArkTS:WARN File: C:/Users/34857/DevEcoStudioProjects/GreenGroth/entry/src/main/ets/pages/Index.ets:111:44
 The system capacity of this api 'PhotoViewMIMETypes' is not supported on all devices
[39m[39m
[33mWARN: [33m[33mArkTS:WARN File: C:/Users/34857/DevEcoStudioProjects/GreenGroth/entry/src/main/ets/pages/Index.ets:111:63
 'IMAGE_TYPE' has been deprecated.
[39m[39m
[33mWARN: [33m[33mArkTS:WARN File: C:/Users/34857/DevEcoStudioProjects/GreenGroth/entry/src/main/ets/pages/Index.ets:111:63
 The system capacity of this api 'IMAGE_TYPE' is not supported on all devices
[39m[39m
[33mWARN: [33m[33mArkTS:WARN File: C:/Users/34857/DevEcoStudioProjects/GreenGroth/entry/src/main/ets/pages/Index.ets:112:26
 'maxSelectNumber' has been deprecated.
[39m[39m
[33mWARN: [33m[33mArkTS:WARN File: C:/Users/34857/DevEcoStudioProjects/GreenGroth/entry/src/main/ets/pages/Index.ets:112:26
 The system capacity of this api 'maxSelectNumber' is not supported on all devices
[39m[39m
[33mWARN: [33m[33mArkTS:WARN File: C:/Users/34857/DevEcoStudioProjects/GreenGroth/entry/src/main/ets/pages/Index.ets:114:35
 The system capacity of this api 'picker' is not supported on all devices
[39m[39m
[33mWARN: [33m[33mArkTS:WARN File: C:/Users/34857/DevEcoStudioProjects/GreenGroth/entry/src/main/ets/pages/Index.ets:114:42
 'PhotoViewPicker' has been deprecated.
[39m[39m
[33mWARN: [33m[33mArkTS:WARN File: C:/Users/34857/DevEcoStudioProjects/GreenGroth/entry/src/main/ets/pages/Index.ets:114:42
 The system capacity of this api 'PhotoViewPicker' is not supported on all devices
[39m[39m
[33mWARN: [33m[33mArkTS:WARN File: C:/Users/34857/DevEcoStudioProjects/GreenGroth/entry/src/main/ets/pages/Index.ets:115:44
 'select' has been deprecated.
[39m[39m
[33mWARN: [33m[33mArkTS:WARN File: C:/Users/34857/DevEcoStudioProjects/GreenGroth/entry/src/main/ets/pages/Index.ets:115:44
 The system capacity of this api 'select' is not supported on all devices
[39m[39m
[33mWARN: [33m[33mArkTS:WARN File: C:/Users/34857/DevEcoStudioProjects/GreenGroth/entry/src/main/ets/pages/Index.ets:117:28
 'photoUris' has been deprecated.
[39m[39m
[33mWARN: [33m[33mArkTS:WARN File: C:/Users/34857/DevEcoStudioProjects/GreenGroth/entry/src/main/ets/pages/Index.ets:117:28
 The system capacity of this api 'photoUris' is not supported on all devices
[39m[39m
[33mWARN: [33m[33mArkTS:WARN File: C:/Users/34857/DevEcoStudioProjects/GreenGroth/entry/src/main/ets/pages/Index.ets:118:37
 'photoUris' has been deprecated.
[39m[39m
[33mWARN: [33m[33mArkTS:WARN File: C:/Users/34857/DevEcoStudioProjects/GreenGroth/entry/src/main/ets/pages/Index.ets:118:37
 The system capacity of this api 'photoUris' is not supported on all devices
[39m[39m
[33mWARN: [33m[33mArkTS:WARN File: C:/Users/34857/DevEcoStudioProjects/GreenGroth/entry/src/main/ets/pages/Index.ets:140:20
 'pushUrl' has been deprecated.
[39m[39m
[33mWARN: [33m[33mArkTS:WARN File: C:/Users/34857/DevEcoStudioProjects/GreenGroth/entry/src/main/ets/pages/Index.ets:150:13
 Function may throw exceptions. Special handling is required.
[39m[39m
[33mWARN: [33m[33mArkTS:WARN File: C:/Users/34857/DevEcoStudioProjects/GreenGroth/entry/src/main/ets/pages/Index.ets:150:20
 'pushUrl' has been deprecated.
[39m[39m
[33mWARN: [33m[33mArkTS:WARN File: C:/Users/34857/DevEcoStudioProjects/GreenGroth/entry/src/main/ets/pages/ResultPage.ets:10:27
 'getParams' has been deprecated.
[39m[39m
[33mWARN: [33m[33mArkTS:WARN File: C:/Users/34857/DevEcoStudioProjects/GreenGroth/entry/src/main/ets/pages/ResultPage.ets:21:33
 'back' has been deprecated.
[39m[39m
[33mWARN: [33m[33mArkTS:WARN File: C:/Users/34857/DevEcoStudioProjects/GreenGroth/entry/src/main/ets/pages/FailedResultPage.ets:10:27
 'getParams' has been deprecated.
[39m[39m
[33mWARN: [33m[33mArkTS:WARN File: C:/Users/34857/DevEcoStudioProjects/GreenGroth/entry/src/main/ets/pages/FailedResultPage.ets:20:33
 'back' has been deprecated.
[39m[39m

[2025-11-21T18:34:55.195] [DEBUG] debug-file - Ark compile task finished.finished time is 33831931743700
[2025-11-21T18:34:55.196] [DEBUG] debug-file - worker[4] has one work done.
[2025-11-21T18:34:55.199] [DEBUG] debug-file - default@CompileArkTS work[0] done.
[2025-11-21T18:34:55.200] [DEBUG] debug-file - A work dispatched to worker[4] failed because unable to get work from ready queue.
[2025-11-21T18:34:55.204] [INFO] debug-file - Finished :entry:default@CompileArkTS... after 6 s 513 ms 
[2025-11-21T18:34:55.206] [DEBUG] debug-file - Executing task :entry:default@GeneratePkgModuleJson
[2025-11-21T18:34:55.206] [DEBUG] debug-file - File: 'C:\Users\34857\DevEcoStudioProjects\GreenGroth\entry\build\default\intermediates\preload\default\preload.json' from 'preloadSoJsonPath' is not exists, just ignore.
[2025-11-21T18:34:55.207] [DEBUG] debug-file - Task 'entry:default@GeneratePkgModuleJson' cost while wrapping incremental declarations: 1 ms 
[2025-11-21T18:34:55.208] [DEBUG] debug-file - Incremental task entry:default@GeneratePkgModuleJson pre-execution cost: 2 ms .
[2025-11-21T18:34:55.208] [DEBUG] debug-file - entry : default@GeneratePkgModuleJson cost memory 0.0973358154296875
[2025-11-21T18:34:55.209] [INFO] debug-file - UP-TO-DATE :entry:default@GeneratePkgModuleJson...  
[2025-11-21T18:34:55.210] [DEBUG] debug-file - Executing task :entry:default@ProcessCompiledResources
[2025-11-21T18:34:55.211] [DEBUG] debug-file - File: 'C:\Users\34857\DevEcoStudioProjects\GreenGroth\entry\build\default\intermediates\preload\default\preload.json' from 'preloadSoJsonPath' is not exists, just ignore.
[2025-11-21T18:34:55.211] [DEBUG] debug-file - Task 'entry:default@ProcessCompiledResources' cost while wrapping incremental declarations: 1 ms 
[2025-11-21T18:34:55.211] [DEBUG] debug-file - entry : default@ProcessCompiledResources cost memory 0.066070556640625
[2025-11-21T18:34:55.211] [DEBUG] debug-file - runTaskFromQueue task cost before running: 14 s 684 ms 
[2025-11-21T18:34:55.212] [INFO] debug-file - Finished :entry:default@ProcessCompiledResources... after 2 ms 
[2025-11-21T18:34:55.214] [DEBUG] debug-file - Executing task :entry:default@PackageHap
[2025-11-21T18:34:55.226] [DEBUG] debug-file - entry:default@PackageHap is not up-to-date, since the input file 'C:\Users\34857\DevEcoStudioProjects\GreenGroth\entry\build\default\intermediates\loader_out\default\ets' has been changed.
[2025-11-21T18:34:55.227] [DEBUG] debug-file - Incremental task entry:default@PackageHap pre-execution cost: 11 ms .
[2025-11-21T18:34:55.228] [DEBUG] debug-file - Use tool [C:\Program Files\Huawei\DevEco Studio\sdk\default\openharmony\toolchains\lib\app_packing_tool.jar]
 [
  'java',
  '-Dfile.encoding=GBK',
  '-jar',
  'C:\\Program Files\\Huawei\\DevEco Studio\\sdk\\default\\openharmony\\toolchains\\lib\\app_packing_tool.jar',
  '--mode',
  'hap',
  '--force',
  'true',
  '--lib-path',
  'C:\\Users\\34857\\DevEcoStudioProjects\\GreenGroth\\entry\\build\\default\\intermediates\\stripped_native_libs\\default',
  '--json-path',
  'C:\\Users\\34857\\DevEcoStudioProjects\\GreenGroth\\entry\\build\\default\\intermediates\\package\\default\\module.json',
  '--resources-path',
  'C:\\Users\\34857\\DevEcoStudioProjects\\GreenGroth\\entry\\build\\default\\intermediates\\res\\default\\resources',
  '--index-path',
  'C:\\Users\\34857\\DevEcoStudioProjects\\GreenGroth\\entry\\build\\default\\intermediates\\res\\default\\resources.index',
  '--pack-info-path',
  'C:\\Users\\34857\\DevEcoStudioProjects\\GreenGroth\\entry\\build\\default\\outputs\\default\\pack.info',
  '--out-path',
  'C:\\Users\\34857\\DevEcoStudioProjects\\GreenGroth\\entry\\build\\default\\outputs\\default\\entry-default-unsigned.hap',
  '--ets-path',
  'C:\\Users\\34857\\DevEcoStudioProjects\\GreenGroth\\entry\\build\\default\\intermediates\\loader_out\\default\\ets',
  '--pkg-context-path',
  'C:\\Users\\34857\\DevEcoStudioProjects\\GreenGroth\\entry\\build\\default\\intermediates\\loader\\default\\pkgContextInfo.json'
]
[2025-11-21T18:34:55.637] [DEBUG] debug-file - java daemon socket received message:{"code":0,"message":"pack success"}
[2025-11-21T18:34:55.649] [DEBUG] debug-file - entry : default@PackageHap cost memory 0.9029159545898438
[2025-11-21T18:34:55.650] [DEBUG] debug-file - runTaskFromQueue task cost before running: 15 s 122 ms 
[2025-11-21T18:34:55.653] [INFO] debug-file - Finished :entry:default@PackageHap... after 436 ms 
[2025-11-21T18:34:55.655] [DEBUG] debug-file - Executing task :entry:default@PackingCheck
[2025-11-21T18:34:55.669] [DEBUG] debug-file - entry : default@PackingCheck cost memory 0.3517608642578125
[2025-11-21T18:34:55.670] [DEBUG] debug-file - runTaskFromQueue task cost before running: 15 s 142 ms 
[2025-11-21T18:34:55.670] [INFO] debug-file - Finished :entry:default@PackingCheck... after 15 ms 
[2025-11-21T18:34:55.673] [DEBUG] debug-file - Executing task :entry:default@SignHap
[2025-11-21T18:34:55.676] [DEBUG] debug-file - entry:default@SignHap is not up-to-date, since the input file 'C:\Users\34857\DevEcoStudioProjects\GreenGroth\entry\build\default\outputs\default\entry-default-unsigned.hap' has been changed.
[2025-11-21T18:34:55.677] [DEBUG] debug-file - Incremental task entry:default@SignHap pre-execution cost: 3 ms .
[2025-11-21T18:34:55.702] [DEBUG] debug-file - java daemon socket close code:1000 reason:close by user
[2025-11-21T18:34:56.443] [DEBUG] debug-file - java daemon socket received message:{"code":0,"message":"verify profile success"}
[2025-11-21T18:34:56.450] [DEBUG] debug-file - java daemon socket close code:1000 reason:close by user
[2025-11-21T18:34:56.863] [DEBUG] debug-file - java daemon socket received message:{"code":0,"message":"sign app success"}
[2025-11-21T18:34:56.865] [DEBUG] debug-file - entry : default@SignHap cost memory 1.2536544799804688
[2025-11-21T18:34:56.865] [DEBUG] debug-file - runTaskFromQueue task cost before running: 16 s 337 ms 
[2025-11-21T18:34:56.866] [INFO] debug-file - Finished :entry:default@SignHap... after 1 s 193 ms 
[2025-11-21T18:34:56.869] [DEBUG] debug-file - Executing task :entry:default@CollectDebugSymbol
[2025-11-21T18:34:56.872] [DEBUG] debug-file - entry : default@CollectDebugSymbol cost memory 0.10157012939453125
[2025-11-21T18:34:56.872] [DEBUG] debug-file - runTaskFromQueue task cost before running: 16 s 344 ms 
[2025-11-21T18:34:56.872] [INFO] debug-file - Finished :entry:default@CollectDebugSymbol... after 3 ms 
[2025-11-21T18:34:56.873] [DEBUG] debug-file - Executing task :entry:assembleHap
[2025-11-21T18:34:56.873] [DEBUG] debug-file - entry : assembleHap cost memory 0.01444244384765625
[2025-11-21T18:34:56.873] [DEBUG] debug-file - runTaskFromQueue task cost before running: 16 s 345 ms 
[2025-11-21T18:34:56.873] [INFO] debug-file - Finished :entry:assembleHap... after 1 ms 
[2025-11-21T18:34:56.889] [INFO] debug-file - BUILD SUCCESSFUL in 16 s 361 ms 
[2025-11-21T18:34:56.890] [DEBUG] debug-file - There is no need to refresh cache, since the incremental task entry:default@PreBuild is up-to-date.
[2025-11-21T18:34:56.890] [DEBUG] debug-file - Update task entry:default@CreateModuleInfo output file:C:\Users\34857\DevEcoStudioProjects\GreenGroth\entry\build\default\generated\profile\default\ModuleInfo.ts cache.
[2025-11-21T18:34:56.891] [DEBUG] debug-file - Incremental task entry:default@CreateModuleInfo post-execution cost:1 ms .
[2025-11-21T18:34:56.891] [DEBUG] debug-file - There is no need to refresh cache, since the incremental task entry:default@GenerateMetadata is up-to-date.
[2025-11-21T18:34:56.891] [DEBUG] debug-file - There is no need to refresh cache, since the incremental task entry:default@MergeProfile is up-to-date.
[2025-11-21T18:34:56.891] [DEBUG] debug-file - There is no need to refresh cache, since the incremental task entry:default@CreateBuildProfile is up-to-date.
[2025-11-21T18:34:56.891] [DEBUG] debug-file - There is no need to refresh cache, since the incremental task entry:default@GeneratePkgContextInfo is up-to-date.
[2025-11-21T18:34:56.891] [DEBUG] debug-file - Update task entry:default@ProcessIntegratedHsp output file:C:\Users\34857\DevEcoStudioProjects\GreenGroth\build\cache\default\integrated_hsp\integratedHspCache.json cache.
[2025-11-21T18:34:56.892] [DEBUG] debug-file - Incremental task entry:default@ProcessIntegratedHsp post-execution cost:1 ms .
[2025-11-21T18:34:56.892] [DEBUG] debug-file - There is no need to refresh cache, since the incremental task entry:default@MakePackInfo is up-to-date.
[2025-11-21T18:34:56.892] [DEBUG] debug-file - Update task entry:default@SyscapTransform input file:C:\Program Files\Huawei\DevEco Studio\sdk\default\openharmony\toolchains\syscap_tool.exe cache by regenerate.
[2025-11-21T18:34:56.892] [DEBUG] debug-file - Update task entry:default@SyscapTransform input file:C:\Program Files\Huawei\DevEco Studio\sdk\default\openharmony\ets\api\device-define cache by regenerate.
[2025-11-21T18:34:56.895] [DEBUG] debug-file - Update task entry:default@SyscapTransform output file:C:\Users\34857\DevEcoStudioProjects\GreenGroth\entry\build\default\intermediates\syscap\default\rpcid.sc cache.
[2025-11-21T18:34:56.896] [DEBUG] debug-file - Incremental task entry:default@SyscapTransform post-execution cost:5 ms .
[2025-11-21T18:34:56.896] [DEBUG] debug-file - There is no need to refresh cache, since the incremental task entry:default@ProcessProfile is up-to-date.
[2025-11-21T18:34:56.896] [DEBUG] debug-file - There is no need to refresh cache, since the incremental task entry:default@ProcessRouterMap is up-to-date.
[2025-11-21T18:34:56.896] [DEBUG] debug-file - There is no need to refresh cache, since the incremental task entry:default@ProcessShareConfig is up-to-date.
[2025-11-21T18:34:56.897] [DEBUG] debug-file - Update task entry:default@ProcessStartupConfig input file:C:\Users\34857\DevEcoStudioProjects\GreenGroth\entry\build\default\intermediates\loader\default\pkgContextInfo.json cache by regenerate.
[2025-11-21T18:34:56.897] [DEBUG] debug-file - Update task entry:default@ProcessStartupConfig output file:C:\Users\34857\DevEcoStudioProjects\GreenGroth\entry\build\default\intermediates\startup\default\startup_config.json cache.
[2025-11-21T18:34:56.898] [DEBUG] debug-file - Incremental task entry:default@ProcessStartupConfig post-execution cost:2 ms .
[2025-11-21T18:34:56.898] [DEBUG] debug-file - There is no need to refresh cache, since the incremental task entry:default@ProcessResource is up-to-date.
[2025-11-21T18:34:56.898] [DEBUG] debug-file - There is no need to refresh cache, since the incremental task entry:default@GenerateLoaderJson is up-to-date.
[2025-11-21T18:34:56.898] [DEBUG] debug-file - There is no need to refresh cache, since the incremental task entry:default@ProcessLibs is up-to-date.
[2025-11-21T18:34:56.898] [DEBUG] debug-file - There is no need to refresh cache, since the incremental task entry:default@CompileResource is up-to-date.
[2025-11-21T18:34:56.898] [DEBUG] debug-file - There is no need to refresh cache, since the incremental task entry:default@DoNativeStrip is up-to-date.
[2025-11-21T18:34:56.902] [DEBUG] debug-file - Update task entry:default@CompileArkTS input file:C:\Users\34857\DevEcoStudioProjects\GreenGroth\entry\build\default\intermediates\loader\default cache by regenerate.
[2025-11-21T18:34:56.904] [DEBUG] debug-file - Update task entry:default@CompileArkTS input file:C:\Users\34857\DevEcoStudioProjects\GreenGroth\oh_modules\.ohpm\@ohos+axios@2.2.6\oh_modules\@ohos\axios\index.js cache by regenerate.
[2025-11-21T18:34:56.904] [DEBUG] debug-file - Update task entry:default@CompileArkTS input file:C:\Users\34857\DevEcoStudioProjects\GreenGroth\oh_modules\.ohpm\@ohos+axios@2.2.6\oh_modules\@ohos\axios\src\main\ets cache by regenerate.
[2025-11-21T18:34:56.928] [DEBUG] debug-file - Update task entry:default@CompileArkTS input file:C:\Users\34857\DevEcoStudioProjects\GreenGroth\entry\build\default\intermediates\res\default\resources\rawfile cache by regenerate.
[2025-11-21T18:34:56.930] [DEBUG] debug-file - Update task entry:default@CompileArkTS input file:C:\Users\34857\DevEcoStudioProjects\GreenGroth\entry\build\default\intermediates\res\default\ResourceTable.txt cache by regenerate.
[2025-11-21T18:34:56.931] [DEBUG] debug-file - Update task entry:default@CompileArkTS input file:C:\Users\34857\DevEcoStudioProjects\GreenGroth\entry\build\default\intermediates\res\default\ark_module.json cache by regenerate.
[2025-11-21T18:34:56.931] [DEBUG] debug-file - Update task entry:default@CompileArkTS input file:C:\Users\34857\DevEcoStudioProjects\GreenGroth\entry\build\default\intermediates\res\default\resources\base\profile cache by regenerate.
[2025-11-21T18:34:56.932] [DEBUG] debug-file - Update task entry:default@CompileArkTS input file:C:\Users\34857\DevEcoStudioProjects\GreenGroth\entry\src\main\ets cache from map.
[2025-11-21T18:34:56.932] [DEBUG] debug-file - Update task entry:default@CompileArkTS input file:C:\Users\34857\DevEcoStudioProjects\GreenGroth\entry\build\default\intermediates\loader\default\pkgContextInfo.json cache by regenerate.
[2025-11-21T18:34:56.933] [DEBUG] debug-file - Update task entry:default@CompileArkTS input file:C:\Users\34857\DevEcoStudioProjects\GreenGroth\entry\build\default\generated\profile\default\BuildProfile.ets cache by regenerate.
[2025-11-21T18:34:56.933] [DEBUG] debug-file - Update task entry:default@CompileArkTS input file:C:\Users\34857\DevEcoStudioProjects\GreenGroth\entry\src\mock\mock-config.json5 cache by regenerate.
[2025-11-21T18:34:56.934] [DEBUG] debug-file - Update task entry:default@CompileArkTS output file:C:\Users\34857\DevEcoStudioProjects\GreenGroth\entry\build\default\intermediates\loader_out\default\ets cache.
[2025-11-21T18:34:56.935] [DEBUG] debug-file - Incremental task entry:default@CompileArkTS post-execution cost:37 ms .
[2025-11-21T18:34:56.938] [DEBUG] debug-file - Update task entry:default@BuildJS input file:C:\Users\34857\DevEcoStudioProjects\GreenGroth\entry\build\default\intermediates\loader\default cache by regenerate.
[2025-11-21T18:34:56.939] [DEBUG] debug-file - Update task entry:default@BuildJS input file:C:\Users\34857\DevEcoStudioProjects\GreenGroth\oh_modules\.ohpm\@ohos+axios@2.2.6\oh_modules\@ohos\axios\index.js cache by regenerate.
[2025-11-21T18:34:56.939] [DEBUG] debug-file - Update task entry:default@BuildJS input file:C:\Users\34857\DevEcoStudioProjects\GreenGroth\entry\build\default\intermediates\res\default\resources\rawfile cache by regenerate.
[2025-11-21T18:34:56.941] [DEBUG] debug-file - Update task entry:default@BuildJS input file:C:\Users\34857\DevEcoStudioProjects\GreenGroth\entry\build\default\intermediates\res\default\ResourceTable.txt cache by regenerate.
[2025-11-21T18:34:56.942] [DEBUG] debug-file - Update task entry:default@BuildJS input file:C:\Users\34857\DevEcoStudioProjects\GreenGroth\entry\build\default\intermediates\res\default\ark_module.json cache by regenerate.
[2025-11-21T18:34:56.942] [DEBUG] debug-file - Update task entry:default@BuildJS input file:C:\Users\34857\DevEcoStudioProjects\GreenGroth\entry\build\default\intermediates\res\default\resources\base\profile cache by regenerate.
[2025-11-21T18:34:56.943] [DEBUG] debug-file - Update task entry:default@BuildJS input file:C:\Users\34857\DevEcoStudioProjects\GreenGroth\entry\build\default\intermediates\loader\default\pkgContextInfo.json cache by regenerate.
[2025-11-21T18:34:56.944] [DEBUG] debug-file - Update task entry:default@BuildJS output file:C:\Users\34857\DevEcoStudioProjects\GreenGroth\entry\build\default\intermediates\loader_out\default\js cache.
[2025-11-21T18:34:56.944] [DEBUG] debug-file - Incremental task entry:default@BuildJS post-execution cost:9 ms .
[2025-11-21T18:34:56.944] [DEBUG] debug-file - There is no need to refresh cache, since the incremental task entry:default@CacheNativeLibs is up-to-date.
[2025-11-21T18:34:56.944] [DEBUG] debug-file - There is no need to refresh cache, since the incremental task entry:default@GeneratePkgModuleJson is up-to-date.
[2025-11-21T18:34:56.944] [DEBUG] debug-file - Incremental task entry:default@ProcessCompiledResources post-execution cost:1 ms .
[2025-11-21T18:34:56.946] [DEBUG] debug-file - Update task entry:default@PackageHap input file:C:\Users\34857\DevEcoStudioProjects\GreenGroth\entry\build\default\intermediates\stripped_native_libs\default cache by regenerate.
[2025-11-21T18:34:56.946] [DEBUG] debug-file - Update task entry:default@PackageHap input file:C:\Users\34857\DevEcoStudioProjects\GreenGroth\entry\build\default\intermediates\res\default\module.json cache by regenerate.
[2025-11-21T18:34:56.947] [DEBUG] debug-file - Update task entry:default@PackageHap input file:C:\Users\34857\DevEcoStudioProjects\GreenGroth\entry\build\default\intermediates\res\default\resources cache by regenerate.
[2025-11-21T18:34:56.951] [DEBUG] debug-file - Update task entry:default@PackageHap input file:C:\Users\34857\DevEcoStudioProjects\GreenGroth\entry\build\default\intermediates\res\default\resources.index cache by regenerate.
[2025-11-21T18:34:56.952] [DEBUG] debug-file - Update task entry:default@PackageHap input file:C:\Users\34857\DevEcoStudioProjects\GreenGroth\entry\build\default\outputs\default\pack.info cache by regenerate.
[2025-11-21T18:34:56.952] [DEBUG] debug-file - Update task entry:default@PackageHap input file:C:\Users\34857\DevEcoStudioProjects\GreenGroth\entry\build\default\intermediates\loader_out\default\ets cache from map.
[2025-11-21T18:34:56.952] [DEBUG] debug-file - Update task entry:default@PackageHap input file:C:\Users\34857\DevEcoStudioProjects\GreenGroth\entry\build\default\intermediates\loader\default\pkgContextInfo.json cache by regenerate.
[2025-11-21T18:34:56.953] [DEBUG] debug-file - Update task entry:default@PackageHap input file:C:\Users\34857\DevEcoStudioProjects\GreenGroth\entry\build\default\intermediates\loader_out\default\ets\sourceMaps.map cache by regenerate.
[2025-11-21T18:34:56.953] [DEBUG] debug-file - Update task entry:default@PackageHap input file:C:\Users\34857\DevEcoStudioProjects\GreenGroth\entry\build\default\generated\profile\default\BuildProfile.ets cache by regenerate.
[2025-11-21T18:34:56.953] [DEBUG] debug-file - Update task entry:default@PackageHap output file:C:\Users\34857\DevEcoStudioProjects\GreenGroth\entry\build\default\outputs\default\entry-default-unsigned.hap cache.
[2025-11-21T18:34:56.954] [DEBUG] debug-file - Update task entry:default@PackageHap output file:C:\Users\34857\DevEcoStudioProjects\GreenGroth\entry\build\default\intermediates\source_map\default\sourceMaps.map cache.
[2025-11-21T18:34:56.954] [DEBUG] debug-file - Update task entry:default@PackageHap output file:C:\Users\34857\DevEcoStudioProjects\GreenGroth\entry\build\default\outputs\default\mapping\sourceMaps.map cache.
[2025-11-21T18:34:56.955] [DEBUG] debug-file - Incremental task entry:default@PackageHap post-execution cost:11 ms .
[2025-11-21T18:34:56.955] [DEBUG] debug-file - Update task entry:default@SignHap input file:C:\Users\34857\.ohos\config\default_GreenGroth_2zkMoGRQ23T0hwfrix4UQ-P3d7ce_fX4DJwYQf7UnIw=.cer cache by regenerate.
[2025-11-21T18:34:56.955] [DEBUG] debug-file - Update task entry:default@SignHap input file:C:\Users\34857\.ohos\config\default_GreenGroth_2zkMoGRQ23T0hwfrix4UQ-P3d7ce_fX4DJwYQf7UnIw=.p7b cache by regenerate.
[2025-11-21T18:34:56.956] [DEBUG] debug-file - Update task entry:default@SignHap input file:C:\Users\34857\.ohos\config\default_GreenGroth_2zkMoGRQ23T0hwfrix4UQ-P3d7ce_fX4DJwYQf7UnIw=.p12 cache by regenerate.
[2025-11-21T18:34:56.956] [DEBUG] debug-file - Update task entry:default@SignHap input file:C:\Users\34857\DevEcoStudioProjects\GreenGroth\entry\build\default\outputs\default\entry-default-unsigned.hap cache from map.
[2025-11-21T18:34:56.956] [DEBUG] debug-file - Update task entry:default@SignHap output file:C:\Users\34857\DevEcoStudioProjects\GreenGroth\entry\build\default\outputs\default\entry-default-signed.hap cache.
[2025-11-21T18:34:56.957] [DEBUG] debug-file - Incremental task entry:default@SignHap post-execution cost:3 ms .
[2025-11-21T18:34:56.958] [DEBUG] debug-file - Update task entry:default@CollectDebugSymbol input file:C:\Users\34857\DevEcoStudioProjects\GreenGroth\entry\build\default\intermediates\loader_out\default\ets\sourceMaps.map cache by regenerate.
[2025-11-21T18:34:56.959] [DEBUG] debug-file - Update task entry:default@CollectDebugSymbol input file:C:\Users\34857\DevEcoStudioProjects\GreenGroth\entry\build\default\intermediates\libs\default cache by regenerate.
[2025-11-21T18:34:56.959] [DEBUG] debug-file - Update task entry:default@CollectDebugSymbol output file:C:\Users\34857\DevEcoStudioProjects\GreenGroth\entry\build\default\outputs\default\symbol cache.
[2025-11-21T18:34:56.960] [DEBUG] debug-file - Incremental task entry:default@CollectDebugSymbol post-execution cost:3 ms .
[2025-11-21T18:34:56.990] [DEBUG] debug-file - Cleanup worker 0.
[2025-11-21T18:34:56.991] [DEBUG] debug-file - Worker 0 has been cleaned up.
[2025-11-21T18:34:56.991] [DEBUG] debug-file - Current idle worker size: 2.
[2025-11-21T18:34:56.991] [DEBUG] debug-file - Current resident worker size: 3.
[2025-11-21T18:34:56.991] [DEBUG] debug-file - Cleanup worker 1.
[2025-11-21T18:34:56.991] [DEBUG] debug-file - Worker 1 has been cleaned up.
[2025-11-21T18:34:56.991] [DEBUG] debug-file - Current idle worker size: 1.
[2025-11-21T18:34:56.991] [DEBUG] debug-file - Current resident worker size: 3.
[2025-11-21T18:34:57.000] [DEBUG] debug-file - session manager: send message to worker process.
[2025-11-21T18:34:57.001] [DEBUG] debug-file - session manager: send message to worker process.
[2025-11-21T18:34:56.994] [DEBUG] debug-file - hvigor build process will be closed.
[2025-11-21T18:34:56.995] [DEBUG] debug-file - java daemon socket close code:1000 reason:close by user
[2025-11-21T18:34:56.998] [DEBUG] debug-file - worker[0] exits with exit code 1.
[2025-11-21T18:34:56.999] [DEBUG] debug-file - worker[1] exits with exit code 1.
[2025-11-21T18:34:57.000] [DEBUG] debug-file - watch worker: worker id should be larger than 0. Nothing will be sent to any worker thread.
[2025-11-21T18:34:57.001] [DEBUG] debug-file - watch worker: worker id should be larger than 0. Nothing will be sent to any worker thread.
[2025-11-21T18:35:34.152] [DEBUG] debug-file - session manager: set active socket. socketId=VI8HBIA_-KrQMoRtAAAD
[2025-11-21T18:35:34.159] [DEBUG] debug-file - watch worker: worker id should be larger than 0. Nothing will be sent to any worker thread.
[2025-11-21T18:35:34.170] [DEBUG] debug-file - Hvigor init with startParameters:{
  hvigorfileTypeCheck: false,
  parallelExecution: true,
  incrementalExecution: true,
  printStackTrace: false,
  daemon: true,
  analyze: 0,
  logLevel: Level { level: 20000, levelStr: 'INFO', colour: 'green' },
  optimizationStrategy: 'memory',
  hotCompile: undefined,
  hotReloadBuild: undefined
}
[2025-11-21T18:35:34.175] [DEBUG] debug-file - Cache service initialization finished in 5 ms 
[2025-11-21T18:35:34.177] [DEBUG] debug-file - hvigorfile, resolving C:\Users\34857\DevEcoStudioProjects\GreenGroth\hvigorfile.ts
[2025-11-21T18:35:34.185] [DEBUG] debug-file - hvigorfile, require result:  { default: { plugins: [] } }
[2025-11-21T18:35:34.185] [DEBUG] debug-file - hvigorfile, binding system plugins null
[2025-11-21T18:35:34.195] [DEBUG] debug-file - Start initialize project's product build option map with build mode debug.
[2025-11-21T18:35:34.195] [DEBUG] debug-file - Picking option from product 'default' with build mode 'debug'.
[2025-11-21T18:35:34.195] [DEBUG] debug-file - Product 'default' build option initialized
[2025-11-21T18:35:34.195] [DEBUG] debug-file - End initialize project's product build option map with build mode 'debug'.
[2025-11-21T18:35:34.196] [DEBUG] debug-file - Obtain build option for product 'default'in this build.
[2025-11-21T18:35:34.202] [DEBUG] debug-file - C:\Users\34857\DevEcoStudioProjects\GreenGroth\build\cache\default\remote_hsp\remoteHspCache.json not exists.
[2025-11-21T18:35:34.208] [DEBUG] debug-file - Start recording SDK configuration permission data.
[2025-11-21T18:35:34.243] [DEBUG] debug-file - Sdk init in 40 ms 
[2025-11-21T18:35:34.248] [DEBUG] debug-file - Project task initialization takes 4 ms 
[2025-11-21T18:35:34.248] [DEBUG] debug-file - hvigorfile, binding custom plugins []
[2025-11-21T18:35:34.248] [DEBUG] debug-file - hvigorfile, no custom plugins were found in C:\Users\34857\DevEcoStudioProjects\GreenGroth\hvigorfile.ts
[2025-11-21T18:35:34.248] [DEBUG] debug-file - hvigorfile, resolve finished C:\Users\34857\DevEcoStudioProjects\GreenGroth\hvigorfile.ts
[2025-11-21T18:35:34.249] [DEBUG] debug-file - hvigorfile, resolving C:\Users\34857\DevEcoStudioProjects\GreenGroth\entry\hvigorfile.ts
[2025-11-21T18:35:34.254] [DEBUG] debug-file - hvigorfile, require result:  { default: { plugins: [] } }
[2025-11-21T18:35:34.254] [DEBUG] debug-file - hvigorfile, binding system plugins null
[2025-11-21T18:35:34.256] [DEBUG] debug-file - failed to load cangjie to dynamically generate schemas: Error: Cannot find module '@ohos/cangjie-build-support/index'
Require stack:
- C:\Program Files\Huawei\DevEco Studio\tools\hvigor\hvigor-ohos-plugin\src\plugin\factory\plugin-factory.js
- C:\Program Files\Huawei\DevEco Studio\tools\hvigor\hvigor-ohos-plugin\index.js
- C:\Users\34857\DevEcoStudioProjects\GreenGroth\hvigorfile.ts
- C:\Program Files\Huawei\DevEco Studio\tools\hvigor\hvigor\src\base\internal\lifecycle\configuration.js
- C:\Program Files\Huawei\DevEco Studio\tools\hvigor\hvigor\src\base\boot\index.js
- C:\Program Files\Huawei\DevEco Studio\tools\hvigor\hvigor\src\base\daemon\cluster\worker-process-lifecycle.js
- C:\Program Files\Huawei\DevEco Studio\tools\hvigor\hvigor\src\base\daemon\process\daemon-process-boot-script.js
[2025-11-21T18:35:34.259] [DEBUG] debug-file - Start initialize module-target build option map, moduleName=entry, buildMode=debug
[2025-11-21T18:35:34.259] [DEBUG] debug-file - Target 'default' config initialized
[2025-11-21T18:35:34.260] [DEBUG] debug-file - Target 'ohosTest' config initialized
[2025-11-21T18:35:34.260] [DEBUG] debug-file - Module 'entry' target 'default' build option initialized
[2025-11-21T18:35:34.260] [DEBUG] debug-file - Module 'entry' target 'ohosTest' build option initialized
[2025-11-21T18:35:34.261] [DEBUG] debug-file - End initialize module-target build option map, moduleName=entry
[2025-11-21T18:35:34.261] [DEBUG] debug-file - Start initialize module-target build option map, moduleName=entry, buildMode=release
[2025-11-21T18:35:34.261] [DEBUG] debug-file - Target 'default' config initialized
[2025-11-21T18:35:34.261] [DEBUG] debug-file - Target 'ohosTest' config initialized
[2025-11-21T18:35:34.262] [DEBUG] debug-file - Module 'entry' target 'default' build option initialized
[2025-11-21T18:35:34.262] [DEBUG] debug-file - Module 'entry' target 'ohosTest' build option initialized
[2025-11-21T18:35:34.262] [DEBUG] debug-file - End initialize module-target build option map, moduleName=entry
[2025-11-21T18:35:34.262] [DEBUG] debug-file - Start initialize module-target build option map, moduleName=entry, buildMode=debug
[2025-11-21T18:35:34.262] [DEBUG] debug-file - Target 'default' config initialized
[2025-11-21T18:35:34.262] [DEBUG] debug-file - Target 'ohosTest' config initialized
[2025-11-21T18:35:34.262] [DEBUG] debug-file - Module 'entry' target 'default' build option initialized
[2025-11-21T18:35:34.262] [DEBUG] debug-file - Module 'entry' target 'ohosTest' build option initialized
[2025-11-21T18:35:34.263] [DEBUG] debug-file - End initialize module-target build option map, moduleName=entry
[2025-11-21T18:35:34.263] [DEBUG] debug-file - Obtain build option for module 'entry' target 'default'in this build.
[2025-11-21T18:35:34.264] [DEBUG] debug-file - Module entry task initialization takes 1 ms 
[2025-11-21T18:35:34.265] [DEBUG] debug-file - hvigorfile, binding custom plugins []
[2025-11-21T18:35:34.265] [DEBUG] debug-file - hvigorfile, no custom plugins were found in C:\Users\34857\DevEcoStudioProjects\GreenGroth\entry\hvigorfile.ts
[2025-11-21T18:35:34.265] [DEBUG] debug-file - hvigorfile, resolve finished C:\Users\34857\DevEcoStudioProjects\GreenGroth\entry\hvigorfile.ts
[2025-11-21T18:35:34.351] [DEBUG] debug-file - hvigorfile, resolve hvigorfile dependencies in 86 ms 
[2025-11-21T18:35:34.351] [DEBUG] debug-file - project has submodules:entry
[2025-11-21T18:35:34.354] [DEBUG] debug-file - start to load updatedOhPackageInfo to the disk
[2025-11-21T18:35:34.366] [DEBUG] debug-file - load to the disk finished
[2025-11-21T18:35:34.368] [DEBUG] debug-file - Start to initialize dependency information.
[2025-11-21T18:35:34.382] [DEBUG] debug-file - Module GreenGroth Collected Dependency: 
[2025-11-21T18:35:34.382] [DEBUG] debug-file - Module GreenGroth's total dependency: 0
[2025-11-21T18:35:34.383] [DEBUG] debug-file - Start to initialize dependency information.
[2025-11-21T18:35:34.394] [DEBUG] debug-file - Module entry Collected Dependency: C:\Users\34857\DevEcoStudioProjects\GreenGroth\oh_modules\.ohpm\@ohos+axios@2.2.6\oh_modules\@ohos\axios
[2025-11-21T18:35:34.394] [DEBUG] debug-file - Module entry's total dependency: 1
[2025-11-21T18:35:34.397] [DEBUG] debug-file - Configuration phase cost:223 ms 
[2025-11-21T18:35:34.399] [DEBUG] debug-file - Configuration task cost before running: 235 ms 
[2025-11-21T18:35:34.407] [DEBUG] debug-file - Executing task :entry:default@PreBuild
[2025-11-21T18:35:34.408] [DEBUG] debug-file - Task 'entry:default@PreBuild' cost while wrapping incremental declarations: 1 ms 
[2025-11-21T18:35:34.430] [DEBUG] debug-file - Incremental task entry:default@PreBuild pre-execution cost: 16 ms .
[2025-11-21T18:35:34.430] [DEBUG] debug-file - entry : default@PreBuild cost memory 0.35962677001953125
[2025-11-21T18:35:34.436] [INFO] debug-file - UP-TO-DATE :entry:default@PreBuild...  
[2025-11-21T18:35:34.438] [DEBUG] debug-file - Executing task :entry:default@CreateModuleInfo
[2025-11-21T18:35:34.438] [DEBUG] debug-file - Task 'entry:default@CreateModuleInfo' cost while wrapping incremental declarations: 1 ms 
[2025-11-21T18:35:34.439] [DEBUG] debug-file - entry : default@CreateModuleInfo cost memory 0.04195404052734375
[2025-11-21T18:35:34.439] [DEBUG] debug-file - runTaskFromQueue task cost before running: 275 ms 
[2025-11-21T18:35:34.439] [INFO] debug-file - Finished :entry:default@CreateModuleInfo... after 2 ms 
[2025-11-21T18:35:34.450] [DEBUG] debug-file - Executing task :entry:default@GenerateMetadata
[2025-11-21T18:35:34.451] [DEBUG] debug-file - Task 'entry:default@GenerateMetadata' cost while wrapping incremental declarations: 1 ms 
[2025-11-21T18:35:34.453] [DEBUG] debug-file - Incremental task entry:default@GenerateMetadata pre-execution cost: 2 ms .
[2025-11-21T18:35:34.453] [DEBUG] debug-file - entry : default@GenerateMetadata cost memory 0.0964202880859375
[2025-11-21T18:35:34.453] [INFO] debug-file - UP-TO-DATE :entry:default@GenerateMetadata...  
[2025-11-21T18:35:34.456] [DEBUG] debug-file - Executing task :entry:default@ConfigureCmake
[2025-11-21T18:35:34.456] [DEBUG] debug-file - entry : default@ConfigureCmake cost memory 0.016754150390625
[2025-11-21T18:35:34.456] [DEBUG] debug-file - runTaskFromQueue task cost before running: 292 ms 
[2025-11-21T18:35:34.456] [INFO] debug-file - Finished :entry:default@ConfigureCmake... after 1 ms 
[2025-11-21T18:35:34.458] [DEBUG] debug-file - Executing task :entry:default@MergeProfile
[2025-11-21T18:35:34.458] [DEBUG] debug-file - Task 'entry:default@MergeProfile' cost while wrapping incremental declarations: 1 ms 
[2025-11-21T18:35:34.463] [DEBUG] debug-file - Incremental task entry:default@MergeProfile pre-execution cost: 5 ms .
[2025-11-21T18:35:34.464] [DEBUG] debug-file - entry : default@MergeProfile cost memory 0.15386962890625
[2025-11-21T18:35:34.464] [INFO] debug-file - UP-TO-DATE :entry:default@MergeProfile...  
[2025-11-21T18:35:34.465] [DEBUG] debug-file - Executing task :entry:default@CreateBuildProfile
[2025-11-21T18:35:34.466] [DEBUG] debug-file - Task 'entry:default@CreateBuildProfile' cost while wrapping incremental declarations: 1 ms 
[2025-11-21T18:35:34.468] [DEBUG] debug-file - Incremental task entry:default@CreateBuildProfile pre-execution cost: 2 ms .
[2025-11-21T18:35:34.468] [DEBUG] debug-file - entry : default@CreateBuildProfile cost memory 0.10192108154296875
[2025-11-21T18:35:34.468] [INFO] debug-file - UP-TO-DATE :entry:default@CreateBuildProfile...  
[2025-11-21T18:35:34.470] [DEBUG] debug-file - Executing task :entry:default@PreCheckSyscap
[2025-11-21T18:35:34.470] [DEBUG] debug-file - entry : default@PreCheckSyscap cost memory 0.01653289794921875
[2025-11-21T18:35:34.470] [DEBUG] debug-file - runTaskFromQueue task cost before running: 306 ms 
[2025-11-21T18:35:34.470] [INFO] debug-file - Finished :entry:default@PreCheckSyscap... after 1 ms 
[2025-11-21T18:35:34.472] [DEBUG] debug-file - Executing task :entry:default@GeneratePkgContextInfo
[2025-11-21T18:35:34.480] [DEBUG] debug-file - Task 'entry:default@GeneratePkgContextInfo' cost while wrapping incremental declarations: 1 ms 
[2025-11-21T18:35:34.481] [DEBUG] debug-file - Incremental task entry:default@GeneratePkgContextInfo pre-execution cost: 1 ms .
[2025-11-21T18:35:34.481] [DEBUG] debug-file - entry : default@GeneratePkgContextInfo cost memory 0.31447601318359375
[2025-11-21T18:35:34.481] [INFO] debug-file - UP-TO-DATE :entry:default@GeneratePkgContextInfo...  
[2025-11-21T18:35:34.488] [DEBUG] debug-file - Executing task :entry:default@ProcessIntegratedHsp
[2025-11-21T18:35:34.488] [DEBUG] debug-file - entry:default@ProcessIntegratedHsp is not up-to-date, since the output file 'C:\Users\34857\DevEcoStudioProjects\GreenGroth\build\cache\default\integrated_hsp\integratedHspCache.json' does not exist.
[2025-11-21T18:35:34.488] [DEBUG] debug-file - Incremental task entry:default@ProcessIntegratedHsp pre-execution cost: 1 ms .
[2025-11-21T18:35:34.488] [DEBUG] debug-file - entry : default@ProcessIntegratedHsp cost memory 0.0639190673828125
[2025-11-21T18:35:34.488] [DEBUG] debug-file - runTaskFromQueue task cost before running: 324 ms 
[2025-11-21T18:35:34.489] [INFO] debug-file - Finished :entry:default@ProcessIntegratedHsp... after 1 ms 
[2025-11-21T18:35:34.490] [DEBUG] debug-file - Executing task :entry:default@BuildNativeWithCmake
[2025-11-21T18:35:34.490] [DEBUG] debug-file - entry : default@BuildNativeWithCmake cost memory 0.01720428466796875
[2025-11-21T18:35:34.490] [DEBUG] debug-file - runTaskFromQueue task cost before running: 326 ms 
[2025-11-21T18:35:34.491] [INFO] debug-file - Finished :entry:default@BuildNativeWithCmake... after 1 ms 
[2025-11-21T18:35:34.492] [DEBUG] debug-file - Executing task :entry:default@MakePackInfo
[2025-11-21T18:35:34.497] [DEBUG] debug-file - Incremental task entry:default@MakePackInfo pre-execution cost: 4 ms .
[2025-11-21T18:35:34.497] [DEBUG] debug-file - entry : default@MakePackInfo cost memory 0.1365509033203125
[2025-11-21T18:35:34.498] [INFO] debug-file - UP-TO-DATE :entry:default@MakePackInfo...  
[2025-11-21T18:35:34.499] [DEBUG] debug-file - Executing task :entry:default@SyscapTransform
[2025-11-21T18:35:34.499] [DEBUG] debug-file - File: 'C:\Users\34857\DevEcoStudioProjects\GreenGroth\entry\src\main\syscap.json' from 'sysCapJsonPath' is not exists, just ignore.
[2025-11-21T18:35:34.500] [DEBUG] debug-file - Task 'entry:default@SyscapTransform' cost while wrapping incremental declarations: 2 ms 
[2025-11-21T18:35:34.503] [DEBUG] debug-file - entry:default@SyscapTransform is not up-to-date, since the output file 'C:\Users\34857\DevEcoStudioProjects\GreenGroth\entry\build\default\intermediates\syscap\default\rpcid.sc' does not exist.
[2025-11-21T18:35:34.503] [DEBUG] debug-file - Incremental task entry:default@SyscapTransform pre-execution cost: 3 ms .
[2025-11-21T18:35:34.503] [DEBUG] debug-file - entry : default@SyscapTransform cost memory 0.16321563720703125
[2025-11-21T18:35:34.503] [DEBUG] debug-file - runTaskFromQueue task cost before running: 339 ms 
[2025-11-21T18:35:34.504] [INFO] debug-file - Finished :entry:default@SyscapTransform... after 5 ms 
[2025-11-21T18:35:34.505] [DEBUG] debug-file - Executing task :entry:default@ProcessProfile
[2025-11-21T18:35:34.506] [DEBUG] debug-file - Task 'entry:default@ProcessProfile' cost while wrapping incremental declarations: 1 ms 
[2025-11-21T18:35:34.507] [DEBUG] debug-file - Incremental task entry:default@ProcessProfile pre-execution cost: 2 ms .
[2025-11-21T18:35:34.507] [DEBUG] debug-file - entry : default@ProcessProfile cost memory 0.14849090576171875
[2025-11-21T18:35:34.508] [INFO] debug-file - UP-TO-DATE :entry:default@ProcessProfile...  
[2025-11-21T18:35:34.509] [DEBUG] debug-file - Executing task :entry:default@ProcessRouterMap
[2025-11-21T18:35:34.514] [DEBUG] debug-file - Incremental task entry:default@ProcessRouterMap pre-execution cost: 4 ms .
[2025-11-21T18:35:34.514] [DEBUG] debug-file - entry : default@ProcessRouterMap cost memory 0.18668365478515625
[2025-11-21T18:35:34.515] [INFO] debug-file - UP-TO-DATE :entry:default@ProcessRouterMap...  
[2025-11-21T18:35:34.516] [DEBUG] debug-file - Executing task :entry:default@ProcessShareConfig
[2025-11-21T18:35:34.523] [DEBUG] debug-file - Incremental task entry:default@ProcessShareConfig pre-execution cost: 4 ms .
[2025-11-21T18:35:34.523] [DEBUG] debug-file - entry : default@ProcessShareConfig cost memory -4.52642822265625
[2025-11-21T18:35:34.526] [INFO] debug-file - UP-TO-DATE :entry:default@ProcessShareConfig...  
[2025-11-21T18:35:34.529] [DEBUG] debug-file - Executing task :entry:default@ProcessStartupConfig
[2025-11-21T18:35:34.529] [DEBUG] debug-file - Task 'entry:default@ProcessStartupConfig' cost while wrapping incremental declarations: 1 ms 
[2025-11-21T18:35:34.533] [DEBUG] debug-file - entry:default@ProcessStartupConfig is not up-to-date, since the output file 'C:\Users\34857\DevEcoStudioProjects\GreenGroth\entry\build\default\intermediates\startup\default\startup_config.json' does not exist.
[2025-11-21T18:35:34.533] [DEBUG] debug-file - Incremental task entry:default@ProcessStartupConfig pre-execution cost: 3 ms .
[2025-11-21T18:35:34.536] [DEBUG] debug-file - entry : default@ProcessStartupConfig cost memory 0.1692047119140625
[2025-11-21T18:35:34.537] [DEBUG] debug-file - runTaskFromQueue task cost before running: 373 ms 
[2025-11-21T18:35:34.538] [INFO] debug-file - Finished :entry:default@ProcessStartupConfig... after 8 ms 
[2025-11-21T18:35:34.541] [DEBUG] debug-file - Executing task :entry:default@BuildNativeWithNinja
[2025-11-21T18:35:34.542] [DEBUG] debug-file - entry : default@BuildNativeWithNinja cost memory 0.02431488037109375
[2025-11-21T18:35:34.542] [DEBUG] debug-file - runTaskFromQueue task cost before running: 378 ms 
[2025-11-21T18:35:34.543] [INFO] debug-file - Finished :entry:default@BuildNativeWithNinja... after 2 ms 
[2025-11-21T18:35:34.548] [DEBUG] debug-file - restool module names: entry; moduleName=entry, taskName=default@ProcessResource
[2025-11-21T18:35:34.554] [DEBUG] debug-file - Executing task :entry:default@ProcessResource
[2025-11-21T18:35:34.554] [DEBUG] debug-file - Task 'entry:default@ProcessResource' cost while wrapping incremental declarations: 1 ms 
[2025-11-21T18:35:34.559] [DEBUG] debug-file - Incremental task entry:default@ProcessResource pre-execution cost: 4 ms .
[2025-11-21T18:35:34.559] [DEBUG] debug-file - entry : default@ProcessResource cost memory 0.14550018310546875
[2025-11-21T18:35:34.564] [INFO] debug-file - UP-TO-DATE :entry:default@ProcessResource...  
[2025-11-21T18:35:34.578] [DEBUG] debug-file - Executing task :entry:default@GenerateLoaderJson
[2025-11-21T18:35:34.582] [DEBUG] debug-file - Task 'entry:default@GenerateLoaderJson' cost while wrapping incremental declarations: 1 ms 
[2025-11-21T18:35:34.601] [DEBUG] debug-file - Incremental task entry:default@GenerateLoaderJson pre-execution cost: 11 ms .
[2025-11-21T18:35:34.601] [DEBUG] debug-file - entry : default@GenerateLoaderJson cost memory 0.6799468994140625
[2025-11-21T18:35:34.607] [INFO] debug-file - UP-TO-DATE :entry:default@GenerateLoaderJson...  
[2025-11-21T18:35:34.609] [DEBUG] debug-file - Executing task :entry:default@ProcessLibs
[2025-11-21T18:35:34.618] [DEBUG] debug-file - Incremental task entry:default@ProcessLibs pre-execution cost: 5 ms .
[2025-11-21T18:35:34.618] [DEBUG] debug-file - entry : default@ProcessLibs cost memory 0.38268280029296875
[2025-11-21T18:35:34.619] [INFO] debug-file - UP-TO-DATE :entry:default@ProcessLibs...  
[2025-11-21T18:35:34.622] [DEBUG] debug-file - restool module names: entry; moduleName=entry, taskName=default@CompileResource
[2025-11-21T18:35:34.623] [DEBUG] debug-file - Executing task :entry:default@CompileResource
[2025-11-21T18:35:34.657] [DEBUG] debug-file - Incremental task entry:default@CompileResource pre-execution cost: 32 ms .
[2025-11-21T18:35:34.657] [DEBUG] debug-file - entry : default@CompileResource cost memory 1.1420822143554688
[2025-11-21T18:35:34.659] [INFO] debug-file - UP-TO-DATE :entry:default@CompileResource...  
[2025-11-21T18:35:34.660] [DEBUG] debug-file - Executing task :entry:default@DoNativeStrip
[2025-11-21T18:35:34.661] [DEBUG] debug-file - Task 'entry:default@DoNativeStrip' cost while wrapping incremental declarations: 1 ms 
[2025-11-21T18:35:34.662] [DEBUG] debug-file - Incremental task entry:default@DoNativeStrip pre-execution cost: 2 ms .
[2025-11-21T18:35:34.662] [DEBUG] debug-file - entry : default@DoNativeStrip cost memory 0.0859222412109375
[2025-11-21T18:35:34.662] [INFO] debug-file - UP-TO-DATE :entry:default@DoNativeStrip...  
[2025-11-21T18:35:34.665] [DEBUG] debug-file - Executing task :entry:default@CompileArkTS
[2025-11-21T18:35:34.665] [DEBUG] debug-file - obfuscationOptions: undefined
[2025-11-21T18:35:34.712] [DEBUG] debug-file - Incremental task entry:default@CompileArkTS pre-execution cost: 38 ms .
[2025-11-21T18:35:34.713] [DEBUG] debug-file - entry : default@CompileArkTS cost memory 1.7658462524414062
[2025-11-21T18:35:34.716] [INFO] debug-file - UP-TO-DATE :entry:default@CompileArkTS...  
[2025-11-21T18:35:34.718] [DEBUG] debug-file - Executing task :entry:default@BuildJS
[2025-11-21T18:35:34.723] [DEBUG] debug-file - entry : default@BuildJS cost memory 0.15360260009765625
[2025-11-21T18:35:34.723] [DEBUG] debug-file - runTaskFromQueue task cost before running: 559 ms 
[2025-11-21T18:35:34.723] [INFO] debug-file - Finished :entry:default@BuildJS... after 6 ms 
[2025-11-21T18:35:34.725] [DEBUG] debug-file - Executing task :entry:default@CacheNativeLibs
[2025-11-21T18:35:34.725] [DEBUG] debug-file - Task 'entry:default@CacheNativeLibs' cost while wrapping incremental declarations: 1 ms 
[2025-11-21T18:35:34.727] [DEBUG] debug-file - Incremental task entry:default@CacheNativeLibs pre-execution cost: 2 ms .
[2025-11-21T18:35:34.728] [DEBUG] debug-file - entry : default@CacheNativeLibs cost memory 0.10137176513671875
[2025-11-21T18:35:34.728] [INFO] debug-file - UP-TO-DATE :entry:default@CacheNativeLibs...  
[2025-11-21T18:35:34.729] [DEBUG] debug-file - Executing task :entry:default@GeneratePkgModuleJson
[2025-11-21T18:35:34.730] [DEBUG] debug-file - File: 'C:\Users\34857\DevEcoStudioProjects\GreenGroth\entry\build\default\intermediates\preload\default\preload.json' from 'preloadSoJsonPath' is not exists, just ignore.
[2025-11-21T18:35:34.730] [DEBUG] debug-file - Task 'entry:default@GeneratePkgModuleJson' cost while wrapping incremental declarations: 1 ms 
[2025-11-21T18:35:34.731] [DEBUG] debug-file - Incremental task entry:default@GeneratePkgModuleJson pre-execution cost: 2 ms .
[2025-11-21T18:35:34.731] [DEBUG] debug-file - entry : default@GeneratePkgModuleJson cost memory 0.09658050537109375
[2025-11-21T18:35:34.731] [INFO] debug-file - UP-TO-DATE :entry:default@GeneratePkgModuleJson...  
[2025-11-21T18:35:34.732] [DEBUG] debug-file - Executing task :entry:default@ProcessCompiledResources
[2025-11-21T18:35:34.733] [DEBUG] debug-file - File: 'C:\Users\34857\DevEcoStudioProjects\GreenGroth\entry\build\default\intermediates\preload\default\preload.json' from 'preloadSoJsonPath' is not exists, just ignore.
[2025-11-21T18:35:34.733] [DEBUG] debug-file - Task 'entry:default@ProcessCompiledResources' cost while wrapping incremental declarations: 1 ms 
[2025-11-21T18:35:34.733] [DEBUG] debug-file - entry : default@ProcessCompiledResources cost memory 0.06585693359375
[2025-11-21T18:35:34.733] [DEBUG] debug-file - runTaskFromQueue task cost before running: 569 ms 
[2025-11-21T18:35:34.734] [INFO] debug-file - Finished :entry:default@ProcessCompiledResources... after 1 ms 
[2025-11-21T18:35:34.736] [DEBUG] debug-file - Executing task :entry:default@PackageHap
[2025-11-21T18:35:34.751] [DEBUG] debug-file - Incremental task entry:default@PackageHap pre-execution cost: 14 ms .
[2025-11-21T18:35:34.752] [DEBUG] debug-file - entry : default@PackageHap cost memory 0.4952545166015625
[2025-11-21T18:35:34.753] [INFO] debug-file - UP-TO-DATE :entry:default@PackageHap...  
[2025-11-21T18:35:34.754] [DEBUG] debug-file - Executing task :entry:default@PackingCheck
[2025-11-21T18:35:34.761] [DEBUG] debug-file - entry : default@PackingCheck cost memory 0.36797332763671875
[2025-11-21T18:35:34.761] [DEBUG] debug-file - runTaskFromQueue task cost before running: 597 ms 
[2025-11-21T18:35:34.761] [INFO] debug-file - Finished :entry:default@PackingCheck... after 7 ms 
[2025-11-21T18:35:34.764] [DEBUG] debug-file - Executing task :entry:default@SignHap
[2025-11-21T18:35:34.767] [DEBUG] debug-file - Incremental task entry:default@SignHap pre-execution cost: 3 ms .
[2025-11-21T18:35:34.767] [DEBUG] debug-file - entry : default@SignHap cost memory 0.1171722412109375
[2025-11-21T18:35:34.768] [INFO] debug-file - UP-TO-DATE :entry:default@SignHap...  
[2025-11-21T18:35:34.770] [DEBUG] debug-file - Executing task :entry:default@CollectDebugSymbol
[2025-11-21T18:35:34.771] [DEBUG] debug-file - entry : default@CollectDebugSymbol cost memory 0.10577392578125
[2025-11-21T18:35:34.772] [DEBUG] debug-file - runTaskFromQueue task cost before running: 608 ms 
[2025-11-21T18:35:34.772] [INFO] debug-file - Finished :entry:default@CollectDebugSymbol... after 2 ms 
[2025-11-21T18:35:34.772] [DEBUG] debug-file - Executing task :entry:assembleHap
[2025-11-21T18:35:34.772] [DEBUG] debug-file - entry : assembleHap cost memory 0.01436614990234375
[2025-11-21T18:35:34.772] [DEBUG] debug-file - runTaskFromQueue task cost before running: 608 ms 
[2025-11-21T18:35:34.772] [INFO] debug-file - Finished :entry:assembleHap... after 1 ms 
[2025-11-21T18:35:34.781] [INFO] debug-file - BUILD SUCCESSFUL in 617 ms 
[2025-11-21T18:35:34.782] [DEBUG] debug-file - There is no need to refresh cache, since the incremental task entry:default@PreBuild is up-to-date.
[2025-11-21T18:35:34.782] [DEBUG] debug-file - Update task entry:default@CreateModuleInfo output file:C:\Users\34857\DevEcoStudioProjects\GreenGroth\entry\build\default\generated\profile\default\ModuleInfo.ts cache.
[2025-11-21T18:35:34.782] [DEBUG] debug-file - Incremental task entry:default@CreateModuleInfo post-execution cost:1 ms .
[2025-11-21T18:35:34.782] [DEBUG] debug-file - There is no need to refresh cache, since the incremental task entry:default@GenerateMetadata is up-to-date.
[2025-11-21T18:35:34.783] [DEBUG] debug-file - There is no need to refresh cache, since the incremental task entry:default@MergeProfile is up-to-date.
[2025-11-21T18:35:34.783] [DEBUG] debug-file - There is no need to refresh cache, since the incremental task entry:default@CreateBuildProfile is up-to-date.
[2025-11-21T18:35:34.783] [DEBUG] debug-file - There is no need to refresh cache, since the incremental task entry:default@GeneratePkgContextInfo is up-to-date.
[2025-11-21T18:35:34.783] [DEBUG] debug-file - Update task entry:default@ProcessIntegratedHsp output file:C:\Users\34857\DevEcoStudioProjects\GreenGroth\build\cache\default\integrated_hsp\integratedHspCache.json cache.
[2025-11-21T18:35:34.783] [DEBUG] debug-file - Incremental task entry:default@ProcessIntegratedHsp post-execution cost:1 ms .
[2025-11-21T18:35:34.783] [DEBUG] debug-file - There is no need to refresh cache, since the incremental task entry:default@MakePackInfo is up-to-date.
[2025-11-21T18:35:34.783] [DEBUG] debug-file - Update task entry:default@SyscapTransform input file:C:\Program Files\Huawei\DevEco Studio\sdk\default\openharmony\toolchains\syscap_tool.exe cache by regenerate.
[2025-11-21T18:35:34.784] [DEBUG] debug-file - Update task entry:default@SyscapTransform input file:C:\Program Files\Huawei\DevEco Studio\sdk\default\openharmony\ets\api\device-define cache by regenerate.
[2025-11-21T18:35:34.786] [DEBUG] debug-file - Update task entry:default@SyscapTransform output file:C:\Users\34857\DevEcoStudioProjects\GreenGroth\entry\build\default\intermediates\syscap\default\rpcid.sc cache.
[2025-11-21T18:35:34.786] [DEBUG] debug-file - Incremental task entry:default@SyscapTransform post-execution cost:3 ms .
[2025-11-21T18:35:34.786] [DEBUG] debug-file - There is no need to refresh cache, since the incremental task entry:default@ProcessProfile is up-to-date.
[2025-11-21T18:35:34.786] [DEBUG] debug-file - There is no need to refresh cache, since the incremental task entry:default@ProcessRouterMap is up-to-date.
[2025-11-21T18:35:34.786] [DEBUG] debug-file - There is no need to refresh cache, since the incremental task entry:default@ProcessShareConfig is up-to-date.
[2025-11-21T18:35:34.787] [DEBUG] debug-file - Update task entry:default@ProcessStartupConfig input file:C:\Users\34857\DevEcoStudioProjects\GreenGroth\entry\build\default\intermediates\loader\default\pkgContextInfo.json cache by regenerate.
[2025-11-21T18:35:34.787] [DEBUG] debug-file - Update task entry:default@ProcessStartupConfig output file:C:\Users\34857\DevEcoStudioProjects\GreenGroth\entry\build\default\intermediates\startup\default\startup_config.json cache.
[2025-11-21T18:35:34.787] [DEBUG] debug-file - Incremental task entry:default@ProcessStartupConfig post-execution cost:1 ms .
[2025-11-21T18:35:34.787] [DEBUG] debug-file - There is no need to refresh cache, since the incremental task entry:default@ProcessResource is up-to-date.
[2025-11-21T18:35:34.788] [DEBUG] debug-file - There is no need to refresh cache, since the incremental task entry:default@GenerateLoaderJson is up-to-date.
[2025-11-21T18:35:34.788] [DEBUG] debug-file - There is no need to refresh cache, since the incremental task entry:default@ProcessLibs is up-to-date.
[2025-11-21T18:35:34.788] [DEBUG] debug-file - There is no need to refresh cache, since the incremental task entry:default@CompileResource is up-to-date.
[2025-11-21T18:35:34.788] [DEBUG] debug-file - There is no need to refresh cache, since the incremental task entry:default@DoNativeStrip is up-to-date.
[2025-11-21T18:35:34.788] [DEBUG] debug-file - There is no need to refresh cache, since the incremental task entry:default@CompileArkTS is up-to-date.
[2025-11-21T18:35:34.790] [DEBUG] debug-file - Update task entry:default@BuildJS input file:C:\Users\34857\DevEcoStudioProjects\GreenGroth\entry\build\default\intermediates\loader\default cache by regenerate.
[2025-11-21T18:35:34.791] [DEBUG] debug-file - Update task entry:default@BuildJS input file:C:\Users\34857\DevEcoStudioProjects\GreenGroth\oh_modules\.ohpm\@ohos+axios@2.2.6\oh_modules\@ohos\axios\index.js cache by regenerate.
[2025-11-21T18:35:34.791] [DEBUG] debug-file - Update task entry:default@BuildJS input file:C:\Users\34857\DevEcoStudioProjects\GreenGroth\entry\build\default\intermediates\res\default\resources\rawfile cache by regenerate.
[2025-11-21T18:35:34.792] [DEBUG] debug-file - Update task entry:default@BuildJS input file:C:\Users\34857\DevEcoStudioProjects\GreenGroth\entry\build\default\intermediates\res\default\ResourceTable.txt cache by regenerate.
[2025-11-21T18:35:34.793] [DEBUG] debug-file - Update task entry:default@BuildJS input file:C:\Users\34857\DevEcoStudioProjects\GreenGroth\entry\build\default\intermediates\res\default\ark_module.json cache by regenerate.
[2025-11-21T18:35:34.793] [DEBUG] debug-file - Update task entry:default@BuildJS input file:C:\Users\34857\DevEcoStudioProjects\GreenGroth\entry\build\default\intermediates\res\default\resources\base\profile cache by regenerate.
[2025-11-21T18:35:34.794] [DEBUG] debug-file - Update task entry:default@BuildJS input file:C:\Users\34857\DevEcoStudioProjects\GreenGroth\entry\build\default\intermediates\loader\default\pkgContextInfo.json cache by regenerate.
[2025-11-21T18:35:34.795] [DEBUG] debug-file - Update task entry:default@BuildJS output file:C:\Users\34857\DevEcoStudioProjects\GreenGroth\entry\build\default\intermediates\loader_out\default\js cache.
[2025-11-21T18:35:34.795] [DEBUG] debug-file - Incremental task entry:default@BuildJS post-execution cost:8 ms .
[2025-11-21T18:35:34.795] [DEBUG] debug-file - There is no need to refresh cache, since the incremental task entry:default@CacheNativeLibs is up-to-date.
[2025-11-21T18:35:34.795] [DEBUG] debug-file - There is no need to refresh cache, since the incremental task entry:default@GeneratePkgModuleJson is up-to-date.
[2025-11-21T18:35:34.795] [DEBUG] debug-file - Incremental task entry:default@ProcessCompiledResources post-execution cost:1 ms .
[2025-11-21T18:35:34.795] [DEBUG] debug-file - There is no need to refresh cache, since the incremental task entry:default@PackageHap is up-to-date.
[2025-11-21T18:35:34.795] [DEBUG] debug-file - There is no need to refresh cache, since the incremental task entry:default@SignHap is up-to-date.
[2025-11-21T18:35:34.796] [DEBUG] debug-file - Update task entry:default@CollectDebugSymbol input file:C:\Users\34857\DevEcoStudioProjects\GreenGroth\entry\build\default\intermediates\loader_out\default\ets\sourceMaps.map cache by regenerate.
[2025-11-21T18:35:34.796] [DEBUG] debug-file - Update task entry:default@CollectDebugSymbol input file:C:\Users\34857\DevEcoStudioProjects\GreenGroth\entry\build\default\intermediates\libs\default cache by regenerate.
[2025-11-21T18:35:34.797] [DEBUG] debug-file - Update task entry:default@CollectDebugSymbol output file:C:\Users\34857\DevEcoStudioProjects\GreenGroth\entry\build\default\outputs\default\symbol cache.
[2025-11-21T18:35:34.797] [DEBUG] debug-file - Incremental task entry:default@CollectDebugSymbol post-execution cost:2 ms .
[2025-11-21T18:35:34.821] [DEBUG] debug-file - hvigor build process will be closed.
[2025-11-21T18:35:34.833] [DEBUG] debug-file - session manager: send message to worker process.
[2025-11-21T18:35:34.835] [DEBUG] debug-file - session manager: send message to worker process.
[2025-11-21T18:35:34.898] [DEBUG] debug-file - watch worker: worker id should be larger than 0. Nothing will be sent to any worker thread.
[2025-11-21T18:35:34.899] [DEBUG] debug-file - watch worker: worker id should be larger than 0. Nothing will be sent to any worker thread.
[2025-11-21T18:36:59.918] [DEBUG] debug-file - session manager: set active socket. socketId=EuRafe6YOXM-HJ9zAAAF
[2025-11-21T18:36:59.926] [DEBUG] debug-file - watch worker: worker id should be larger than 0. Nothing will be sent to any worker thread.
[2025-11-21T18:36:59.938] [DEBUG] debug-file - Hvigor init with startParameters:{
  hvigorfileTypeCheck: false,
  parallelExecution: true,
  incrementalExecution: true,
  printStackTrace: false,
  daemon: true,
  analyze: 0,
  logLevel: Level { level: 20000, levelStr: 'INFO', colour: 'green' },
  optimizationStrategy: 'memory',
  hotCompile: undefined,
  hotReloadBuild: undefined
}
[2025-11-21T18:36:59.945] [DEBUG] debug-file - Cache service initialization finished in 8 ms 
[2025-11-21T18:36:59.948] [DEBUG] debug-file - hvigorfile, resolving C:\Users\34857\DevEcoStudioProjects\GreenGroth\hvigorfile.ts
[2025-11-21T18:36:59.959] [DEBUG] debug-file - hvigorfile, require result:  { default: { plugins: [] } }
[2025-11-21T18:36:59.959] [DEBUG] debug-file - hvigorfile, binding system plugins null
[2025-11-21T18:36:59.970] [DEBUG] debug-file - Start initialize project's product build option map with build mode debug.
[2025-11-21T18:36:59.970] [DEBUG] debug-file - Picking option from product 'default' with build mode 'debug'.
[2025-11-21T18:36:59.970] [DEBUG] debug-file - Product 'default' build option initialized
[2025-11-21T18:36:59.970] [DEBUG] debug-file - End initialize project's product build option map with build mode 'debug'.
[2025-11-21T18:36:59.972] [DEBUG] debug-file - Obtain build option for product 'default'in this build.
[2025-11-21T18:36:59.976] [DEBUG] debug-file - C:\Users\34857\DevEcoStudioProjects\GreenGroth\build\cache\default\remote_hsp\remoteHspCache.json not exists.
[2025-11-21T18:36:59.981] [DEBUG] debug-file - Start recording SDK configuration permission data.
[2025-11-21T18:37:00.015] [DEBUG] debug-file - Sdk init in 38 ms 
[2025-11-21T18:37:00.021] [DEBUG] debug-file - Project task initialization takes 5 ms 
[2025-11-21T18:37:00.021] [DEBUG] debug-file - hvigorfile, binding custom plugins []
[2025-11-21T18:37:00.021] [DEBUG] debug-file - hvigorfile, no custom plugins were found in C:\Users\34857\DevEcoStudioProjects\GreenGroth\hvigorfile.ts
[2025-11-21T18:37:00.021] [DEBUG] debug-file - hvigorfile, resolve finished C:\Users\34857\DevEcoStudioProjects\GreenGroth\hvigorfile.ts
[2025-11-21T18:37:00.022] [DEBUG] debug-file - hvigorfile, resolving C:\Users\34857\DevEcoStudioProjects\GreenGroth\entry\hvigorfile.ts
[2025-11-21T18:37:00.028] [DEBUG] debug-file - hvigorfile, require result:  { default: { plugins: [] } }
[2025-11-21T18:37:00.028] [DEBUG] debug-file - hvigorfile, binding system plugins null
[2025-11-21T18:37:00.031] [DEBUG] debug-file - failed to load cangjie to dynamically generate schemas: Error: Cannot find module '@ohos/cangjie-build-support/index'
Require stack:
- C:\Program Files\Huawei\DevEco Studio\tools\hvigor\hvigor-ohos-plugin\src\plugin\factory\plugin-factory.js
- C:\Program Files\Huawei\DevEco Studio\tools\hvigor\hvigor-ohos-plugin\index.js
- C:\Users\34857\DevEcoStudioProjects\GreenGroth\hvigorfile.ts
- C:\Program Files\Huawei\DevEco Studio\tools\hvigor\hvigor\src\base\internal\lifecycle\configuration.js
- C:\Program Files\Huawei\DevEco Studio\tools\hvigor\hvigor\src\base\boot\index.js
- C:\Program Files\Huawei\DevEco Studio\tools\hvigor\hvigor\src\base\daemon\cluster\worker-process-lifecycle.js
- C:\Program Files\Huawei\DevEco Studio\tools\hvigor\hvigor\src\base\daemon\process\daemon-process-boot-script.js
[2025-11-21T18:37:00.035] [DEBUG] debug-file - Start initialize module-target build option map, moduleName=entry, buildMode=debug
[2025-11-21T18:37:00.035] [DEBUG] debug-file - Target 'default' config initialized
[2025-11-21T18:37:00.036] [DEBUG] debug-file - Target 'ohosTest' config initialized
[2025-11-21T18:37:00.036] [DEBUG] debug-file - Module 'entry' target 'default' build option initialized
[2025-11-21T18:37:00.036] [DEBUG] debug-file - Module 'entry' target 'ohosTest' build option initialized
[2025-11-21T18:37:00.036] [DEBUG] debug-file - End initialize module-target build option map, moduleName=entry
[2025-11-21T18:37:00.036] [DEBUG] debug-file - Start initialize module-target build option map, moduleName=entry, buildMode=release
[2025-11-21T18:37:00.036] [DEBUG] debug-file - Target 'default' config initialized
[2025-11-21T18:37:00.037] [DEBUG] debug-file - Target 'ohosTest' config initialized
[2025-11-21T18:37:00.037] [DEBUG] debug-file - Module 'entry' target 'default' build option initialized
[2025-11-21T18:37:00.037] [DEBUG] debug-file - Module 'entry' target 'ohosTest' build option initialized
[2025-11-21T18:37:00.037] [DEBUG] debug-file - End initialize module-target build option map, moduleName=entry
[2025-11-21T18:37:00.037] [DEBUG] debug-file - Start initialize module-target build option map, moduleName=entry, buildMode=debug
[2025-11-21T18:37:00.038] [DEBUG] debug-file - Target 'default' config initialized
[2025-11-21T18:37:00.038] [DEBUG] debug-file - Target 'ohosTest' config initialized
[2025-11-21T18:37:00.038] [DEBUG] debug-file - Module 'entry' target 'default' build option initialized
[2025-11-21T18:37:00.038] [DEBUG] debug-file - Module 'entry' target 'ohosTest' build option initialized
[2025-11-21T18:37:00.039] [DEBUG] debug-file - End initialize module-target build option map, moduleName=entry
[2025-11-21T18:37:00.039] [DEBUG] debug-file - Obtain build option for module 'entry' target 'default'in this build.
[2025-11-21T18:37:00.041] [DEBUG] debug-file - Module entry task initialization takes 2 ms 
[2025-11-21T18:37:00.041] [DEBUG] debug-file - hvigorfile, binding custom plugins []
[2025-11-21T18:37:00.042] [DEBUG] debug-file - hvigorfile, no custom plugins were found in C:\Users\34857\DevEcoStudioProjects\GreenGroth\entry\hvigorfile.ts
[2025-11-21T18:37:00.042] [DEBUG] debug-file - hvigorfile, resolve finished C:\Users\34857\DevEcoStudioProjects\GreenGroth\entry\hvigorfile.ts
[2025-11-21T18:37:00.131] [DEBUG] debug-file - hvigorfile, resolve hvigorfile dependencies in 89 ms 
[2025-11-21T18:37:00.131] [DEBUG] debug-file - project has submodules:entry
[2025-11-21T18:37:00.133] [DEBUG] debug-file - start to load updatedOhPackageInfo to the disk
[2025-11-21T18:37:00.142] [DEBUG] debug-file - load to the disk finished
[2025-11-21T18:37:00.144] [DEBUG] debug-file - Start to initialize dependency information.
[2025-11-21T18:37:00.158] [DEBUG] debug-file - Module GreenGroth Collected Dependency: 
[2025-11-21T18:37:00.158] [DEBUG] debug-file - Module GreenGroth's total dependency: 0
[2025-11-21T18:37:00.159] [DEBUG] debug-file - Start to initialize dependency information.
[2025-11-21T18:37:00.171] [DEBUG] debug-file - Module entry Collected Dependency: C:\Users\34857\DevEcoStudioProjects\GreenGroth\oh_modules\.ohpm\@ohos+axios@2.2.6\oh_modules\@ohos\axios
[2025-11-21T18:37:00.171] [DEBUG] debug-file - Module entry's total dependency: 1
[2025-11-21T18:37:00.175] [DEBUG] debug-file - Configuration phase cost:230 ms 
[2025-11-21T18:37:00.177] [DEBUG] debug-file - Configuration task cost before running: 245 ms 
[2025-11-21T18:37:00.187] [DEBUG] debug-file - Executing task :entry:default@PreBuild
[2025-11-21T18:37:00.188] [DEBUG] debug-file - Task 'entry:default@PreBuild' cost while wrapping incremental declarations: 1 ms 
[2025-11-21T18:37:00.210] [DEBUG] debug-file - Incremental task entry:default@PreBuild pre-execution cost: 16 ms .
[2025-11-21T18:37:00.210] [DEBUG] debug-file - entry : default@PreBuild cost memory 0.34943389892578125
[2025-11-21T18:37:00.217] [INFO] debug-file - UP-TO-DATE :entry:default@PreBuild...  
[2025-11-21T18:37:00.219] [DEBUG] debug-file - Executing task :entry:default@CreateModuleInfo
[2025-11-21T18:37:00.219] [DEBUG] debug-file - Task 'entry:default@CreateModuleInfo' cost while wrapping incremental declarations: 1 ms 
[2025-11-21T18:37:00.220] [DEBUG] debug-file - entry : default@CreateModuleInfo cost memory 0.04168701171875
[2025-11-21T18:37:00.220] [DEBUG] debug-file - runTaskFromQueue task cost before running: 288 ms 
[2025-11-21T18:37:00.220] [INFO] debug-file - Finished :entry:default@CreateModuleInfo... after 1 ms 
[2025-11-21T18:37:00.229] [DEBUG] debug-file - Executing task :entry:default@GenerateMetadata
[2025-11-21T18:37:00.230] [DEBUG] debug-file - Task 'entry:default@GenerateMetadata' cost while wrapping incremental declarations: 1 ms 
[2025-11-21T18:37:00.232] [DEBUG] debug-file - Incremental task entry:default@GenerateMetadata pre-execution cost: 2 ms .
[2025-11-21T18:37:00.232] [DEBUG] debug-file - entry : default@GenerateMetadata cost memory 0.09619140625
[2025-11-21T18:37:00.233] [INFO] debug-file - UP-TO-DATE :entry:default@GenerateMetadata...  
[2025-11-21T18:37:00.235] [DEBUG] debug-file - Executing task :entry:default@ConfigureCmake
[2025-11-21T18:37:00.235] [DEBUG] debug-file - entry : default@ConfigureCmake cost memory 0.0161590576171875
[2025-11-21T18:37:00.235] [DEBUG] debug-file - runTaskFromQueue task cost before running: 304 ms 
[2025-11-21T18:37:00.235] [INFO] debug-file - Finished :entry:default@ConfigureCmake... after 1 ms 
[2025-11-21T18:37:00.237] [DEBUG] debug-file - Executing task :entry:default@MergeProfile
[2025-11-21T18:37:00.237] [DEBUG] debug-file - Task 'entry:default@MergeProfile' cost while wrapping incremental declarations: 1 ms 
[2025-11-21T18:37:00.243] [DEBUG] debug-file - Incremental task entry:default@MergeProfile pre-execution cost: 5 ms .
[2025-11-21T18:37:00.244] [DEBUG] debug-file - entry : default@MergeProfile cost memory 0.15383148193359375
[2025-11-21T18:37:00.245] [INFO] debug-file - UP-TO-DATE :entry:default@MergeProfile...  
[2025-11-21T18:37:00.247] [DEBUG] debug-file - Executing task :entry:default@CreateBuildProfile
[2025-11-21T18:37:00.248] [DEBUG] debug-file - Task 'entry:default@CreateBuildProfile' cost while wrapping incremental declarations: 1 ms 
[2025-11-21T18:37:00.250] [DEBUG] debug-file - Incremental task entry:default@CreateBuildProfile pre-execution cost: 2 ms .
[2025-11-21T18:37:00.250] [DEBUG] debug-file - entry : default@CreateBuildProfile cost memory 0.10167694091796875
[2025-11-21T18:37:00.250] [INFO] debug-file - UP-TO-DATE :entry:default@CreateBuildProfile...  
[2025-11-21T18:37:00.251] [DEBUG] debug-file - Executing task :entry:default@PreCheckSyscap
[2025-11-21T18:37:00.251] [DEBUG] debug-file - entry : default@PreCheckSyscap cost memory 0.01641082763671875
[2025-11-21T18:37:00.252] [DEBUG] debug-file - runTaskFromQueue task cost before running: 320 ms 
[2025-11-21T18:37:00.252] [INFO] debug-file - Finished :entry:default@PreCheckSyscap... after 1 ms 
[2025-11-21T18:37:00.253] [DEBUG] debug-file - Executing task :entry:default@GeneratePkgContextInfo
[2025-11-21T18:37:00.260] [DEBUG] debug-file - Task 'entry:default@GeneratePkgContextInfo' cost while wrapping incremental declarations: 1 ms 
[2025-11-21T18:37:00.261] [DEBUG] debug-file - Incremental task entry:default@GeneratePkgContextInfo pre-execution cost: 1 ms .
[2025-11-21T18:37:00.261] [DEBUG] debug-file - entry : default@GeneratePkgContextInfo cost memory 0.308319091796875
[2025-11-21T18:37:00.261] [INFO] debug-file - UP-TO-DATE :entry:default@GeneratePkgContextInfo...  
[2025-11-21T18:37:00.268] [DEBUG] debug-file - Executing task :entry:default@ProcessIntegratedHsp
[2025-11-21T18:37:00.269] [DEBUG] debug-file - entry:default@ProcessIntegratedHsp is not up-to-date, since the output file 'C:\Users\34857\DevEcoStudioProjects\GreenGroth\build\cache\default\integrated_hsp\integratedHspCache.json' does not exist.
[2025-11-21T18:37:00.269] [DEBUG] debug-file - Incremental task entry:default@ProcessIntegratedHsp pre-execution cost: 1 ms .
[2025-11-21T18:37:00.269] [DEBUG] debug-file - entry : default@ProcessIntegratedHsp cost memory 0.06415557861328125
[2025-11-21T18:37:00.269] [DEBUG] debug-file - runTaskFromQueue task cost before running: 338 ms 
[2025-11-21T18:37:00.269] [INFO] debug-file - Finished :entry:default@ProcessIntegratedHsp... after 1 ms 
[2025-11-21T18:37:00.271] [DEBUG] debug-file - Executing task :entry:default@BuildNativeWithCmake
[2025-11-21T18:37:00.271] [DEBUG] debug-file - entry : default@BuildNativeWithCmake cost memory 0.01720428466796875
[2025-11-21T18:37:00.271] [DEBUG] debug-file - runTaskFromQueue task cost before running: 340 ms 
[2025-11-21T18:37:00.271] [INFO] debug-file - Finished :entry:default@BuildNativeWithCmake... after 1 ms 
[2025-11-21T18:37:00.273] [DEBUG] debug-file - Executing task :entry:default@MakePackInfo
[2025-11-21T18:37:00.277] [DEBUG] debug-file - Incremental task entry:default@MakePackInfo pre-execution cost: 4 ms .
[2025-11-21T18:37:00.277] [DEBUG] debug-file - entry : default@MakePackInfo cost memory 0.13623046875
[2025-11-21T18:37:00.278] [INFO] debug-file - UP-TO-DATE :entry:default@MakePackInfo...  
[2025-11-21T18:37:00.279] [DEBUG] debug-file - Executing task :entry:default@SyscapTransform
[2025-11-21T18:37:00.280] [DEBUG] debug-file - File: 'C:\Users\34857\DevEcoStudioProjects\GreenGroth\entry\src\main\syscap.json' from 'sysCapJsonPath' is not exists, just ignore.
[2025-11-21T18:37:00.281] [DEBUG] debug-file - Task 'entry:default@SyscapTransform' cost while wrapping incremental declarations: 2 ms 
[2025-11-21T18:37:00.284] [DEBUG] debug-file - entry:default@SyscapTransform is not up-to-date, since the output file 'C:\Users\34857\DevEcoStudioProjects\GreenGroth\entry\build\default\intermediates\syscap\default\rpcid.sc' does not exist.
[2025-11-21T18:37:00.284] [DEBUG] debug-file - Incremental task entry:default@SyscapTransform pre-execution cost: 4 ms .
[2025-11-21T18:37:00.284] [DEBUG] debug-file - entry : default@SyscapTransform cost memory 0.16263580322265625
[2025-11-21T18:37:00.284] [DEBUG] debug-file - runTaskFromQueue task cost before running: 353 ms 
[2025-11-21T18:37:00.284] [INFO] debug-file - Finished :entry:default@SyscapTransform... after 5 ms 
[2025-11-21T18:37:00.286] [DEBUG] debug-file - Executing task :entry:default@ProcessProfile
[2025-11-21T18:37:00.287] [DEBUG] debug-file - Task 'entry:default@ProcessProfile' cost while wrapping incremental declarations: 1 ms 
[2025-11-21T18:37:00.289] [DEBUG] debug-file - Incremental task entry:default@ProcessProfile pre-execution cost: 2 ms .
[2025-11-21T18:37:00.289] [DEBUG] debug-file - entry : default@ProcessProfile cost memory 0.1484832763671875
[2025-11-21T18:37:00.289] [INFO] debug-file - UP-TO-DATE :entry:default@ProcessProfile...  
[2025-11-21T18:37:00.290] [DEBUG] debug-file - Executing task :entry:default@ProcessRouterMap
[2025-11-21T18:37:00.297] [DEBUG] debug-file - Incremental task entry:default@ProcessRouterMap pre-execution cost: 6 ms .
[2025-11-21T18:37:00.297] [DEBUG] debug-file - entry : default@ProcessRouterMap cost memory -4.327003479003906
[2025-11-21T18:37:00.298] [INFO] debug-file - UP-TO-DATE :entry:default@ProcessRouterMap...  
[2025-11-21T18:37:00.300] [DEBUG] debug-file - Executing task :entry:default@ProcessShareConfig
[2025-11-21T18:37:00.305] [DEBUG] debug-file - Incremental task entry:default@ProcessShareConfig pre-execution cost: 4 ms .
[2025-11-21T18:37:00.305] [DEBUG] debug-file - entry : default@ProcessShareConfig cost memory 0.1681976318359375
[2025-11-21T18:37:00.306] [INFO] debug-file - UP-TO-DATE :entry:default@ProcessShareConfig...  
[2025-11-21T18:37:00.307] [DEBUG] debug-file - Executing task :entry:default@ProcessStartupConfig
[2025-11-21T18:37:00.308] [DEBUG] debug-file - Task 'entry:default@ProcessStartupConfig' cost while wrapping incremental declarations: 1 ms 
[2025-11-21T18:37:00.310] [DEBUG] debug-file - entry:default@ProcessStartupConfig is not up-to-date, since the output file 'C:\Users\34857\DevEcoStudioProjects\GreenGroth\entry\build\default\intermediates\startup\default\startup_config.json' does not exist.
[2025-11-21T18:37:00.310] [DEBUG] debug-file - Incremental task entry:default@ProcessStartupConfig pre-execution cost: 2 ms .
[2025-11-21T18:37:00.312] [DEBUG] debug-file - entry : default@ProcessStartupConfig cost memory 0.1680145263671875
[2025-11-21T18:37:00.312] [DEBUG] debug-file - runTaskFromQueue task cost before running: 381 ms 
[2025-11-21T18:37:00.313] [INFO] debug-file - Finished :entry:default@ProcessStartupConfig... after 5 ms 
[2025-11-21T18:37:00.315] [DEBUG] debug-file - Executing task :entry:default@BuildNativeWithNinja
[2025-11-21T18:37:00.316] [DEBUG] debug-file - entry : default@BuildNativeWithNinja cost memory 0.02431488037109375
[2025-11-21T18:37:00.316] [DEBUG] debug-file - runTaskFromQueue task cost before running: 385 ms 
[2025-11-21T18:37:00.317] [INFO] debug-file - Finished :entry:default@BuildNativeWithNinja... after 2 ms 
[2025-11-21T18:37:00.320] [DEBUG] debug-file - restool module names: entry; moduleName=entry, taskName=default@ProcessResource
[2025-11-21T18:37:00.324] [DEBUG] debug-file - Executing task :entry:default@ProcessResource
[2025-11-21T18:37:00.324] [DEBUG] debug-file - Task 'entry:default@ProcessResource' cost while wrapping incremental declarations: 1 ms 
[2025-11-21T18:37:00.326] [DEBUG] debug-file - Incremental task entry:default@ProcessResource pre-execution cost: 2 ms .
[2025-11-21T18:37:00.326] [DEBUG] debug-file - entry : default@ProcessResource cost memory 0.14544677734375
[2025-11-21T18:37:00.329] [INFO] debug-file - UP-TO-DATE :entry:default@ProcessResource...  
[2025-11-21T18:37:00.332] [DEBUG] debug-file - Executing task :entry:default@GenerateLoaderJson
[2025-11-21T18:37:00.333] [DEBUG] debug-file - Task 'entry:default@GenerateLoaderJson' cost while wrapping incremental declarations: 1 ms 
[2025-11-21T18:37:00.348] [DEBUG] debug-file - Incremental task entry:default@GenerateLoaderJson pre-execution cost: 10 ms .
[2025-11-21T18:37:00.348] [DEBUG] debug-file - entry : default@GenerateLoaderJson cost memory 0.6445999145507812
[2025-11-21T18:37:00.354] [INFO] debug-file - UP-TO-DATE :entry:default@GenerateLoaderJson...  
[2025-11-21T18:37:00.355] [DEBUG] debug-file - Executing task :entry:default@ProcessLibs
[2025-11-21T18:37:00.361] [DEBUG] debug-file - Incremental task entry:default@ProcessLibs pre-execution cost: 4 ms .
[2025-11-21T18:37:00.361] [DEBUG] debug-file - entry : default@ProcessLibs cost memory 0.1910552978515625
[2025-11-21T18:37:00.362] [INFO] debug-file - UP-TO-DATE :entry:default@ProcessLibs...  
[2025-11-21T18:37:00.363] [DEBUG] debug-file - restool module names: entry; moduleName=entry, taskName=default@CompileResource
[2025-11-21T18:37:00.365] [DEBUG] debug-file - Executing task :entry:default@CompileResource
[2025-11-21T18:37:00.398] [DEBUG] debug-file - Incremental task entry:default@CompileResource pre-execution cost: 31 ms .
[2025-11-21T18:37:00.398] [DEBUG] debug-file - entry : default@CompileResource cost memory 1.1021041870117188
[2025-11-21T18:37:00.399] [INFO] debug-file - UP-TO-DATE :entry:default@CompileResource...  
[2025-11-21T18:37:00.401] [DEBUG] debug-file - Executing task :entry:default@DoNativeStrip
[2025-11-21T18:37:00.401] [DEBUG] debug-file - Task 'entry:default@DoNativeStrip' cost while wrapping incremental declarations: 1 ms 
[2025-11-21T18:37:00.403] [DEBUG] debug-file - Incremental task entry:default@DoNativeStrip pre-execution cost: 2 ms .
[2025-11-21T18:37:00.403] [DEBUG] debug-file - entry : default@DoNativeStrip cost memory 0.08551025390625
[2025-11-21T18:37:00.403] [INFO] debug-file - UP-TO-DATE :entry:default@DoNativeStrip...  
[2025-11-21T18:37:00.405] [DEBUG] debug-file - Executing task :entry:default@CompileArkTS
[2025-11-21T18:37:00.405] [DEBUG] debug-file - obfuscationOptions: undefined
[2025-11-21T18:37:00.451] [DEBUG] debug-file - Incremental task entry:default@CompileArkTS pre-execution cost: 38 ms .
[2025-11-21T18:37:00.451] [DEBUG] debug-file - entry : default@CompileArkTS cost memory 1.7015304565429688
[2025-11-21T18:37:00.455] [INFO] debug-file - UP-TO-DATE :entry:default@CompileArkTS...  
[2025-11-21T18:37:00.456] [DEBUG] debug-file - Executing task :entry:default@BuildJS
[2025-11-21T18:37:00.461] [DEBUG] debug-file - entry : default@BuildJS cost memory 0.15059661865234375
[2025-11-21T18:37:00.461] [DEBUG] debug-file - runTaskFromQueue task cost before running: 530 ms 
[2025-11-21T18:37:00.461] [INFO] debug-file - Finished :entry:default@BuildJS... after 5 ms 
[2025-11-21T18:37:00.463] [DEBUG] debug-file - Executing task :entry:default@CacheNativeLibs
[2025-11-21T18:37:00.463] [DEBUG] debug-file - Task 'entry:default@CacheNativeLibs' cost while wrapping incremental declarations: 1 ms 
[2025-11-21T18:37:00.465] [DEBUG] debug-file - Incremental task entry:default@CacheNativeLibs pre-execution cost: 2 ms .
[2025-11-21T18:37:00.465] [DEBUG] debug-file - entry : default@CacheNativeLibs cost memory 0.1013031005859375
[2025-11-21T18:37:00.466] [INFO] debug-file - UP-TO-DATE :entry:default@CacheNativeLibs...  
[2025-11-21T18:37:00.467] [DEBUG] debug-file - Executing task :entry:default@GeneratePkgModuleJson
[2025-11-21T18:37:00.468] [DEBUG] debug-file - File: 'C:\Users\34857\DevEcoStudioProjects\GreenGroth\entry\build\default\intermediates\preload\default\preload.json' from 'preloadSoJsonPath' is not exists, just ignore.
[2025-11-21T18:37:00.468] [DEBUG] debug-file - Task 'entry:default@GeneratePkgModuleJson' cost while wrapping incremental declarations: 1 ms 
[2025-11-21T18:37:00.469] [DEBUG] debug-file - Incremental task entry:default@GeneratePkgModuleJson pre-execution cost: 2 ms .
[2025-11-21T18:37:00.469] [DEBUG] debug-file - entry : default@GeneratePkgModuleJson cost memory 0.0966033935546875
[2025-11-21T18:37:00.470] [INFO] debug-file - UP-TO-DATE :entry:default@GeneratePkgModuleJson...  
[2025-11-21T18:37:00.471] [DEBUG] debug-file - Executing task :entry:default@ProcessCompiledResources
[2025-11-21T18:37:00.471] [DEBUG] debug-file - File: 'C:\Users\34857\DevEcoStudioProjects\GreenGroth\entry\build\default\intermediates\preload\default\preload.json' from 'preloadSoJsonPath' is not exists, just ignore.
[2025-11-21T18:37:00.471] [DEBUG] debug-file - Task 'entry:default@ProcessCompiledResources' cost while wrapping incremental declarations: 1 ms 
[2025-11-21T18:37:00.471] [DEBUG] debug-file - entry : default@ProcessCompiledResources cost memory 0.06594085693359375
[2025-11-21T18:37:00.472] [DEBUG] debug-file - runTaskFromQueue task cost before running: 540 ms 
[2025-11-21T18:37:00.472] [INFO] debug-file - Finished :entry:default@ProcessCompiledResources... after 1 ms 
[2025-11-21T18:37:00.476] [DEBUG] debug-file - Executing task :entry:default@PackageHap
[2025-11-21T18:37:00.491] [DEBUG] debug-file - Incremental task entry:default@PackageHap pre-execution cost: 14 ms .
[2025-11-21T18:37:00.492] [DEBUG] debug-file - entry : default@PackageHap cost memory 0.49590301513671875
[2025-11-21T18:37:00.493] [INFO] debug-file - UP-TO-DATE :entry:default@PackageHap...  
[2025-11-21T18:37:00.494] [DEBUG] debug-file - Executing task :entry:default@PackingCheck
[2025-11-21T18:37:00.501] [DEBUG] debug-file - entry : default@PackingCheck cost memory 0.345703125
[2025-11-21T18:37:00.501] [DEBUG] debug-file - runTaskFromQueue task cost before running: 570 ms 
[2025-11-21T18:37:00.501] [INFO] debug-file - Finished :entry:default@PackingCheck... after 7 ms 
[2025-11-21T18:37:00.503] [DEBUG] debug-file - Executing task :entry:default@SignHap
[2025-11-21T18:37:00.506] [DEBUG] debug-file - Incremental task entry:default@SignHap pre-execution cost: 3 ms .
[2025-11-21T18:37:00.506] [DEBUG] debug-file - entry : default@SignHap cost memory 0.1145782470703125
[2025-11-21T18:37:00.507] [INFO] debug-file - UP-TO-DATE :entry:default@SignHap...  
[2025-11-21T18:37:00.508] [DEBUG] debug-file - Executing task :entry:default@CollectDebugSymbol
[2025-11-21T18:37:00.509] [DEBUG] debug-file - entry : default@CollectDebugSymbol cost memory 0.10097503662109375
[2025-11-21T18:37:00.509] [DEBUG] debug-file - runTaskFromQueue task cost before running: 578 ms 
[2025-11-21T18:37:00.510] [INFO] debug-file - Finished :entry:default@CollectDebugSymbol... after 2 ms 
[2025-11-21T18:37:00.510] [DEBUG] debug-file - Executing task :entry:assembleHap
[2025-11-21T18:37:00.510] [DEBUG] debug-file - entry : assembleHap cost memory 0.01433563232421875
[2025-11-21T18:37:00.510] [DEBUG] debug-file - runTaskFromQueue task cost before running: 579 ms 
[2025-11-21T18:37:00.510] [INFO] debug-file - Finished :entry:assembleHap... after 1 ms 
[2025-11-21T18:37:00.518] [INFO] debug-file - BUILD SUCCESSFUL in 586 ms 
[2025-11-21T18:37:00.518] [DEBUG] debug-file - There is no need to refresh cache, since the incremental task entry:default@PreBuild is up-to-date.
[2025-11-21T18:37:00.518] [DEBUG] debug-file - Update task entry:default@CreateModuleInfo output file:C:\Users\34857\DevEcoStudioProjects\GreenGroth\entry\build\default\generated\profile\default\ModuleInfo.ts cache.
[2025-11-21T18:37:00.519] [DEBUG] debug-file - Incremental task entry:default@CreateModuleInfo post-execution cost:1 ms .
[2025-11-21T18:37:00.519] [DEBUG] debug-file - There is no need to refresh cache, since the incremental task entry:default@GenerateMetadata is up-to-date.
[2025-11-21T18:37:00.519] [DEBUG] debug-file - There is no need to refresh cache, since the incremental task entry:default@MergeProfile is up-to-date.
[2025-11-21T18:37:00.519] [DEBUG] debug-file - There is no need to refresh cache, since the incremental task entry:default@CreateBuildProfile is up-to-date.
[2025-11-21T18:37:00.519] [DEBUG] debug-file - There is no need to refresh cache, since the incremental task entry:default@GeneratePkgContextInfo is up-to-date.
[2025-11-21T18:37:00.519] [DEBUG] debug-file - Update task entry:default@ProcessIntegratedHsp output file:C:\Users\34857\DevEcoStudioProjects\GreenGroth\build\cache\default\integrated_hsp\integratedHspCache.json cache.
[2025-11-21T18:37:00.519] [DEBUG] debug-file - Incremental task entry:default@ProcessIntegratedHsp post-execution cost:1 ms .
[2025-11-21T18:37:00.519] [DEBUG] debug-file - There is no need to refresh cache, since the incremental task entry:default@MakePackInfo is up-to-date.
[2025-11-21T18:37:00.519] [DEBUG] debug-file - Update task entry:default@SyscapTransform input file:C:\Program Files\Huawei\DevEco Studio\sdk\default\openharmony\toolchains\syscap_tool.exe cache by regenerate.
[2025-11-21T18:37:00.520] [DEBUG] debug-file - Update task entry:default@SyscapTransform input file:C:\Program Files\Huawei\DevEco Studio\sdk\default\openharmony\ets\api\device-define cache by regenerate.
[2025-11-21T18:37:00.522] [DEBUG] debug-file - Update task entry:default@SyscapTransform output file:C:\Users\34857\DevEcoStudioProjects\GreenGroth\entry\build\default\intermediates\syscap\default\rpcid.sc cache.
[2025-11-21T18:37:00.522] [DEBUG] debug-file - Incremental task entry:default@SyscapTransform post-execution cost:3 ms .
[2025-11-21T18:37:00.522] [DEBUG] debug-file - There is no need to refresh cache, since the incremental task entry:default@ProcessProfile is up-to-date.
[2025-11-21T18:37:00.522] [DEBUG] debug-file - There is no need to refresh cache, since the incremental task entry:default@ProcessRouterMap is up-to-date.
[2025-11-21T18:37:00.522] [DEBUG] debug-file - There is no need to refresh cache, since the incremental task entry:default@ProcessShareConfig is up-to-date.
[2025-11-21T18:37:00.522] [DEBUG] debug-file - Update task entry:default@ProcessStartupConfig input file:C:\Users\34857\DevEcoStudioProjects\GreenGroth\entry\build\default\intermediates\loader\default\pkgContextInfo.json cache by regenerate.
[2025-11-21T18:37:00.523] [DEBUG] debug-file - Update task entry:default@ProcessStartupConfig output file:C:\Users\34857\DevEcoStudioProjects\GreenGroth\entry\build\default\intermediates\startup\default\startup_config.json cache.
[2025-11-21T18:37:00.523] [DEBUG] debug-file - Incremental task entry:default@ProcessStartupConfig post-execution cost:2 ms .
[2025-11-21T18:37:00.523] [DEBUG] debug-file - There is no need to refresh cache, since the incremental task entry:default@ProcessResource is up-to-date.
[2025-11-21T18:37:00.523] [DEBUG] debug-file - There is no need to refresh cache, since the incremental task entry:default@GenerateLoaderJson is up-to-date.
[2025-11-21T18:37:00.523] [DEBUG] debug-file - There is no need to refresh cache, since the incremental task entry:default@ProcessLibs is up-to-date.
[2025-11-21T18:37:00.524] [DEBUG] debug-file - There is no need to refresh cache, since the incremental task entry:default@CompileResource is up-to-date.
[2025-11-21T18:37:00.524] [DEBUG] debug-file - There is no need to refresh cache, since the incremental task entry:default@DoNativeStrip is up-to-date.
[2025-11-21T18:37:00.524] [DEBUG] debug-file - There is no need to refresh cache, since the incremental task entry:default@CompileArkTS is up-to-date.
[2025-11-21T18:37:00.526] [DEBUG] debug-file - Update task entry:default@BuildJS input file:C:\Users\34857\DevEcoStudioProjects\GreenGroth\entry\build\default\intermediates\loader\default cache by regenerate.
[2025-11-21T18:37:00.527] [DEBUG] debug-file - Update task entry:default@BuildJS input file:C:\Users\34857\DevEcoStudioProjects\GreenGroth\oh_modules\.ohpm\@ohos+axios@2.2.6\oh_modules\@ohos\axios\index.js cache by regenerate.
[2025-11-21T18:37:00.527] [DEBUG] debug-file - Update task entry:default@BuildJS input file:C:\Users\34857\DevEcoStudioProjects\GreenGroth\entry\build\default\intermediates\res\default\resources\rawfile cache by regenerate.
[2025-11-21T18:37:00.528] [DEBUG] debug-file - Update task entry:default@BuildJS input file:C:\Users\34857\DevEcoStudioProjects\GreenGroth\entry\build\default\intermediates\res\default\ResourceTable.txt cache by regenerate.
[2025-11-21T18:37:00.529] [DEBUG] debug-file - Update task entry:default@BuildJS input file:C:\Users\34857\DevEcoStudioProjects\GreenGroth\entry\build\default\intermediates\res\default\ark_module.json cache by regenerate.
[2025-11-21T18:37:00.529] [DEBUG] debug-file - Update task entry:default@BuildJS input file:C:\Users\34857\DevEcoStudioProjects\GreenGroth\entry\build\default\intermediates\res\default\resources\base\profile cache by regenerate.
[2025-11-21T18:37:00.530] [DEBUG] debug-file - Update task entry:default@BuildJS input file:C:\Users\34857\DevEcoStudioProjects\GreenGroth\entry\build\default\intermediates\loader\default\pkgContextInfo.json cache by regenerate.
[2025-11-21T18:37:00.530] [DEBUG] debug-file - Update task entry:default@BuildJS output file:C:\Users\34857\DevEcoStudioProjects\GreenGroth\entry\build\default\intermediates\loader_out\default\js cache.
[2025-11-21T18:37:00.531] [DEBUG] debug-file - Incremental task entry:default@BuildJS post-execution cost:7 ms .
[2025-11-21T18:37:00.531] [DEBUG] debug-file - There is no need to refresh cache, since the incremental task entry:default@CacheNativeLibs is up-to-date.
[2025-11-21T18:37:00.531] [DEBUG] debug-file - There is no need to refresh cache, since the incremental task entry:default@GeneratePkgModuleJson is up-to-date.
[2025-11-21T18:37:00.531] [DEBUG] debug-file - Incremental task entry:default@ProcessCompiledResources post-execution cost:1 ms .
[2025-11-21T18:37:00.531] [DEBUG] debug-file - There is no need to refresh cache, since the incremental task entry:default@PackageHap is up-to-date.
[2025-11-21T18:37:00.531] [DEBUG] debug-file - There is no need to refresh cache, since the incremental task entry:default@SignHap is up-to-date.
[2025-11-21T18:37:00.532] [DEBUG] debug-file - Update task entry:default@CollectDebugSymbol input file:C:\Users\34857\DevEcoStudioProjects\GreenGroth\entry\build\default\intermediates\loader_out\default\ets\sourceMaps.map cache by regenerate.
[2025-11-21T18:37:00.532] [DEBUG] debug-file - Update task entry:default@CollectDebugSymbol input file:C:\Users\34857\DevEcoStudioProjects\GreenGroth\entry\build\default\intermediates\libs\default cache by regenerate.
[2025-11-21T18:37:00.532] [DEBUG] debug-file - Update task entry:default@CollectDebugSymbol output file:C:\Users\34857\DevEcoStudioProjects\GreenGroth\entry\build\default\outputs\default\symbol cache.
[2025-11-21T18:37:00.533] [DEBUG] debug-file - Incremental task entry:default@CollectDebugSymbol post-execution cost:2 ms .
[2025-11-21T18:37:00.563] [DEBUG] debug-file - hvigor build process will be closed.
[2025-11-21T18:37:00.575] [DEBUG] debug-file - session manager: send message to worker process.
[2025-11-21T18:37:00.577] [DEBUG] debug-file - session manager: send message to worker process.
[2025-11-21T18:37:00.633] [DEBUG] debug-file - watch worker: worker id should be larger than 0. Nothing will be sent to any worker thread.
[2025-11-21T18:37:00.633] [DEBUG] debug-file - watch worker: worker id should be larger than 0. Nothing will be sent to any worker thread.
[2025-11-21T18:38:38.861] [DEBUG] debug-file - session manager: set active socket. socketId=MByta4Y3ya5TEBO6AAAH
[2025-11-21T18:38:38.869] [DEBUG] debug-file - watch worker: worker id should be larger than 0. Nothing will be sent to any worker thread.
[2025-11-21T18:38:38.878] [DEBUG] debug-file - Hvigor init with startParameters:{
  hvigorfileTypeCheck: false,
  parallelExecution: true,
  incrementalExecution: true,
  printStackTrace: false,
  daemon: true,
  analyze: 0,
  logLevel: Level { level: 20000, levelStr: 'INFO', colour: 'green' },
  optimizationStrategy: 'memory',
  hotCompile: undefined,
  hotReloadBuild: undefined
}
[2025-11-21T18:38:38.885] [DEBUG] debug-file - Cache service initialization finished in 7 ms 
[2025-11-21T18:38:38.887] [DEBUG] debug-file - hvigorfile, resolving C:\Users\34857\DevEcoStudioProjects\GreenGroth\hvigorfile.ts
[2025-11-21T18:38:38.897] [DEBUG] debug-file - hvigorfile, require result:  { default: { plugins: [] } }
[2025-11-21T18:38:38.897] [DEBUG] debug-file - hvigorfile, binding system plugins null
[2025-11-21T18:38:38.909] [DEBUG] debug-file - Start initialize project's product build option map with build mode debug.
[2025-11-21T18:38:38.909] [DEBUG] debug-file - Picking option from product 'default' with build mode 'debug'.
[2025-11-21T18:38:38.910] [DEBUG] debug-file - Product 'default' build option initialized
[2025-11-21T18:38:38.910] [DEBUG] debug-file - End initialize project's product build option map with build mode 'debug'.
[2025-11-21T18:38:38.911] [DEBUG] debug-file - Obtain build option for product 'default'in this build.
[2025-11-21T18:38:38.917] [DEBUG] debug-file - C:\Users\34857\DevEcoStudioProjects\GreenGroth\build\cache\default\remote_hsp\remoteHspCache.json not exists.
[2025-11-21T18:38:38.925] [DEBUG] debug-file - Start recording SDK configuration permission data.
[2025-11-21T18:38:38.957] [DEBUG] debug-file - Sdk init in 38 ms 
[2025-11-21T18:38:38.961] [DEBUG] debug-file - Project task initialization takes 4 ms 
[2025-11-21T18:38:38.961] [DEBUG] debug-file - hvigorfile, binding custom plugins []
[2025-11-21T18:38:38.961] [DEBUG] debug-file - hvigorfile, no custom plugins were found in C:\Users\34857\DevEcoStudioProjects\GreenGroth\hvigorfile.ts
[2025-11-21T18:38:38.961] [DEBUG] debug-file - hvigorfile, resolve finished C:\Users\34857\DevEcoStudioProjects\GreenGroth\hvigorfile.ts
[2025-11-21T18:38:38.961] [DEBUG] debug-file - hvigorfile, resolving C:\Users\34857\DevEcoStudioProjects\GreenGroth\entry\hvigorfile.ts
[2025-11-21T18:38:38.966] [DEBUG] debug-file - hvigorfile, require result:  { default: { plugins: [] } }
[2025-11-21T18:38:38.966] [DEBUG] debug-file - hvigorfile, binding system plugins null
[2025-11-21T18:38:38.968] [DEBUG] debug-file - failed to load cangjie to dynamically generate schemas: Error: Cannot find module '@ohos/cangjie-build-support/index'
Require stack:
- C:\Program Files\Huawei\DevEco Studio\tools\hvigor\hvigor-ohos-plugin\src\plugin\factory\plugin-factory.js
- C:\Program Files\Huawei\DevEco Studio\tools\hvigor\hvigor-ohos-plugin\index.js
- C:\Users\34857\DevEcoStudioProjects\GreenGroth\hvigorfile.ts
- C:\Program Files\Huawei\DevEco Studio\tools\hvigor\hvigor\src\base\internal\lifecycle\configuration.js
- C:\Program Files\Huawei\DevEco Studio\tools\hvigor\hvigor\src\base\boot\index.js
- C:\Program Files\Huawei\DevEco Studio\tools\hvigor\hvigor\src\base\daemon\cluster\worker-process-lifecycle.js
- C:\Program Files\Huawei\DevEco Studio\tools\hvigor\hvigor\src\base\daemon\process\daemon-process-boot-script.js
[2025-11-21T18:38:38.972] [DEBUG] debug-file - Start initialize module-target build option map, moduleName=entry, buildMode=debug
[2025-11-21T18:38:38.972] [DEBUG] debug-file - Target 'default' config initialized
[2025-11-21T18:38:38.972] [DEBUG] debug-file - Target 'ohosTest' config initialized
[2025-11-21T18:38:38.972] [DEBUG] debug-file - Module 'entry' target 'default' build option initialized
[2025-11-21T18:38:38.972] [DEBUG] debug-file - Module 'entry' target 'ohosTest' build option initialized
[2025-11-21T18:38:38.972] [DEBUG] debug-file - End initialize module-target build option map, moduleName=entry
[2025-11-21T18:38:38.973] [DEBUG] debug-file - Start initialize module-target build option map, moduleName=entry, buildMode=release
[2025-11-21T18:38:38.973] [DEBUG] debug-file - Target 'default' config initialized
[2025-11-21T18:38:38.973] [DEBUG] debug-file - Target 'ohosTest' config initialized
[2025-11-21T18:38:38.973] [DEBUG] debug-file - Module 'entry' target 'default' build option initialized
[2025-11-21T18:38:38.973] [DEBUG] debug-file - Module 'entry' target 'ohosTest' build option initialized
[2025-11-21T18:38:38.973] [DEBUG] debug-file - End initialize module-target build option map, moduleName=entry
[2025-11-21T18:38:38.973] [DEBUG] debug-file - Start initialize module-target build option map, moduleName=entry, buildMode=debug
[2025-11-21T18:38:38.974] [DEBUG] debug-file - Target 'default' config initialized
[2025-11-21T18:38:38.974] [DEBUG] debug-file - Target 'ohosTest' config initialized
[2025-11-21T18:38:38.974] [DEBUG] debug-file - Module 'entry' target 'default' build option initialized
[2025-11-21T18:38:38.975] [DEBUG] debug-file - Module 'entry' target 'ohosTest' build option initialized
[2025-11-21T18:38:38.975] [DEBUG] debug-file - End initialize module-target build option map, moduleName=entry
[2025-11-21T18:38:38.975] [DEBUG] debug-file - Obtain build option for module 'entry' target 'default'in this build.
[2025-11-21T18:38:38.977] [DEBUG] debug-file - Module entry task initialization takes 1 ms 
[2025-11-21T18:38:38.977] [DEBUG] debug-file - hvigorfile, binding custom plugins []
[2025-11-21T18:38:38.977] [DEBUG] debug-file - hvigorfile, no custom plugins were found in C:\Users\34857\DevEcoStudioProjects\GreenGroth\entry\hvigorfile.ts
[2025-11-21T18:38:38.977] [DEBUG] debug-file - hvigorfile, resolve finished C:\Users\34857\DevEcoStudioProjects\GreenGroth\entry\hvigorfile.ts
[2025-11-21T18:38:39.071] [DEBUG] debug-file - hvigorfile, resolve hvigorfile dependencies in 94 ms 
[2025-11-21T18:38:39.072] [DEBUG] debug-file - project has submodules:entry
[2025-11-21T18:38:39.076] [DEBUG] debug-file - start to load updatedOhPackageInfo to the disk
[2025-11-21T18:38:39.088] [DEBUG] debug-file - load to the disk finished
[2025-11-21T18:38:39.089] [DEBUG] debug-file - Start to initialize dependency information.
[2025-11-21T18:38:39.107] [DEBUG] debug-file - Module GreenGroth Collected Dependency: 
[2025-11-21T18:38:39.107] [DEBUG] debug-file - Module GreenGroth's total dependency: 0
[2025-11-21T18:38:39.107] [DEBUG] debug-file - Start to initialize dependency information.
[2025-11-21T18:38:39.120] [DEBUG] debug-file - Module entry Collected Dependency: C:\Users\34857\DevEcoStudioProjects\GreenGroth\oh_modules\.ohpm\@ohos+axios@2.2.6\oh_modules\@ohos\axios
[2025-11-21T18:38:39.120] [DEBUG] debug-file - Module entry's total dependency: 1
[2025-11-21T18:38:39.124] [DEBUG] debug-file - Configuration phase cost:239 ms 
[2025-11-21T18:38:39.126] [DEBUG] debug-file - Configuration task cost before running: 252 ms 
[2025-11-21T18:38:39.126] [DEBUG] debug-file - Executing task :entry:init
[2025-11-21T18:38:39.126] [DEBUG] debug-file - entry : init cost memory 0.0211181640625
[2025-11-21T18:38:39.127] [DEBUG] debug-file - runTaskFromQueue task cost before running: 253 ms 
[2025-11-21T18:38:39.127] [INFO] debug-file - Finished :entry:init... after 1 ms 
[2025-11-21T18:38:39.127] [DEBUG] debug-file - Executing task ::init
[2025-11-21T18:38:39.127] [DEBUG] debug-file - GreenGroth : init cost memory 0.0152740478515625
[2025-11-21T18:38:39.127] [DEBUG] debug-file - runTaskFromQueue task cost before running: 254 ms 
[2025-11-21T18:38:39.128] [INFO] debug-file - Finished ::init... after 1 ms 
[2025-11-21T18:38:39.142] [DEBUG] debug-file - Obtain build option for module 'entry' target 'default'in this build.
[2025-11-21T18:38:39.143] [DEBUG] debug-file - Obtain build option for module 'entry' target 'ohosTest'in this build.
[2025-11-21T18:38:39.147] [DEBUG] debug-file - hvigor build process will be closed.
[2025-11-21T18:38:39.159] [DEBUG] debug-file - session manager: send message to worker process.
[2025-11-21T18:38:39.161] [DEBUG] debug-file - session manager: send message to worker process.
[2025-11-21T18:38:39.266] [DEBUG] debug-file - watch worker: worker id should be larger than 0. Nothing will be sent to any worker thread.
[2025-11-21T18:38:39.266] [DEBUG] debug-file - watch worker: worker id should be larger than 0. Nothing will be sent to any worker thread.
[2025-11-21T18:38:43.222] [DEBUG] debug-file - session manager: set active socket. socketId=4Y9oWOnshk_SbHa8AAAJ
[2025-11-21T18:38:43.230] [DEBUG] debug-file - watch worker: worker id should be larger than 0. Nothing will be sent to any worker thread.
[2025-11-21T18:38:43.240] [DEBUG] debug-file - Hvigor init with startParameters:{
  hvigorfileTypeCheck: false,
  parallelExecution: true,
  incrementalExecution: true,
  printStackTrace: false,
  daemon: true,
  analyze: 0,
  logLevel: Level { level: 20000, levelStr: 'INFO', colour: 'green' },
  optimizationStrategy: 'memory',
  hotCompile: undefined,
  hotReloadBuild: undefined
}
[2025-11-21T18:38:43.249] [DEBUG] debug-file - Cache service initialization finished in 10 ms 
[2025-11-21T18:38:43.252] [DEBUG] debug-file - hvigorfile, resolving C:\Users\34857\DevEcoStudioProjects\GreenGroth\hvigorfile.ts
[2025-11-21T18:38:43.270] [DEBUG] debug-file - hvigorfile, require result:  { default: { plugins: [] } }
[2025-11-21T18:38:43.270] [DEBUG] debug-file - hvigorfile, binding system plugins null
[2025-11-21T18:38:43.279] [DEBUG] debug-file - Start initialize project's product build option map with build mode debug.
[2025-11-21T18:38:43.279] [DEBUG] debug-file - Picking option from product 'default' with build mode 'debug'.
[2025-11-21T18:38:43.280] [DEBUG] debug-file - Product 'default' build option initialized
[2025-11-21T18:38:43.280] [DEBUG] debug-file - End initialize project's product build option map with build mode 'debug'.
[2025-11-21T18:38:43.281] [DEBUG] debug-file - Obtain build option for product 'default'in this build.
[2025-11-21T18:38:43.285] [DEBUG] debug-file - C:\Users\34857\DevEcoStudioProjects\GreenGroth\build\cache\default\remote_hsp\remoteHspCache.json not exists.
[2025-11-21T18:38:43.292] [DEBUG] debug-file - Start recording SDK configuration permission data.
[2025-11-21T18:38:43.320] [DEBUG] debug-file - Sdk init in 34 ms 
[2025-11-21T18:38:43.324] [DEBUG] debug-file - Project task initialization takes 4 ms 
[2025-11-21T18:38:43.324] [DEBUG] debug-file - hvigorfile, binding custom plugins []
[2025-11-21T18:38:43.325] [DEBUG] debug-file - hvigorfile, no custom plugins were found in C:\Users\34857\DevEcoStudioProjects\GreenGroth\hvigorfile.ts
[2025-11-21T18:38:43.325] [DEBUG] debug-file - hvigorfile, resolve finished C:\Users\34857\DevEcoStudioProjects\GreenGroth\hvigorfile.ts
[2025-11-21T18:38:43.325] [DEBUG] debug-file - hvigorfile, resolving C:\Users\34857\DevEcoStudioProjects\GreenGroth\entry\hvigorfile.ts
[2025-11-21T18:38:43.330] [DEBUG] debug-file - hvigorfile, require result:  { default: { plugins: [] } }
[2025-11-21T18:38:43.330] [DEBUG] debug-file - hvigorfile, binding system plugins null
[2025-11-21T18:38:43.332] [DEBUG] debug-file - failed to load cangjie to dynamically generate schemas: Error: Cannot find module '@ohos/cangjie-build-support/index'
Require stack:
- C:\Program Files\Huawei\DevEco Studio\tools\hvigor\hvigor-ohos-plugin\src\plugin\factory\plugin-factory.js
- C:\Program Files\Huawei\DevEco Studio\tools\hvigor\hvigor-ohos-plugin\index.js
- C:\Users\34857\DevEcoStudioProjects\GreenGroth\hvigorfile.ts
- C:\Program Files\Huawei\DevEco Studio\tools\hvigor\hvigor\src\base\internal\lifecycle\configuration.js
- C:\Program Files\Huawei\DevEco Studio\tools\hvigor\hvigor\src\base\boot\index.js
- C:\Program Files\Huawei\DevEco Studio\tools\hvigor\hvigor\src\base\daemon\cluster\worker-process-lifecycle.js
- C:\Program Files\Huawei\DevEco Studio\tools\hvigor\hvigor\src\base\daemon\process\daemon-process-boot-script.js
[2025-11-21T18:38:43.335] [DEBUG] debug-file - Start initialize module-target build option map, moduleName=entry, buildMode=debug
[2025-11-21T18:38:43.335] [DEBUG] debug-file - Target 'default' config initialized
[2025-11-21T18:38:43.336] [DEBUG] debug-file - Target 'ohosTest' config initialized
[2025-11-21T18:38:43.336] [DEBUG] debug-file - Module 'entry' target 'default' build option initialized
[2025-11-21T18:38:43.336] [DEBUG] debug-file - Module 'entry' target 'ohosTest' build option initialized
[2025-11-21T18:38:43.336] [DEBUG] debug-file - End initialize module-target build option map, moduleName=entry
[2025-11-21T18:38:43.336] [DEBUG] debug-file - Start initialize module-target build option map, moduleName=entry, buildMode=release
[2025-11-21T18:38:43.336] [DEBUG] debug-file - Target 'default' config initialized
[2025-11-21T18:38:43.336] [DEBUG] debug-file - Target 'ohosTest' config initialized
[2025-11-21T18:38:43.336] [DEBUG] debug-file - Module 'entry' target 'default' build option initialized
[2025-11-21T18:38:43.336] [DEBUG] debug-file - Module 'entry' target 'ohosTest' build option initialized
[2025-11-21T18:38:43.336] [DEBUG] debug-file - End initialize module-target build option map, moduleName=entry
[2025-11-21T18:38:43.337] [DEBUG] debug-file - Start initialize module-target build option map, moduleName=entry, buildMode=debug
[2025-11-21T18:38:43.337] [DEBUG] debug-file - Target 'default' config initialized
[2025-11-21T18:38:43.337] [DEBUG] debug-file - Target 'ohosTest' config initialized
[2025-11-21T18:38:43.337] [DEBUG] debug-file - Module 'entry' target 'default' build option initialized
[2025-11-21T18:38:43.337] [DEBUG] debug-file - Module 'entry' target 'ohosTest' build option initialized
[2025-11-21T18:38:43.337] [DEBUG] debug-file - End initialize module-target build option map, moduleName=entry
[2025-11-21T18:38:43.337] [DEBUG] debug-file - Obtain build option for module 'entry' target 'default'in this build.
[2025-11-21T18:38:43.339] [DEBUG] debug-file - Module entry task initialization takes 2 ms 
[2025-11-21T18:38:43.339] [DEBUG] debug-file - hvigorfile, binding custom plugins []
[2025-11-21T18:38:43.339] [DEBUG] debug-file - hvigorfile, no custom plugins were found in C:\Users\34857\DevEcoStudioProjects\GreenGroth\entry\hvigorfile.ts
[2025-11-21T18:38:43.340] [DEBUG] debug-file - hvigorfile, resolve finished C:\Users\34857\DevEcoStudioProjects\GreenGroth\entry\hvigorfile.ts
[2025-11-21T18:38:43.408] [DEBUG] debug-file - hvigorfile, resolve hvigorfile dependencies in 69 ms 
[2025-11-21T18:38:43.408] [DEBUG] debug-file - project has submodules:entry
[2025-11-21T18:38:43.410] [DEBUG] debug-file - start to load updatedOhPackageInfo to the disk
[2025-11-21T18:38:43.420] [DEBUG] debug-file - load to the disk finished
[2025-11-21T18:38:43.422] [DEBUG] debug-file - Start to initialize dependency information.
[2025-11-21T18:38:43.435] [DEBUG] debug-file - Module GreenGroth Collected Dependency: 
[2025-11-21T18:38:43.436] [DEBUG] debug-file - Module GreenGroth's total dependency: 0
[2025-11-21T18:38:43.437] [DEBUG] debug-file - Start to initialize dependency information.
[2025-11-21T18:38:43.448] [DEBUG] debug-file - Module entry Collected Dependency: C:\Users\34857\DevEcoStudioProjects\GreenGroth\oh_modules\.ohpm\@ohos+axios@2.2.6\oh_modules\@ohos\axios
[2025-11-21T18:38:43.448] [DEBUG] debug-file - Module entry's total dependency: 1
[2025-11-21T18:38:43.451] [DEBUG] debug-file - Configuration phase cost:202 ms 
[2025-11-21T18:38:43.453] [DEBUG] debug-file - Configuration task cost before running: 218 ms 
[2025-11-21T18:38:43.464] [DEBUG] debug-file - Executing task :entry:default@PreBuild
[2025-11-21T18:38:43.466] [DEBUG] debug-file - Task 'entry:default@PreBuild' cost while wrapping incremental declarations: 1 ms 
[2025-11-21T18:38:43.485] [DEBUG] debug-file - entry:default@PreBuild is not up-to-date, since the input file 'C:\Users\34857\DevEcoStudioProjects\GreenGroth\entry\src\main\resources\base\profile\main_pages.json' has been changed.
[2025-11-21T18:38:43.485] [DEBUG] debug-file - Incremental task entry:default@PreBuild pre-execution cost: 13 ms .
[2025-11-21T18:38:43.680] [DEBUG] debug-file - current product is not Atomic service.
[2025-11-21T18:38:43.681] [DEBUG] debug-file - Use tool [win32: JAVA_HOME, CLASSPATH]
 [
  { JAVA_HOME: 'C:\\Program Files\\Huawei\\DevEco Studio\\jbr' },
  { CLASSPATH: undefined }
]
[2025-11-21T18:38:43.681] [DEBUG] debug-file - Use tool [win32: NODE_HOME]
 [
  {
    NODE_HOME: 'C:\\Program Files\\Huawei\\DevEco Studio\\tools\\node'
  }
]
[2025-11-21T18:38:43.682] [DEBUG] debug-file - entry : default@PreBuild cost memory -0.446746826171875
[2025-11-21T18:38:43.682] [DEBUG] debug-file - runTaskFromQueue task cost before running: 447 ms 
[2025-11-21T18:38:43.686] [INFO] debug-file - Finished :entry:default@PreBuild... after 219 ms 
[2025-11-21T18:38:43.687] [DEBUG] debug-file - Executing task :entry:default@CreateModuleInfo
[2025-11-21T18:38:43.687] [DEBUG] debug-file - Task 'entry:default@CreateModuleInfo' cost while wrapping incremental declarations: 1 ms 
[2025-11-21T18:38:43.688] [DEBUG] debug-file - entry : default@CreateModuleInfo cost memory 0.04198455810546875
[2025-11-21T18:38:43.688] [DEBUG] debug-file - runTaskFromQueue task cost before running: 453 ms 
[2025-11-21T18:38:43.688] [INFO] debug-file - Finished :entry:default@CreateModuleInfo... after 1 ms 
[2025-11-21T18:38:43.695] [DEBUG] debug-file - Executing task :entry:default@GenerateMetadata
[2025-11-21T18:38:43.695] [DEBUG] debug-file - Task 'entry:default@GenerateMetadata' cost while wrapping incremental declarations: 1 ms 
[2025-11-21T18:38:43.697] [DEBUG] debug-file - Incremental task entry:default@GenerateMetadata pre-execution cost: 2 ms .
[2025-11-21T18:38:43.697] [DEBUG] debug-file - entry : default@GenerateMetadata cost memory 0.096466064453125
[2025-11-21T18:38:43.697] [INFO] debug-file - UP-TO-DATE :entry:default@GenerateMetadata...  
[2025-11-21T18:38:43.699] [DEBUG] debug-file - Executing task :entry:default@ConfigureCmake
[2025-11-21T18:38:43.699] [DEBUG] debug-file - entry : default@ConfigureCmake cost memory 0.0161590576171875
[2025-11-21T18:38:43.699] [DEBUG] debug-file - runTaskFromQueue task cost before running: 464 ms 
[2025-11-21T18:38:43.699] [INFO] debug-file - Finished :entry:default@ConfigureCmake... after 1 ms 
[2025-11-21T18:38:43.701] [DEBUG] debug-file - Executing task :entry:default@MergeProfile
[2025-11-21T18:38:43.701] [DEBUG] debug-file - Task 'entry:default@MergeProfile' cost while wrapping incremental declarations: 1 ms 
[2025-11-21T18:38:43.705] [DEBUG] debug-file - Incremental task entry:default@MergeProfile pre-execution cost: 3 ms .
[2025-11-21T18:38:43.705] [DEBUG] debug-file - entry : default@MergeProfile cost memory 0.15450286865234375
[2025-11-21T18:38:43.705] [INFO] debug-file - UP-TO-DATE :entry:default@MergeProfile...  
[2025-11-21T18:38:43.707] [DEBUG] debug-file - Executing task :entry:default@CreateBuildProfile
[2025-11-21T18:38:43.707] [DEBUG] debug-file - Task 'entry:default@CreateBuildProfile' cost while wrapping incremental declarations: 1 ms 
[2025-11-21T18:38:43.709] [DEBUG] debug-file - Incremental task entry:default@CreateBuildProfile pre-execution cost: 2 ms .
[2025-11-21T18:38:43.709] [DEBUG] debug-file - entry : default@CreateBuildProfile cost memory 0.10210418701171875
[2025-11-21T18:38:43.709] [INFO] debug-file - UP-TO-DATE :entry:default@CreateBuildProfile...  
[2025-11-21T18:38:43.711] [DEBUG] debug-file - Executing task :entry:default@PreCheckSyscap
[2025-11-21T18:38:43.711] [DEBUG] debug-file - entry : default@PreCheckSyscap cost memory 0.01638031005859375
[2025-11-21T18:38:43.711] [DEBUG] debug-file - runTaskFromQueue task cost before running: 476 ms 
[2025-11-21T18:38:43.711] [INFO] debug-file - Finished :entry:default@PreCheckSyscap... after 1 ms 
[2025-11-21T18:38:43.713] [DEBUG] debug-file - Executing task :entry:default@GeneratePkgContextInfo
[2025-11-21T18:38:43.720] [DEBUG] debug-file - Task 'entry:default@GeneratePkgContextInfo' cost while wrapping incremental declarations: 1 ms 
[2025-11-21T18:38:43.721] [DEBUG] debug-file - Incremental task entry:default@GeneratePkgContextInfo pre-execution cost: 1 ms .
[2025-11-21T18:38:43.721] [DEBUG] debug-file - entry : default@GeneratePkgContextInfo cost memory 0.31046295166015625
[2025-11-21T18:38:43.722] [INFO] debug-file - UP-TO-DATE :entry:default@GeneratePkgContextInfo...  
[2025-11-21T18:38:43.728] [DEBUG] debug-file - Executing task :entry:default@ProcessIntegratedHsp
[2025-11-21T18:38:43.728] [DEBUG] debug-file - entry:default@ProcessIntegratedHsp is not up-to-date, since the output file 'C:\Users\34857\DevEcoStudioProjects\GreenGroth\build\cache\default\integrated_hsp\integratedHspCache.json' does not exist.
[2025-11-21T18:38:43.729] [DEBUG] debug-file - Incremental task entry:default@ProcessIntegratedHsp pre-execution cost: 1 ms .
[2025-11-21T18:38:43.729] [DEBUG] debug-file - entry : default@ProcessIntegratedHsp cost memory 0.06401824951171875
[2025-11-21T18:38:43.729] [DEBUG] debug-file - runTaskFromQueue task cost before running: 494 ms 
[2025-11-21T18:38:43.729] [INFO] debug-file - Finished :entry:default@ProcessIntegratedHsp... after 1 ms 
[2025-11-21T18:38:43.731] [DEBUG] debug-file - Executing task :entry:default@BuildNativeWithCmake
[2025-11-21T18:38:43.731] [DEBUG] debug-file - entry : default@BuildNativeWithCmake cost memory 0.01720428466796875
[2025-11-21T18:38:43.731] [DEBUG] debug-file - runTaskFromQueue task cost before running: 496 ms 
[2025-11-21T18:38:43.731] [INFO] debug-file - Finished :entry:default@BuildNativeWithCmake... after 1 ms 
[2025-11-21T18:38:43.733] [DEBUG] debug-file - Executing task :entry:default@MakePackInfo
[2025-11-21T18:38:43.738] [DEBUG] debug-file - Incremental task entry:default@MakePackInfo pre-execution cost: 4 ms .
[2025-11-21T18:38:43.738] [DEBUG] debug-file - entry : default@MakePackInfo cost memory 0.136962890625
[2025-11-21T18:38:43.738] [INFO] debug-file - UP-TO-DATE :entry:default@MakePackInfo...  
[2025-11-21T18:38:43.740] [DEBUG] debug-file - Executing task :entry:default@SyscapTransform
[2025-11-21T18:38:43.740] [DEBUG] debug-file - File: 'C:\Users\34857\DevEcoStudioProjects\GreenGroth\entry\src\main\syscap.json' from 'sysCapJsonPath' is not exists, just ignore.
[2025-11-21T18:38:43.742] [DEBUG] debug-file - Task 'entry:default@SyscapTransform' cost while wrapping incremental declarations: 2 ms 
[2025-11-21T18:38:43.745] [DEBUG] debug-file - entry:default@SyscapTransform is not up-to-date, since the output file 'C:\Users\34857\DevEcoStudioProjects\GreenGroth\entry\build\default\intermediates\syscap\default\rpcid.sc' does not exist.
[2025-11-21T18:38:43.745] [DEBUG] debug-file - Incremental task entry:default@SyscapTransform pre-execution cost: 4 ms .
[2025-11-21T18:38:43.746] [DEBUG] debug-file - entry : default@SyscapTransform cost memory 0.16301727294921875
[2025-11-21T18:38:43.746] [DEBUG] debug-file - runTaskFromQueue task cost before running: 511 ms 
[2025-11-21T18:38:43.746] [INFO] debug-file - Finished :entry:default@SyscapTransform... after 6 ms 
[2025-11-21T18:38:43.748] [DEBUG] debug-file - Executing task :entry:default@ProcessProfile
[2025-11-21T18:38:43.750] [DEBUG] debug-file - Task 'entry:default@ProcessProfile' cost while wrapping incremental declarations: 1 ms 
[2025-11-21T18:38:43.751] [DEBUG] debug-file - Incremental task entry:default@ProcessProfile pre-execution cost: 2 ms .
[2025-11-21T18:38:43.751] [DEBUG] debug-file - entry : default@ProcessProfile cost memory 0.1526947021484375
[2025-11-21T18:38:43.752] [INFO] debug-file - UP-TO-DATE :entry:default@ProcessProfile...  
[2025-11-21T18:38:43.754] [DEBUG] debug-file - Executing task :entry:default@ProcessRouterMap
[2025-11-21T18:38:43.760] [DEBUG] debug-file - Incremental task entry:default@ProcessRouterMap pre-execution cost: 5 ms .
[2025-11-21T18:38:43.760] [DEBUG] debug-file - entry : default@ProcessRouterMap cost memory 0.18795013427734375
[2025-11-21T18:38:43.761] [INFO] debug-file - UP-TO-DATE :entry:default@ProcessRouterMap...  
[2025-11-21T18:38:43.763] [DEBUG] debug-file - Executing task :entry:default@ProcessShareConfig
[2025-11-21T18:38:43.772] [DEBUG] debug-file - Incremental task entry:default@ProcessShareConfig pre-execution cost: 8 ms .
[2025-11-21T18:38:43.772] [DEBUG] debug-file - entry : default@ProcessShareConfig cost memory 0.1683502197265625
[2025-11-21T18:38:43.774] [INFO] debug-file - UP-TO-DATE :entry:default@ProcessShareConfig...  
[2025-11-21T18:38:43.776] [DEBUG] debug-file - Executing task :entry:default@ProcessStartupConfig
[2025-11-21T18:38:43.776] [DEBUG] debug-file - Task 'entry:default@ProcessStartupConfig' cost while wrapping incremental declarations: 1 ms 
[2025-11-21T18:38:43.778] [DEBUG] debug-file - entry:default@ProcessStartupConfig is not up-to-date, since the output file 'C:\Users\34857\DevEcoStudioProjects\GreenGroth\entry\build\default\intermediates\startup\default\startup_config.json' does not exist.
[2025-11-21T18:38:43.778] [DEBUG] debug-file - Incremental task entry:default@ProcessStartupConfig pre-execution cost: 2 ms .
[2025-11-21T18:38:43.780] [DEBUG] debug-file - entry : default@ProcessStartupConfig cost memory 0.17519378662109375
[2025-11-21T18:38:43.780] [DEBUG] debug-file - runTaskFromQueue task cost before running: 546 ms 
[2025-11-21T18:38:43.781] [INFO] debug-file - Finished :entry:default@ProcessStartupConfig... after 5 ms 
[2025-11-21T18:38:43.783] [DEBUG] debug-file - Executing task :entry:default@BuildNativeWithNinja
[2025-11-21T18:38:43.783] [DEBUG] debug-file - entry : default@BuildNativeWithNinja cost memory 0.02431488037109375
[2025-11-21T18:38:43.784] [DEBUG] debug-file - runTaskFromQueue task cost before running: 549 ms 
[2025-11-21T18:38:43.784] [INFO] debug-file - Finished :entry:default@BuildNativeWithNinja... after 1 ms 
[2025-11-21T18:38:43.787] [DEBUG] debug-file - restool module names: entry; moduleName=entry, taskName=default@ProcessResource
[2025-11-21T18:38:43.791] [DEBUG] debug-file - Executing task :entry:default@ProcessResource
[2025-11-21T18:38:43.791] [DEBUG] debug-file - Task 'entry:default@ProcessResource' cost while wrapping incremental declarations: 1 ms 
[2025-11-21T18:38:43.793] [DEBUG] debug-file - Incremental task entry:default@ProcessResource pre-execution cost: 2 ms .
[2025-11-21T18:38:43.793] [DEBUG] debug-file - entry : default@ProcessResource cost memory 0.145843505859375
[2025-11-21T18:38:43.796] [INFO] debug-file - UP-TO-DATE :entry:default@ProcessResource...  
[2025-11-21T18:38:43.799] [DEBUG] debug-file - Executing task :entry:default@GenerateLoaderJson
[2025-11-21T18:38:43.801] [DEBUG] debug-file - Task 'entry:default@GenerateLoaderJson' cost while wrapping incremental declarations: 1 ms 
[2025-11-21T18:38:43.825] [DEBUG] debug-file - Incremental task entry:default@GenerateLoaderJson pre-execution cost: 10 ms .
[2025-11-21T18:38:43.825] [DEBUG] debug-file - entry : default@GenerateLoaderJson cost memory 0.678131103515625
[2025-11-21T18:38:43.831] [INFO] debug-file - UP-TO-DATE :entry:default@GenerateLoaderJson...  
[2025-11-21T18:38:43.832] [DEBUG] debug-file - Executing task :entry:default@ProcessLibs
[2025-11-21T18:38:43.839] [DEBUG] debug-file - Incremental task entry:default@ProcessLibs pre-execution cost: 4 ms .
[2025-11-21T18:38:43.839] [DEBUG] debug-file - entry : default@ProcessLibs cost memory 0.2874298095703125
[2025-11-21T18:38:43.840] [INFO] debug-file - UP-TO-DATE :entry:default@ProcessLibs...  
[2025-11-21T18:38:43.842] [DEBUG] debug-file - restool module names: entry; moduleName=entry, taskName=default@CompileResource
[2025-11-21T18:38:43.844] [DEBUG] debug-file - Executing task :entry:default@CompileResource
[2025-11-21T18:38:43.854] [DEBUG] debug-file - entry:default@CompileResource is not up-to-date, since the input file 'C:\Users\34857\DevEcoStudioProjects\GreenGroth\entry\src\main\resources' has been changed.
[2025-11-21T18:38:43.854] [DEBUG] debug-file - Incremental task entry:default@CompileResource pre-execution cost: 9 ms .
[2025-11-21T18:38:43.977] [DEBUG] debug-file - Use tool [C:\Program Files\Huawei\DevEco Studio\sdk\default\openharmony\toolchains\restool.exe]
 [
  'C:\\Program Files\\Huawei\\DevEco Studio\\sdk\\default\\openharmony\\toolchains\\restool.exe',
  '-l',
  'C:\\Users\\34857\\DevEcoStudioProjects\\GreenGroth\\entry\\build\\default\\intermediates\\res\\default\\resConfig.json'
]
[2025-11-21T18:38:43.979] [DEBUG] debug-file - current process  memoryUsage: {
  rss: 535621632,
  heapTotal: 175906816,
  heapUsed: 144185664,
  external: 4015793,
  arrayBuffers: 958986
} os memoryUsage :10.309295654296875
[2025-11-21T18:38:44.160] [DEBUG] debug-file - Info: Pack: normal pack mode

[2025-11-21T18:38:44.242] [DEBUG] debug-file - Info: hardware concurrency count is : 12
Info: thread count is : 12

[2025-11-21T18:38:44.242] [DEBUG] debug-file - Info: thread pool is started

[2025-11-21T18:38:44.246] [DEBUG] debug-file - Info: GenericCompiler::CompileFiles

[2025-11-21T18:38:44.255] [DEBUG] debug-file - Info: GenericCompiler::CompileFiles

[2025-11-21T18:38:44.255] [DEBUG] debug-file - Warning: 'C:\Users\34857\DevEcoStudioProjects\GreenGroth\entry\src\main\resources\base\media\background.png' is defined repeatedly.
Warning: 'C:\Users\34857\DevEcoStudioProjects\GreenGroth\entry\src\main\resources\base\media\layered_image.json' is defined repeatedly.
Warning: 'C:\Users\34857\DevEcoStudioProjects\GreenGroth\entry\src\main\resources\base\media\foreground.png' is defined repeatedly.

[2025-11-21T18:38:44.257] [DEBUG] debug-file - Info: GenericCompiler::CompileFiles

[2025-11-21T18:38:44.268] [DEBUG] debug-file - Warning: 'page_show' conflict, first declared.
at C:\Users\34857\DevEcoStudioProjects\GreenGroth\oh_modules\.ohpm\@ohos+axios@2.2.6\oh_modules\@ohos\axios\src\main\resources\base\element\string.json
but declared again.
at C:\Users\34857\DevEcoStudioProjects\GreenGroth\entry\build\default\intermediates\res\default\resource_str\base\element\string.json
Warning: 'page_show' conflict, first declared.
at C:\Users\34857\DevEcoStudioProjects\GreenGroth\oh_modules\.ohpm\@ohos+axios@2.2.6\oh_modules\@ohos\axios\src\main\resources\en_US\element\string.json
but declared again.
at C:\Users\34857\DevEcoStudioProjects\GreenGroth\entry\build\default\intermediates\res\default\resource_str\en_US\element\string.json
Warning: 'page_show' conflict, first declared.
at C:\Users\34857\DevEcoStudioProjects\GreenGroth\oh_modules\.ohpm\@ohos+axios@2.2.6\oh_modules\@ohos\axios\src\main\resources\zh_CN\element\string.json
but declared again.
at C:\Users\34857\DevEcoStudioProjects\GreenGroth\entry\build\default\intermediates\res\default\resource_str\zh_CN\element\string.json

[2025-11-21T18:38:44.275] [DEBUG] debug-file - 11-21 18:38:44.275 22732 25528 E C01400/ImageTranscoderUtils: DecodeToRGBA IN
11-21 18:38:44.275 22732 25528 E C01400/ImageTranscoderUtils: ImageFilter IN C:\Users\34857\DevEcoStudioProjects\GreenGroth\AppScope\resources\base\media\background.png

[2025-11-21T18:38:44.326] [DEBUG] debug-file - 11-21 18:38:44.326 22732 25528 E C01400/ImageTranscoderUtils: DecodeToRGBA IN
11-21 18:38:44.326 22732 25528 E C01400/ImageTranscoderUtils: ImageFilter IN C:\Users\34857\DevEcoStudioProjects\GreenGroth\AppScope\resources\base\media\foreground.png

[2025-11-21T18:38:44.361] [DEBUG] debug-file - Info: can't scale media json file.

[2025-11-21T18:38:44.362] [DEBUG] debug-file - Warning: The width or height of the png file referenced by the icon exceeds the limit (41 pixels)
at C:\Users\34857\DevEcoStudioProjects\GreenGroth\AppScope\resources\base\media\background.png

[2025-11-21T18:38:44.362] [DEBUG] debug-file - Warning: The width or height of the png file referenced by the icon exceeds the limit (41 pixels)
at C:\Users\34857\DevEcoStudioProjects\GreenGroth\AppScope\resources\base\media\foreground.png

[2025-11-21T18:38:44.362] [DEBUG] debug-file - Warning: C:\Users\34857\DevEcoStudioProjects\GreenGroth\AppScope\resources\base\media\layered_image.json is not png format

[2025-11-21T18:38:44.363] [DEBUG] debug-file - Info: restool resources compile success.

[2025-11-21T18:38:44.364] [DEBUG] debug-file - Info: thread pool is stopped

[2025-11-21T18:38:44.425] [DEBUG] debug-file - entry : default@CompileResource cost memory 1.4394149780273438
[2025-11-21T18:38:44.426] [DEBUG] debug-file - runTaskFromQueue task cost before running: 1 s 191 ms 
[2025-11-21T18:38:44.427] [INFO] debug-file - Finished :entry:default@CompileResource... after 583 ms 
[2025-11-21T18:38:44.429] [DEBUG] debug-file - Executing task :entry:default@DoNativeStrip
[2025-11-21T18:38:44.429] [DEBUG] debug-file - Task 'entry:default@DoNativeStrip' cost while wrapping incremental declarations: 1 ms 
[2025-11-21T18:38:44.431] [DEBUG] debug-file - Incremental task entry:default@DoNativeStrip pre-execution cost: 2 ms .
[2025-11-21T18:38:44.431] [DEBUG] debug-file - entry : default@DoNativeStrip cost memory 0.086761474609375
[2025-11-21T18:38:44.431] [INFO] debug-file - UP-TO-DATE :entry:default@DoNativeStrip...  
[2025-11-21T18:38:44.433] [DEBUG] debug-file - Executing task :entry:default@CompileArkTS
[2025-11-21T18:38:44.433] [DEBUG] debug-file - obfuscationOptions: undefined
[2025-11-21T18:38:44.477] [DEBUG] debug-file - entry:default@CompileArkTS is not up-to-date, since the input file 'C:\Users\34857\DevEcoStudioProjects\GreenGroth\entry\build\default\intermediates\res\default\ResourceTable.txt' has been changed.
[2025-11-21T18:38:44.477] [DEBUG] debug-file - Incremental task entry:default@CompileArkTS pre-execution cost: 33 ms .
[2025-11-21T18:38:44.501] [DEBUG] debug-file - build config:
[2025-11-21T18:38:44.502] [DEBUG] debug-file - {
  moduleType: 'entry',
  perf: 0,
  targetName: '.default',
  packageManagerType: 'ohpm',
  localPropertiesPath: 'C:\\Users\\34857\\DevEcoStudioProjects\\GreenGroth\\local.properties',
  isPreview: false,
  isOhosTest: false,
  isLocalTest: false,
  buildMode: 'Debug',
  hotReloadBuild: undefined,
  watchMode: 'false',
  aceProfilePath: 'C:\\Users\\34857\\DevEcoStudioProjects\\GreenGroth\\entry\\build\\default\\intermediates\\res\\default\\resources\\base\\profile',
  etsLoaderPath: 'C:\\Program Files\\Huawei\\DevEco Studio\\sdk\\default\\openharmony\\ets\\build-tools\\ets-loader',
  modulePath: 'C:\\Users\\34857\\DevEcoStudioProjects\\GreenGroth\\entry',
  testFrameworkPar: {
    testMode: undefined,
    coveragePathFilter: undefined,
    coverageMode: undefined
  },
  needCoverageInsert: false,
  debugLine: false,
  projectTopDir: 'C:\\Users\\34857\\DevEcoStudioProjects\\GreenGroth',
  compileSdkVersion: 20,
  compatibleSdkVersion: 12,
  compatibleSdkVersionStage: 'beta1',
  bundleName: 'c***h',
  etsLoaderVersion: '6.0.0.47',
  etsLoaderReleaseType: 'Release',
  aotCompileMode: 'type',
  apPath: 'C:\\Users\\34857\\DevEcoStudioProjects\\GreenGroth\\entry\\modules.ap',
  entryModuleName: 'entry',
  entryModuleVersion: '1.0.0',
  entryPackageName: 'entry',
  allModuleNameHash: 'ac322dda3fe62b69ea7761d20fdc32fe',
  externalApiPaths: [
    'C:\\Program Files\\Huawei\\DevEco Studio\\sdk\\default\\hms\\ets'
  ],
  compilerTypes: [],
  isCrossplatform: false,
  hvigorPluginFile: undefined,
  compilePluginPath: undefined,
  buildGeneratedProfilePath: 'C:\\Users\\34857\\DevEcoStudioProjects\\GreenGroth\\entry\\build\\default\\generated\\profile\\default',
  bundleType: 'app',
  arkTSVersion: undefined,
  apiVersion: 20,
  needCompleteSourcesMap: false,
  isFaMode: false,
  strictMode: {
    caseSensitiveCheck: true,
    useNormalizedOHMUrl: true,
    noExternalImportByPath: true
  },
  buildDir: 'C:\\Users\\34857\\DevEcoStudioProjects\\GreenGroth\\entry\\build',
  deviceTypes: [ 'phone', 'tablet', 'tv', 'wearable', 'car' ],
  useNormalizedOHMUrl: true,
  pkgContextInfo: {
    '@ohos/axios': {
      packageName: '@ohos/axios',
      bundleName: '*****',
      moduleName: '',
      version: '2.2.6',
      entryPath: 'index.js',
      isSO: false,
      dependencyAlias: ''
    },
    '@ohos/hypium': {
      packageName: '@ohos/hypium',
      bundleName: '*****',
      moduleName: '',
      version: '1.0.24',
      entryPath: 'index.js',
      isSO: false,
      dependencyAlias: ''
    },
    '@ohos/hamock': {
      packageName: '@ohos/hamock',
      bundleName: '*****',
      moduleName: '',
      version: '1.0.0',
      entryPath: 'index.ets',
      isSO: false,
      dependencyAlias: ''
    },
    entry: {
      packageName: 'entry',
      bundleName: '*****',
      moduleName: '',
      version: '',
      entryPath: 'src/main/',
      isSO: false,
      dependencyAlias: ''
    }
  },
  ohPackagePathMap: {},
  dependencyAliasMap: {},
  permission: {
    requestPermissions: [ [Object], [Object] ],
    definePermissions: undefined
  },
  integratedHsp: false,
  projectArkOption: undefined,
  sourceMapDir: undefined,
  branchElimination: false,
  transformLib: undefined,
  caseSensitiveCheck: true,
  tsImportSendable: false,
  resolveConflictMode: true,
  depName2RootPath: {},
  depName2DepInfo: {},
  rootPathSet: [ 'C:\\Users\\34857\\DevEcoStudioProjects\\GreenGroth' ],
  useNativeResolver: true,
  shouldEmitJs: true,
  useTscResolve: false,
  singleFileEmit: false,
  userProjectConfig: {
    autoLazyImport: false,
    allowEmptyBundleName: false,
    reExportCheckMode: 'noCheck',
    executionMode: 'memory',
    usePathPlaceholder: false,
    writeRollupCache: true,
    isExpandImportEnabled: false,
    expandImportExclude: '',
    ignoreCrossplatformCheck: false,
    isPreloadSoEnabled: false
  },
  skipOhModulesLint: false,
  executionMode: 'memory',
  autoLazyImport: false,
  allowEmptyBundleName: false,
  reExportCheckMode: 'noCheck',
  usePathPlaceholder: false,
  writeRollupCache: true,
  isExpandImportEnabled: false,
  expandImportExclude: '',
  ignoreCrossplatformCheck: false,
  isPreloadSoEnabled: false,
  arkCompileCachePath: 'C:\\Users\\34857\\DevEcoStudioProjects\\GreenGroth\\entry\\build\\default\\cache\\default\\default@CompileArkTS\\esmodule',
  aceModuleJsonPath: 'C:\\Users\\34857\\DevEcoStudioProjects\\GreenGroth\\entry\\build\\default\\intermediates\\res\\default\\ark_module.json',
  appResource: 'C:\\Users\\34857\\DevEcoStudioProjects\\GreenGroth\\entry\\build\\default\\intermediates\\res\\default\\ResourceTable.txt',
  rawFileResource: 'C:\\Users\\34857\\DevEcoStudioProjects\\GreenGroth\\entry\\build\\default\\intermediates\\res\\default\\resources\\rawfile',
  resourceTableHash: '2eb32ec2dde5d60271a0f22321271b93',
  runtimeOS: 'HarmonyOS',
  sdkInfo: 'false:20:6.0.0.47:Release',
  aceModuleRoot: 'C:\\Users\\34857\\DevEcoStudioProjects\\GreenGroth\\entry\\src\\main\\ets',
  compileMode: 'esmodule',
  aceSuperVisualPath: 'C:\\Users\\34857\\DevEcoStudioProjects\\GreenGroth\\entry\\src\\main\\supervisual',
  aceBuildJson: 'C:\\Users\\34857\\DevEcoStudioProjects\\GreenGroth\\entry\\build\\default\\intermediates\\loader\\default\\loader.json',
  cachePath: 'C:\\Users\\34857\\DevEcoStudioProjects\\GreenGroth\\entry\\build\\default\\cache\\default\\default@CompileArkTS\\esmodule\\debug',
  aceModuleBuild: 'C:\\Users\\34857\\DevEcoStudioProjects\\GreenGroth\\entry\\build\\default\\intermediates\\loader_out\\default\\ets',
  supportChunks: true,
  declaredFilesPath: undefined,
  shouldCollectDirectImportees: false,
  isByteCodeHarOptimize: false,
  expandImportPath: undefined,
  pkgNameToPkgBriefInfo: {
    '@ohos/axios': {
      pkgRoot: 'C:\\Users\\34857\\DevEcoStudioProjects\\GreenGroth\\oh_modules\\.ohpm\\@ohos+axios@2.2.6\\oh_modules\\@ohos\\axios',
      pkgName: '@ohos/axios',
      sourceRoots: [Array]
    },
    entry: {
      pkgRoot: 'C:\\Users\\34857\\DevEcoStudioProjects\\GreenGroth\\entry',
      originalSourceRoots: undefined,
      sourceRoots: [Array],
      pkgName: 'entry'
    }
  },
  projectModel: {
    'C:\\Users\\34857\\DevEcoStudioProjects\\GreenGroth\\entry\\src\\main': {
      moduleName: 'entry',
      modulePkgPath: 'C:\\Users\\34857\\DevEcoStudioProjects\\GreenGroth\\entry',
      belongProjectPath: 'C:\\Users\\34857\\DevEcoStudioProjects\\GreenGroth'
    },
    'C:\\Users\\34857\\DevEcoStudioProjects\\GreenGroth\\entry\\build\\default\\intermediates\\src\\ohosTest\\ets': {
      moduleName: 'entry_test',
      modulePkgPath: 'C:\\Users\\34857\\DevEcoStudioProjects\\GreenGroth\\entry',
      belongProjectPath: 'C:\\Users\\34857\\DevEcoStudioProjects\\GreenGroth'
    },
    'C:\\Users\\34857\\DevEcoStudioProjects\\GreenGroth\\entry\\src\\ohosTest': {
      moduleName: 'entry_test',
      modulePkgPath: 'C:\\Users\\34857\\DevEcoStudioProjects\\GreenGroth\\entry',
      belongProjectPath: 'C:\\Users\\34857\\DevEcoStudioProjects\\GreenGroth'
    },
    'C:\\Users\\34857\\DevEcoStudioProjects\\GreenGroth\\entry': {
      moduleName: 'entry',
      modulePkgPath: 'C:\\Users\\34857\\DevEcoStudioProjects\\GreenGroth\\entry',
      belongProjectPath: 'C:\\Users\\34857\\DevEcoStudioProjects\\GreenGroth'
    },
    'C:\\Users\\34857\\DevEcoStudioProjects\\GreenGroth': {
      moduleName: 'GreenGroth',
      modulePkgPath: 'C:\\Users\\34857\\DevEcoStudioProjects\\GreenGroth',
      belongProjectPath: 'C:\\Users\\34857\\DevEcoStudioProjects\\GreenGroth'
    }
  },
  pkgJsonFileHash: '544be47d257731be7f8e0bd07118193f',
  allModulePaths: [ 'C:\\Users\\34857\\DevEcoStudioProjects\\GreenGroth\\entry' ],
  routerMap: {},
  obfuscationOptions: undefined,
  byteCodeHarToDependencyKeys: undefined,
  compileBlockPkg: [],
  mockParams: {
    decorator: '@MockSetup',
    packageName: '@ohos/hamock',
    etsSourceRootPath: 'src/main/ets',
    mockConfigPath: 'C:\\Users\\34857\\DevEcoStudioProjects\\GreenGroth\\entry\\src\\mock\\mock-config.json5',
    mockConfigKey2ModuleInfo: {},
    source2ModuleIdMap: {}
  },
  copyCodeResourceEnable: false,
  copyCodeResourceExcludes: [],
  copyCodeResourceIncludes: undefined,
  uiTransformOptimization: false,
  sdkPath: 'C:/Program Files/Huawei/DevEco Studio/sdk',
  needPreloadSoFileSet: {},
  preloadSoFilePath: 'C:\\Users\\34857\\DevEcoStudioProjects\\GreenGroth\\entry\\build\\default\\intermediates\\preload\\default\\preload.json',
  useSourceHash: false,
  localModuleParamMap: {},
  otherPaths: {
    '@ohos/axios/*': [
      '..\\..\\..\\..\\oh_modules\\.ohpm\\@ohos+axios@2.2.6\\oh_modules\\@ohos\\axios\\src\\main\\*'
    ],
    'entry/*': [
      '..\\*',
      '..\\..\\..\\build\\default\\generated\\profile\\default\\*'
    ]
  },
  collectImportersConfig: undefined
}
[2025-11-21T18:38:44.502] [DEBUG] debug-file - Compile arkts with external api path: C:\Program Files\Huawei\DevEco Studio\sdk\default\hms\ets
[2025-11-21T18:38:44.504] [DEBUG] debug-file - default@CompileArkTS work[1] is submitted.
[2025-11-21T18:38:44.504] [DEBUG] debug-file - default@CompileArkTS work[1] is pushed to ready queue.
[2025-11-21T18:38:44.505] [DEBUG] debug-file - A work dispatched to worker[11] failed because unable to get work from ready queue.
[2025-11-21T18:38:44.505] [DEBUG] debug-file - A work dispatched to worker[10] failed because unable to get work from ready queue.
[2025-11-21T18:38:44.505] [DEBUG] debug-file - A work dispatched to worker[9] failed because unable to get work from ready queue.
[2025-11-21T18:38:44.505] [DEBUG] debug-file - A work dispatched to worker[8] failed because unable to get work from ready queue.
[2025-11-21T18:38:44.505] [DEBUG] debug-file - A work dispatched to worker[7] failed because unable to get work from ready queue.
[2025-11-21T18:38:44.505] [DEBUG] debug-file - A work dispatched to worker[6] failed because unable to get work from ready queue.
[2025-11-21T18:38:44.505] [DEBUG] debug-file - A work dispatched to worker[5] failed because unable to get work from ready queue.
[2025-11-21T18:38:44.506] [DEBUG] debug-file - default@CompileArkTS work[1] has been dispatched to worker[4].
[2025-11-21T18:38:44.506] [DEBUG] debug-file - default@CompileArkTS work[1] is dispatched.
[2025-11-21T18:38:44.506] [DEBUG] debug-file - entry : default@CompileArkTS cost memory 2.6320953369140625
[2025-11-21T18:38:44.508] [DEBUG] debug-file - Executing task :entry:default@BuildJS
[2025-11-21T18:38:44.513] [DEBUG] debug-file - entry : default@BuildJS cost memory 0.15128326416015625
[2025-11-21T18:38:44.513] [DEBUG] debug-file - runTaskFromQueue task cost before running: 1 s 279 ms 
[2025-11-21T18:38:44.514] [INFO] debug-file - Finished :entry:default@BuildJS... after 6 ms 
[2025-11-21T18:38:44.515] [DEBUG] debug-file - Executing task :entry:default@CacheNativeLibs
[2025-11-21T18:38:44.516] [DEBUG] debug-file - Task 'entry:default@CacheNativeLibs' cost while wrapping incremental declarations: 1 ms 
[2025-11-21T18:38:44.518] [DEBUG] debug-file - Incremental task entry:default@CacheNativeLibs pre-execution cost: 3 ms .
[2025-11-21T18:38:44.518] [DEBUG] debug-file - entry : default@CacheNativeLibs cost memory 0.102752685546875
[2025-11-21T18:38:44.519] [INFO] debug-file - UP-TO-DATE :entry:default@CacheNativeLibs...  
[2025-11-21T18:38:46.140] [WARN] debug-file - [33mWARN: [33m[33mArkTS:WARN File: C:/Users/34857/DevEcoStudioProjects/GreenGroth/entry/src/main/ets/database/PlantDatabase.ets:12:31
 Function may throw exceptions. Special handling is required.
[39m[39m
[33mWARN: [33m[33mArkTS:WARN File: C:/Users/34857/DevEcoStudioProjects/GreenGroth/entry/src/main/ets/database/PlantDatabase.ets:28:11
 Function may throw exceptions. Special handling is required.
[39m[39m
[33mWARN: [33m[33mArkTS:WARN File: C:/Users/34857/DevEcoStudioProjects/GreenGroth/entry/src/main/ets/database/PlantDatabase.ets:29:11
 Function may throw exceptions. Special handling is required.
[39m[39m
[33mWARN: [33m[33mArkTS:WARN File: C:/Users/34857/DevEcoStudioProjects/GreenGroth/entry/src/main/ets/database/PlantDatabase.ets:37:24
 Function may throw exceptions. Special handling is required.
[39m[39m
[33mWARN: [33m[33mArkTS:WARN File: C:/Users/34857/DevEcoStudioProjects/GreenGroth/entry/src/main/ets/database/PlantDatabase.ets:47:11
 Function may throw exceptions. Special handling is required.
[39m[39m
[33mWARN: [33m[33mArkTS:WARN File: C:/Users/34857/DevEcoStudioProjects/GreenGroth/entry/src/main/ets/database/PlantDatabase.ets:48:11
 Function may throw exceptions. Special handling is required.
[39m[39m
[33mWARN: [33m[33mArkTS:WARN File: C:/Users/34857/DevEcoStudioProjects/GreenGroth/entry/src/main/ets/utils/ImageUtils.ets:39:45
 'packing' has been deprecated.
[39m[39m
[33mWARN: [33m[33mArkTS:WARN File: C:/Users/34857/DevEcoStudioProjects/GreenGroth/entry/src/main/ets/utils/ImgSave.ets:38:45
 'packing' has been deprecated.
[39m[39m
[33mWARN: [33m[33mArkTS:WARN File: C:/Users/34857/DevEcoStudioProjects/GreenGroth/entry/src/main/ets/pages/Index.ets:14:46
 'getContext' has been deprecated.
[39m[39m
[33mWARN: [33m[33mArkTS:WARN File: C:/Users/34857/DevEcoStudioProjects/GreenGroth/entry/src/main/ets/pages/Index.ets:81:20
 'pushUrl' has been deprecated.
[39m[39m
[33mWARN: [33m[33mArkTS:WARN File: C:/Users/34857/DevEcoStudioProjects/GreenGroth/entry/src/main/ets/pages/Index.ets:93:38
 The system capacity of this api 'picker' is not supported on all devices
[39m[39m
[33mWARN: [33m[33mArkTS:WARN File: C:/Users/34857/DevEcoStudioProjects/GreenGroth/entry/src/main/ets/pages/Index.ets:93:45
 'PhotoSelectOptions' has been deprecated.
[39m[39m
[33mWARN: [33m[33mArkTS:WARN File: C:/Users/34857/DevEcoStudioProjects/GreenGroth/entry/src/main/ets/pages/Index.ets:93:45
 The system capacity of this api 'PhotoSelectOptions' is not supported on all devices
[39m[39m
[33mWARN: [33m[33mArkTS:WARN File: C:/Users/34857/DevEcoStudioProjects/GreenGroth/entry/src/main/ets/pages/Index.ets:94:26
 'MIMEType' has been deprecated.
[39m[39m
[33mWARN: [33m[33mArkTS:WARN File: C:/Users/34857/DevEcoStudioProjects/GreenGroth/entry/src/main/ets/pages/Index.ets:94:26
 The system capacity of this api 'MIMEType' is not supported on all devices
[39m[39m
[33mWARN: [33m[33mArkTS:WARN File: C:/Users/34857/DevEcoStudioProjects/GreenGroth/entry/src/main/ets/pages/Index.ets:94:37
 The system capacity of this api 'picker' is not supported on all devices
[39m[39m
[33mWARN: [33m[33mArkTS:WARN File: C:/Users/34857/DevEcoStudioProjects/GreenGroth/entry/src/main/ets/pages/Index.ets:94:44
 'PhotoViewMIMETypes' has been deprecated.
[39m[39m
[33mWARN: [33m[33mArkTS:WARN File: C:/Users/34857/DevEcoStudioProjects/GreenGroth/entry/src/main/ets/pages/Index.ets:94:44
 The system capacity of this api 'PhotoViewMIMETypes' is not supported on all devices
[39m[39m
[33mWARN: [33m[33mArkTS:WARN File: C:/Users/34857/DevEcoStudioProjects/GreenGroth/entry/src/main/ets/pages/Index.ets:94:63
 'IMAGE_TYPE' has been deprecated.
[39m[39m
[33mWARN: [33m[33mArkTS:WARN File: C:/Users/34857/DevEcoStudioProjects/GreenGroth/entry/src/main/ets/pages/Index.ets:94:63
 The system capacity of this api 'IMAGE_TYPE' is not supported on all devices
[39m[39m
[33mWARN: [33m[33mArkTS:WARN File: C:/Users/34857/DevEcoStudioProjects/GreenGroth/entry/src/main/ets/pages/Index.ets:95:26
 'maxSelectNumber' has been deprecated.
[39m[39m
[33mWARN: [33m[33mArkTS:WARN File: C:/Users/34857/DevEcoStudioProjects/GreenGroth/entry/src/main/ets/pages/Index.ets:95:26
 The system capacity of this api 'maxSelectNumber' is not supported on all devices
[39m[39m
[33mWARN: [33m[33mArkTS:WARN File: C:/Users/34857/DevEcoStudioProjects/GreenGroth/entry/src/main/ets/pages/Index.ets:97:35
 The system capacity of this api 'picker' is not supported on all devices
[39m[39m
[33mWARN: [33m[33mArkTS:WARN File: C:/Users/34857/DevEcoStudioProjects/GreenGroth/entry/src/main/ets/pages/Index.ets:97:42
 'PhotoViewPicker' has been deprecated.
[39m[39m
[33mWARN: [33m[33mArkTS:WARN File: C:/Users/34857/DevEcoStudioProjects/GreenGroth/entry/src/main/ets/pages/Index.ets:97:42
 The system capacity of this api 'PhotoViewPicker' is not supported on all devices
[39m[39m
[33mWARN: [33m[33mArkTS:WARN File: C:/Users/34857/DevEcoStudioProjects/GreenGroth/entry/src/main/ets/pages/Index.ets:98:44
 'select' has been deprecated.
[39m[39m
[33mWARN: [33m[33mArkTS:WARN File: C:/Users/34857/DevEcoStudioProjects/GreenGroth/entry/src/main/ets/pages/Index.ets:98:44
 The system capacity of this api 'select' is not supported on all devices
[39m[39m
[33mWARN: [33m[33mArkTS:WARN File: C:/Users/34857/DevEcoStudioProjects/GreenGroth/entry/src/main/ets/pages/Index.ets:100:28
 'photoUris' has been deprecated.
[39m[39m
[33mWARN: [33m[33mArkTS:WARN File: C:/Users/34857/DevEcoStudioProjects/GreenGroth/entry/src/main/ets/pages/Index.ets:100:28
 The system capacity of this api 'photoUris' is not supported on all devices
[39m[39m
[33mWARN: [33m[33mArkTS:WARN File: C:/Users/34857/DevEcoStudioProjects/GreenGroth/entry/src/main/ets/pages/Index.ets:101:37
 'photoUris' has been deprecated.
[39m[39m
[33mWARN: [33m[33mArkTS:WARN File: C:/Users/34857/DevEcoStudioProjects/GreenGroth/entry/src/main/ets/pages/Index.ets:101:37
 The system capacity of this api 'photoUris' is not supported on all devices
[39m[39m
[33mWARN: [33m[33mArkTS:WARN File: C:/Users/34857/DevEcoStudioProjects/GreenGroth/entry/src/main/ets/pages/Index.ets:110:38
 The system capacity of this api 'picker' is not supported on all devices
[39m[39m
[33mWARN: [33m[33mArkTS:WARN File: C:/Users/34857/DevEcoStudioProjects/GreenGroth/entry/src/main/ets/pages/Index.ets:110:45
 'PhotoSelectOptions' has been deprecated.
[39m[39m
[33mWARN: [33m[33mArkTS:WARN File: C:/Users/34857/DevEcoStudioProjects/GreenGroth/entry/src/main/ets/pages/Index.ets:110:45
 The system capacity of this api 'PhotoSelectOptions' is not supported on all devices
[39m[39m
[33mWARN: [33m[33mArkTS:WARN File: C:/Users/34857/DevEcoStudioProjects/GreenGroth/entry/src/main/ets/pages/Index.ets:111:26
 'MIMEType' has been deprecated.
[39m[39m
[33mWARN: [33m[33mArkTS:WARN File: C:/Users/34857/DevEcoStudioProjects/GreenGroth/entry/src/main/ets/pages/Index.ets:111:26
 The system capacity of this api 'MIMEType' is not supported on all devices
[39m[39m
[33mWARN: [33m[33mArkTS:WARN File: C:/Users/34857/DevEcoStudioProjects/GreenGroth/entry/src/main/ets/pages/Index.ets:111:37
 The system capacity of this api 'picker' is not supported on all devices
[39m[39m
[33mWARN: [33m[33mArkTS:WARN File: C:/Users/34857/DevEcoStudioProjects/GreenGroth/entry/src/main/ets/pages/Index.ets:111:44
 'PhotoViewMIMETypes' has been deprecated.
[39m[39m
[33mWARN: [33m[33mArkTS:WARN File: C:/Users/34857/DevEcoStudioProjects/GreenGroth/entry/src/main/ets/pages/Index.ets:111:44
 The system capacity of this api 'PhotoViewMIMETypes' is not supported on all devices
[39m[39m
[33mWARN: [33m[33mArkTS:WARN File: C:/Users/34857/DevEcoStudioProjects/GreenGroth/entry/src/main/ets/pages/Index.ets:111:63
 'IMAGE_TYPE' has been deprecated.
[39m[39m
[33mWARN: [33m[33mArkTS:WARN File: C:/Users/34857/DevEcoStudioProjects/GreenGroth/entry/src/main/ets/pages/Index.ets:111:63
 The system capacity of this api 'IMAGE_TYPE' is not supported on all devices
[39m[39m
[33mWARN: [33m[33mArkTS:WARN File: C:/Users/34857/DevEcoStudioProjects/GreenGroth/entry/src/main/ets/pages/Index.ets:112:26
 'maxSelectNumber' has been deprecated.
[39m[39m
[33mWARN: [33m[33mArkTS:WARN File: C:/Users/34857/DevEcoStudioProjects/GreenGroth/entry/src/main/ets/pages/Index.ets:112:26
 The system capacity of this api 'maxSelectNumber' is not supported on all devices
[39m[39m
[33mWARN: [33m[33mArkTS:WARN File: C:/Users/34857/DevEcoStudioProjects/GreenGroth/entry/src/main/ets/pages/Index.ets:114:35
 The system capacity of this api 'picker' is not supported on all devices
[39m[39m
[33mWARN: [33m[33mArkTS:WARN File: C:/Users/34857/DevEcoStudioProjects/GreenGroth/entry/src/main/ets/pages/Index.ets:114:42
 'PhotoViewPicker' has been deprecated.
[39m[39m
[33mWARN: [33m[33mArkTS:WARN File: C:/Users/34857/DevEcoStudioProjects/GreenGroth/entry/src/main/ets/pages/Index.ets:114:42
 The system capacity of this api 'PhotoViewPicker' is not supported on all devices
[39m[39m
[33mWARN: [33m[33mArkTS:WARN File: C:/Users/34857/DevEcoStudioProjects/GreenGroth/entry/src/main/ets/pages/Index.ets:115:44
 'select' has been deprecated.
[39m[39m
[33mWARN: [33m[33mArkTS:WARN File: C:/Users/34857/DevEcoStudioProjects/GreenGroth/entry/src/main/ets/pages/Index.ets:115:44
 The system capacity of this api 'select' is not supported on all devices
[39m[39m
[33mWARN: [33m[33mArkTS:WARN File: C:/Users/34857/DevEcoStudioProjects/GreenGroth/entry/src/main/ets/pages/Index.ets:117:28
 'photoUris' has been deprecated.
[39m[39m
[33mWARN: [33m[33mArkTS:WARN File: C:/Users/34857/DevEcoStudioProjects/GreenGroth/entry/src/main/ets/pages/Index.ets:117:28
 The system capacity of this api 'photoUris' is not supported on all devices
[39m[39m
[33mWARN: [33m[33mArkTS:WARN File: C:/Users/34857/DevEcoStudioProjects/GreenGroth/entry/src/main/ets/pages/Index.ets:118:37
 'photoUris' has been deprecated.
[39m[39m
[33mWARN: [33m[33mArkTS:WARN File: C:/Users/34857/DevEcoStudioProjects/GreenGroth/entry/src/main/ets/pages/Index.ets:118:37
 The system capacity of this api 'photoUris' is not supported on all devices
[39m[39m
[33mWARN: [33m[33mArkTS:WARN File: C:/Users/34857/DevEcoStudioProjects/GreenGroth/entry/src/main/ets/pages/Index.ets:140:20
 'pushUrl' has been deprecated.
[39m[39m
[33mWARN: [33m[33mArkTS:WARN File: C:/Users/34857/DevEcoStudioProjects/GreenGroth/entry/src/main/ets/pages/Index.ets:150:13
 Function may throw exceptions. Special handling is required.
[39m[39m
[33mWARN: [33m[33mArkTS:WARN File: C:/Users/34857/DevEcoStudioProjects/GreenGroth/entry/src/main/ets/pages/Index.ets:150:20
 'pushUrl' has been deprecated.
[39m[39m
[33mWARN: [33m[33mArkTS:WARN File: C:/Users/34857/DevEcoStudioProjects/GreenGroth/entry/src/main/ets/pages/ResultPage.ets:10:27
 'getParams' has been deprecated.
[39m[39m
[33mWARN: [33m[33mArkTS:WARN File: C:/Users/34857/DevEcoStudioProjects/GreenGroth/entry/src/main/ets/pages/ResultPage.ets:21:33
 'back' has been deprecated.
[39m[39m
[33mWARN: [33m[33mArkTS:WARN File: C:/Users/34857/DevEcoStudioProjects/GreenGroth/entry/src/main/ets/pages/FailedResultPage.ets:10:27
 'getParams' has been deprecated.
[39m[39m
[33mWARN: [33m[33mArkTS:WARN File: C:/Users/34857/DevEcoStudioProjects/GreenGroth/entry/src/main/ets/pages/FailedResultPage.ets:20:33
 'back' has been deprecated.
[39m[39m
[33mWARN: [33m[33mArkTS:WARN File: C:/Users/34857/DevEcoStudioProjects/GreenGroth/entry/src/main/ets/pages/HandbookPage.ets:13:23
 'getContext' has been deprecated.
[39m[39m
[33mWARN: [33m[33mArkTS:WARN File: C:/Users/34857/DevEcoStudioProjects/GreenGroth/entry/src/main/ets/pages/HandbookPage.ets:27:33
 'back' has been deprecated.
[39m[39m
[33mWARN: [33m[33mArkTS:WARN File: C:/Users/34857/DevEcoStudioProjects/GreenGroth/entry/src/main/ets/pages/HandbookPage.ets:95:14
 'pushUrl' has been deprecated.
[39m[39m

[2025-11-21T18:38:46.141] [DEBUG] debug-file - Ark compile task finished.finished time is 34062876840300
[2025-11-21T18:38:46.142] [DEBUG] debug-file - worker[4] has one work done.
[2025-11-21T18:38:46.145] [DEBUG] debug-file - default@CompileArkTS work[1] done.
[2025-11-21T18:38:46.150] [INFO] debug-file - Finished :entry:default@CompileArkTS... after 1 s 708 ms 
[2025-11-21T18:38:46.151] [DEBUG] debug-file - Executing task :entry:default@GeneratePkgModuleJson
[2025-11-21T18:38:46.152] [DEBUG] debug-file - File: 'C:\Users\34857\DevEcoStudioProjects\GreenGroth\entry\build\default\intermediates\preload\default\preload.json' from 'preloadSoJsonPath' is not exists, just ignore.
[2025-11-21T18:38:46.152] [DEBUG] debug-file - Task 'entry:default@GeneratePkgModuleJson' cost while wrapping incremental declarations: 1 ms 
[2025-11-21T18:38:46.153] [DEBUG] debug-file - entry:default@GeneratePkgModuleJson is not up-to-date, since the input file 'C:\Users\34857\DevEcoStudioProjects\GreenGroth\entry\build\default\intermediates\res\default\module.json' has been changed.
[2025-11-21T18:38:46.153] [DEBUG] debug-file - Incremental task entry:default@GeneratePkgModuleJson pre-execution cost: 1 ms .
[2025-11-21T18:38:46.155] [DEBUG] debug-file - entry : default@GeneratePkgModuleJson cost memory 0.110382080078125
[2025-11-21T18:38:46.155] [DEBUG] debug-file - runTaskFromQueue task cost before running: 2 s 920 ms 
[2025-11-21T18:38:46.155] [INFO] debug-file - Finished :entry:default@GeneratePkgModuleJson... after 4 ms 
[2025-11-21T18:38:46.157] [DEBUG] debug-file - Executing task :entry:default@ProcessCompiledResources
[2025-11-21T18:38:46.157] [DEBUG] debug-file - File: 'C:\Users\34857\DevEcoStudioProjects\GreenGroth\entry\build\default\intermediates\preload\default\preload.json' from 'preloadSoJsonPath' is not exists, just ignore.
[2025-11-21T18:38:46.157] [DEBUG] debug-file - Task 'entry:default@ProcessCompiledResources' cost while wrapping incremental declarations: 1 ms 
[2025-11-21T18:38:46.157] [DEBUG] debug-file - entry : default@ProcessCompiledResources cost memory 0.065704345703125
[2025-11-21T18:38:46.158] [DEBUG] debug-file - runTaskFromQueue task cost before running: 2 s 923 ms 
[2025-11-21T18:38:46.158] [INFO] debug-file - Finished :entry:default@ProcessCompiledResources... after 1 ms 
[2025-11-21T18:38:46.160] [DEBUG] debug-file - Executing task :entry:default@PackageHap
[2025-11-21T18:38:46.167] [DEBUG] debug-file - entry:default@PackageHap is not up-to-date, since the input file 'C:\Users\34857\DevEcoStudioProjects\GreenGroth\entry\build\default\intermediates\res\default\module.json' has been changed.
[2025-11-21T18:38:46.168] [DEBUG] debug-file - Incremental task entry:default@PackageHap pre-execution cost: 6 ms .
[2025-11-21T18:38:46.169] [DEBUG] debug-file - Use tool [C:\Program Files\Huawei\DevEco Studio\sdk\default\openharmony\toolchains\lib\app_packing_tool.jar]
 [
  'java',
  '-Dfile.encoding=GBK',
  '-jar',
  'C:\\Program Files\\Huawei\\DevEco Studio\\sdk\\default\\openharmony\\toolchains\\lib\\app_packing_tool.jar',
  '--mode',
  'hap',
  '--force',
  'true',
  '--lib-path',
  'C:\\Users\\34857\\DevEcoStudioProjects\\GreenGroth\\entry\\build\\default\\intermediates\\stripped_native_libs\\default',
  '--json-path',
  'C:\\Users\\34857\\DevEcoStudioProjects\\GreenGroth\\entry\\build\\default\\intermediates\\package\\default\\module.json',
  '--resources-path',
  'C:\\Users\\34857\\DevEcoStudioProjects\\GreenGroth\\entry\\build\\default\\intermediates\\res\\default\\resources',
  '--index-path',
  'C:\\Users\\34857\\DevEcoStudioProjects\\GreenGroth\\entry\\build\\default\\intermediates\\res\\default\\resources.index',
  '--pack-info-path',
  'C:\\Users\\34857\\DevEcoStudioProjects\\GreenGroth\\entry\\build\\default\\outputs\\default\\pack.info',
  '--out-path',
  'C:\\Users\\34857\\DevEcoStudioProjects\\GreenGroth\\entry\\build\\default\\outputs\\default\\entry-default-unsigned.hap',
  '--ets-path',
  'C:\\Users\\34857\\DevEcoStudioProjects\\GreenGroth\\entry\\build\\default\\intermediates\\loader_out\\default\\ets',
  '--pkg-context-path',
  'C:\\Users\\34857\\DevEcoStudioProjects\\GreenGroth\\entry\\build\\default\\intermediates\\loader\\default\\pkgContextInfo.json'
]
[2025-11-21T18:38:46.239] [DEBUG] debug-file - java daemon socket received message:{"code":0,"message":"pack success"}
[2025-11-21T18:38:46.244] [DEBUG] debug-file - entry : default@PackageHap cost memory -8.483688354492188
[2025-11-21T18:38:46.244] [DEBUG] debug-file - runTaskFromQueue task cost before running: 3 s 9 ms 
[2025-11-21T18:38:46.246] [INFO] debug-file - Finished :entry:default@PackageHap... after 84 ms 
[2025-11-21T18:38:46.247] [DEBUG] debug-file - Executing task :entry:default@PackingCheck
[2025-11-21T18:38:46.255] [DEBUG] debug-file - entry : default@PackingCheck cost memory 0.3475189208984375
[2025-11-21T18:38:46.255] [DEBUG] debug-file - runTaskFromQueue task cost before running: 3 s 20 ms 
[2025-11-21T18:38:46.255] [INFO] debug-file - Finished :entry:default@PackingCheck... after 8 ms 
[2025-11-21T18:38:46.258] [DEBUG] debug-file - Executing task :entry:default@SignHap
[2025-11-21T18:38:46.261] [DEBUG] debug-file - entry:default@SignHap is not up-to-date, since the input file 'C:\Users\34857\DevEcoStudioProjects\GreenGroth\entry\build\default\outputs\default\entry-default-unsigned.hap' has been changed.
[2025-11-21T18:38:46.261] [DEBUG] debug-file - Incremental task entry:default@SignHap pre-execution cost: 3 ms .
[2025-11-21T18:38:46.294] [DEBUG] debug-file - java daemon socket close code:1000 reason:close by user
[2025-11-21T18:38:46.351] [DEBUG] debug-file - java daemon socket received message:{"code":0,"message":"verify profile success"}
[2025-11-21T18:38:46.357] [DEBUG] debug-file - java daemon socket close code:1000 reason:close by user
[2025-11-21T18:38:46.503] [DEBUG] debug-file - java daemon socket received message:{"code":0,"message":"sign app success"}
[2025-11-21T18:38:46.504] [DEBUG] debug-file - entry : default@SignHap cost memory 0.8623504638671875
[2025-11-21T18:38:46.504] [DEBUG] debug-file - runTaskFromQueue task cost before running: 3 s 269 ms 
[2025-11-21T18:38:46.505] [INFO] debug-file - Finished :entry:default@SignHap... after 247 ms 
[2025-11-21T18:38:46.508] [DEBUG] debug-file - Executing task :entry:default@CollectDebugSymbol
[2025-11-21T18:38:46.511] [DEBUG] debug-file - entry : default@CollectDebugSymbol cost memory 0.10034942626953125
[2025-11-21T18:38:46.511] [DEBUG] debug-file - runTaskFromQueue task cost before running: 3 s 276 ms 
[2025-11-21T18:38:46.511] [INFO] debug-file - Finished :entry:default@CollectDebugSymbol... after 3 ms 
[2025-11-21T18:38:46.511] [DEBUG] debug-file - Executing task :entry:assembleHap
[2025-11-21T18:38:46.512] [DEBUG] debug-file - entry : assembleHap cost memory 0.01428985595703125
[2025-11-21T18:38:46.512] [DEBUG] debug-file - runTaskFromQueue task cost before running: 3 s 277 ms 
[2025-11-21T18:38:46.512] [INFO] debug-file - Finished :entry:assembleHap... after 1 ms 
[2025-11-21T18:38:46.522] [INFO] debug-file - BUILD SUCCESSFUL in 3 s 287 ms 
[2025-11-21T18:38:46.525] [DEBUG] debug-file - Update task entry:default@PreBuild input file:C:\Users\34857\DevEcoStudioProjects\GreenGroth\AppScope\app.json5 cache by regenerate.
[2025-11-21T18:38:46.525] [DEBUG] debug-file - Update task entry:default@PreBuild input file:C:\Users\34857\DevEcoStudioProjects\GreenGroth\entry\src\main\module.json5 cache by regenerate.
[2025-11-21T18:38:46.526] [DEBUG] debug-file - Update task entry:default@PreBuild input file:C:\Users\34857\DevEcoStudioProjects\GreenGroth\build-profile.json5 cache by regenerate.
[2025-11-21T18:38:46.526] [DEBUG] debug-file - Update task entry:default@PreBuild input file:C:\Users\34857\DevEcoStudioProjects\GreenGroth\entry\build-profile.json5 cache by regenerate.
[2025-11-21T18:38:46.527] [DEBUG] debug-file - Update task entry:default@PreBuild input file:C:\Users\34857\DevEcoStudioProjects\GreenGroth\entry\src\main\resources\base\profile\main_pages.json cache from map.
[2025-11-21T18:38:46.527] [DEBUG] debug-file - Update task entry:default@PreBuild input file:C:\Users\34857\DevEcoStudioProjects\GreenGroth\hvigor\hvigor-config.json5 cache by regenerate.
[2025-11-21T18:38:46.527] [DEBUG] debug-file - Update task entry:default@PreBuild input file:C:\Users\34857\DevEcoStudioProjects\GreenGroth\entry\src\mock\mock-config.json5 cache by regenerate.
[2025-11-21T18:38:46.527] [DEBUG] debug-file - Update task entry:default@PreBuild input file:C:\Users\34857\DevEcoStudioProjects\GreenGroth\entry\oh-package.json5 cache by regenerate.
[2025-11-21T18:38:46.528] [DEBUG] debug-file - Update task entry:default@PreBuild input file:C:\Users\34857\DevEcoStudioProjects\GreenGroth\oh-package.json5 cache by regenerate.
[2025-11-21T18:38:46.528] [DEBUG] debug-file - Incremental task entry:default@PreBuild post-execution cost:6 ms .
[2025-11-21T18:38:46.528] [DEBUG] debug-file - Update task entry:default@CreateModuleInfo output file:C:\Users\34857\DevEcoStudioProjects\GreenGroth\entry\build\default\generated\profile\default\ModuleInfo.ts cache.
[2025-11-21T18:38:46.529] [DEBUG] debug-file - Incremental task entry:default@CreateModuleInfo post-execution cost:1 ms .
[2025-11-21T18:38:46.529] [DEBUG] debug-file - There is no need to refresh cache, since the incremental task entry:default@GenerateMetadata is up-to-date.
[2025-11-21T18:38:46.529] [DEBUG] debug-file - There is no need to refresh cache, since the incremental task entry:default@MergeProfile is up-to-date.
[2025-11-21T18:38:46.529] [DEBUG] debug-file - There is no need to refresh cache, since the incremental task entry:default@CreateBuildProfile is up-to-date.
[2025-11-21T18:38:46.529] [DEBUG] debug-file - There is no need to refresh cache, since the incremental task entry:default@GeneratePkgContextInfo is up-to-date.
[2025-11-21T18:38:46.529] [DEBUG] debug-file - Update task entry:default@ProcessIntegratedHsp output file:C:\Users\34857\DevEcoStudioProjects\GreenGroth\build\cache\default\integrated_hsp\integratedHspCache.json cache.
[2025-11-21T18:38:46.529] [DEBUG] debug-file - Incremental task entry:default@ProcessIntegratedHsp post-execution cost:1 ms .
[2025-11-21T18:38:46.529] [DEBUG] debug-file - There is no need to refresh cache, since the incremental task entry:default@MakePackInfo is up-to-date.
[2025-11-21T18:38:46.530] [DEBUG] debug-file - Update task entry:default@SyscapTransform input file:C:\Program Files\Huawei\DevEco Studio\sdk\default\openharmony\toolchains\syscap_tool.exe cache by regenerate.
[2025-11-21T18:38:46.530] [DEBUG] debug-file - Update task entry:default@SyscapTransform input file:C:\Program Files\Huawei\DevEco Studio\sdk\default\openharmony\ets\api\device-define cache by regenerate.
[2025-11-21T18:38:46.532] [DEBUG] debug-file - Update task entry:default@SyscapTransform output file:C:\Users\34857\DevEcoStudioProjects\GreenGroth\entry\build\default\intermediates\syscap\default\rpcid.sc cache.
[2025-11-21T18:38:46.533] [DEBUG] debug-file - Incremental task entry:default@SyscapTransform post-execution cost:4 ms .
[2025-11-21T18:38:46.533] [DEBUG] debug-file - There is no need to refresh cache, since the incremental task entry:default@ProcessProfile is up-to-date.
[2025-11-21T18:38:46.533] [DEBUG] debug-file - There is no need to refresh cache, since the incremental task entry:default@ProcessRouterMap is up-to-date.
[2025-11-21T18:38:46.533] [DEBUG] debug-file - There is no need to refresh cache, since the incremental task entry:default@ProcessShareConfig is up-to-date.
[2025-11-21T18:38:46.533] [DEBUG] debug-file - Update task entry:default@ProcessStartupConfig input file:C:\Users\34857\DevEcoStudioProjects\GreenGroth\entry\build\default\intermediates\loader\default\pkgContextInfo.json cache by regenerate.
[2025-11-21T18:38:46.534] [DEBUG] debug-file - Update task entry:default@ProcessStartupConfig output file:C:\Users\34857\DevEcoStudioProjects\GreenGroth\entry\build\default\intermediates\startup\default\startup_config.json cache.
[2025-11-21T18:38:46.534] [DEBUG] debug-file - Incremental task entry:default@ProcessStartupConfig post-execution cost:1 ms .
[2025-11-21T18:38:46.534] [DEBUG] debug-file - There is no need to refresh cache, since the incremental task entry:default@ProcessResource is up-to-date.
[2025-11-21T18:38:46.534] [DEBUG] debug-file - There is no need to refresh cache, since the incremental task entry:default@GenerateLoaderJson is up-to-date.
[2025-11-21T18:38:46.534] [DEBUG] debug-file - There is no need to refresh cache, since the incremental task entry:default@ProcessLibs is up-to-date.
[2025-11-21T18:38:46.536] [DEBUG] debug-file - Update task entry:default@CompileResource input file:C:\Users\34857\DevEcoStudioProjects\GreenGroth\entry\src\main\resources cache from map.
[2025-11-21T18:38:46.536] [DEBUG] debug-file - Update task entry:default@CompileResource input file:C:\Users\34857\DevEcoStudioProjects\GreenGroth\oh_modules\.ohpm\@ohos+axios@2.2.6\oh_modules\@ohos\axios\src\main\resources cache by regenerate.
[2025-11-21T18:38:46.539] [DEBUG] debug-file - Update task entry:default@CompileResource input file:C:\Users\34857\DevEcoStudioProjects\GreenGroth\entry\build\default\intermediates\res\default\resource_str cache by regenerate.
[2025-11-21T18:38:46.543] [DEBUG] debug-file - Update task entry:default@CompileResource input file:C:\Users\34857\DevEcoStudioProjects\GreenGroth\AppScope\resources cache by regenerate.
[2025-11-21T18:38:46.545] [DEBUG] debug-file - Update task entry:default@CompileResource input file:C:\Users\34857\DevEcoStudioProjects\GreenGroth\entry\build\default\intermediates\process_profile\default\module.json cache by regenerate.
[2025-11-21T18:38:46.545] [DEBUG] debug-file - Update task entry:default@CompileResource input file:C:\Users\34857\DevEcoStudioProjects\GreenGroth\entry\build\default\intermediates\res\default\resConfig.json cache by regenerate.
[2025-11-21T18:38:46.545] [DEBUG] debug-file - Update task entry:default@CompileResource output file:C:\Users\34857\DevEcoStudioProjects\GreenGroth\entry\build\default\intermediates\res\default cache.
[2025-11-21T18:38:46.557] [DEBUG] debug-file - Update task entry:default@CompileResource output file:C:\Users\34857\DevEcoStudioProjects\GreenGroth\entry\build\default\generated\r\default\ResourceTable.h cache.
[2025-11-21T18:38:46.558] [DEBUG] debug-file - Update task entry:default@CompileResource output file:C:\Users\34857\DevEcoStudioProjects\GreenGroth\entry\build\default\generated\r\default cache.
[2025-11-21T18:38:46.559] [DEBUG] debug-file - Incremental task entry:default@CompileResource post-execution cost:26 ms .
[2025-11-21T18:38:46.559] [DEBUG] debug-file - There is no need to refresh cache, since the incremental task entry:default@DoNativeStrip is up-to-date.
[2025-11-21T18:38:46.563] [DEBUG] debug-file - Update task entry:default@CompileArkTS input file:C:\Users\34857\DevEcoStudioProjects\GreenGroth\entry\build\default\intermediates\loader\default cache by regenerate.
[2025-11-21T18:38:46.564] [DEBUG] debug-file - Update task entry:default@CompileArkTS input file:C:\Users\34857\DevEcoStudioProjects\GreenGroth\oh_modules\.ohpm\@ohos+axios@2.2.6\oh_modules\@ohos\axios\index.js cache by regenerate.
[2025-11-21T18:38:46.565] [DEBUG] debug-file - Update task entry:default@CompileArkTS input file:C:\Users\34857\DevEcoStudioProjects\GreenGroth\oh_modules\.ohpm\@ohos+axios@2.2.6\oh_modules\@ohos\axios\src\main\ets cache by regenerate.
[2025-11-21T18:38:46.584] [DEBUG] debug-file - Update task entry:default@CompileArkTS input file:C:\Users\34857\DevEcoStudioProjects\GreenGroth\entry\build\default\intermediates\res\default\resources\rawfile cache by regenerate.
[2025-11-21T18:38:46.585] [DEBUG] debug-file - Update task entry:default@CompileArkTS input file:C:\Users\34857\DevEcoStudioProjects\GreenGroth\entry\build\default\intermediates\res\default\ResourceTable.txt cache from map.
[2025-11-21T18:38:46.585] [DEBUG] debug-file - Update task entry:default@CompileArkTS input file:C:\Users\34857\DevEcoStudioProjects\GreenGroth\entry\build\default\intermediates\res\default\ark_module.json cache by regenerate.
[2025-11-21T18:38:46.585] [DEBUG] debug-file - Update task entry:default@CompileArkTS input file:C:\Users\34857\DevEcoStudioProjects\GreenGroth\entry\build\default\intermediates\res\default\resources\base\profile cache by regenerate.
[2025-11-21T18:38:46.586] [DEBUG] debug-file - Update task entry:default@CompileArkTS input file:C:\Users\34857\DevEcoStudioProjects\GreenGroth\entry\src\main\ets cache by regenerate.
[2025-11-21T18:38:46.592] [DEBUG] debug-file - Update task entry:default@CompileArkTS input file:C:\Users\34857\DevEcoStudioProjects\GreenGroth\entry\build\default\intermediates\loader\default\pkgContextInfo.json cache by regenerate.
[2025-11-21T18:38:46.592] [DEBUG] debug-file - Update task entry:default@CompileArkTS input file:C:\Users\34857\DevEcoStudioProjects\GreenGroth\entry\build\default\generated\profile\default\BuildProfile.ets cache by regenerate.
[2025-11-21T18:38:46.593] [DEBUG] debug-file - Update task entry:default@CompileArkTS input file:C:\Users\34857\DevEcoStudioProjects\GreenGroth\entry\src\mock\mock-config.json5 cache by regenerate.
[2025-11-21T18:38:46.593] [DEBUG] debug-file - Update task entry:default@CompileArkTS output file:C:\Users\34857\DevEcoStudioProjects\GreenGroth\entry\build\default\intermediates\loader_out\default\ets cache.
[2025-11-21T18:38:46.594] [DEBUG] debug-file - Incremental task entry:default@CompileArkTS post-execution cost:35 ms .
[2025-11-21T18:38:46.596] [DEBUG] debug-file - Update task entry:default@BuildJS input file:C:\Users\34857\DevEcoStudioProjects\GreenGroth\entry\build\default\intermediates\loader\default cache by regenerate.
[2025-11-21T18:38:46.597] [DEBUG] debug-file - Update task entry:default@BuildJS input file:C:\Users\34857\DevEcoStudioProjects\GreenGroth\oh_modules\.ohpm\@ohos+axios@2.2.6\oh_modules\@ohos\axios\index.js cache by regenerate.
[2025-11-21T18:38:46.597] [DEBUG] debug-file - Update task entry:default@BuildJS input file:C:\Users\34857\DevEcoStudioProjects\GreenGroth\entry\build\default\intermediates\res\default\resources\rawfile cache by regenerate.
[2025-11-21T18:38:46.598] [DEBUG] debug-file - Update task entry:default@BuildJS input file:C:\Users\34857\DevEcoStudioProjects\GreenGroth\entry\build\default\intermediates\res\default\ResourceTable.txt cache by regenerate.
[2025-11-21T18:38:46.598] [DEBUG] debug-file - Update task entry:default@BuildJS input file:C:\Users\34857\DevEcoStudioProjects\GreenGroth\entry\build\default\intermediates\res\default\ark_module.json cache by regenerate.
[2025-11-21T18:38:46.599] [DEBUG] debug-file - Update task entry:default@BuildJS input file:C:\Users\34857\DevEcoStudioProjects\GreenGroth\entry\build\default\intermediates\res\default\resources\base\profile cache by regenerate.
[2025-11-21T18:38:46.600] [DEBUG] debug-file - Update task entry:default@BuildJS input file:C:\Users\34857\DevEcoStudioProjects\GreenGroth\entry\build\default\intermediates\loader\default\pkgContextInfo.json cache by regenerate.
[2025-11-21T18:38:46.600] [DEBUG] debug-file - Update task entry:default@BuildJS output file:C:\Users\34857\DevEcoStudioProjects\GreenGroth\entry\build\default\intermediates\loader_out\default\js cache.
[2025-11-21T18:38:46.600] [DEBUG] debug-file - Incremental task entry:default@BuildJS post-execution cost:7 ms .
[2025-11-21T18:38:46.601] [DEBUG] debug-file - There is no need to refresh cache, since the incremental task entry:default@CacheNativeLibs is up-to-date.
[2025-11-21T18:38:46.601] [DEBUG] debug-file - Update task entry:default@GeneratePkgModuleJson input file:C:\Users\34857\DevEcoStudioProjects\GreenGroth\entry\build\default\intermediates\res\default\module.json cache from map.
[2025-11-21T18:38:46.601] [DEBUG] debug-file - Update task entry:default@GeneratePkgModuleJson output file:C:\Users\34857\DevEcoStudioProjects\GreenGroth\entry\build\default\intermediates\package\default\module.json cache.
[2025-11-21T18:38:46.601] [DEBUG] debug-file - Incremental task entry:default@GeneratePkgModuleJson post-execution cost:1 ms .
[2025-11-21T18:38:46.601] [DEBUG] debug-file - Incremental task entry:default@ProcessCompiledResources post-execution cost:1 ms .
[2025-11-21T18:38:46.602] [DEBUG] debug-file - Update task entry:default@PackageHap input file:C:\Users\34857\DevEcoStudioProjects\GreenGroth\entry\build\default\intermediates\stripped_native_libs\default cache by regenerate.
[2025-11-21T18:38:46.603] [DEBUG] debug-file - Update task entry:default@PackageHap input file:C:\Users\34857\DevEcoStudioProjects\GreenGroth\entry\build\default\intermediates\res\default\module.json cache from map.
[2025-11-21T18:38:46.603] [DEBUG] debug-file - Update task entry:default@PackageHap input file:C:\Users\34857\DevEcoStudioProjects\GreenGroth\entry\build\default\intermediates\res\default\resources cache by regenerate.
[2025-11-21T18:38:46.607] [DEBUG] debug-file - Update task entry:default@PackageHap input file:C:\Users\34857\DevEcoStudioProjects\GreenGroth\entry\build\default\intermediates\res\default\resources.index cache by regenerate.
[2025-11-21T18:38:46.607] [DEBUG] debug-file - Update task entry:default@PackageHap input file:C:\Users\34857\DevEcoStudioProjects\GreenGroth\entry\build\default\outputs\default\pack.info cache by regenerate.
[2025-11-21T18:38:46.608] [DEBUG] debug-file - Update task entry:default@PackageHap input file:C:\Users\34857\DevEcoStudioProjects\GreenGroth\entry\build\default\intermediates\loader_out\default\ets cache by regenerate.
[2025-11-21T18:38:46.609] [DEBUG] debug-file - Update task entry:default@PackageHap input file:C:\Users\34857\DevEcoStudioProjects\GreenGroth\entry\build\default\intermediates\loader\default\pkgContextInfo.json cache by regenerate.
[2025-11-21T18:38:46.609] [DEBUG] debug-file - Update task entry:default@PackageHap input file:C:\Users\34857\DevEcoStudioProjects\GreenGroth\entry\build\default\intermediates\loader_out\default\ets\sourceMaps.map cache by regenerate.
[2025-11-21T18:38:46.609] [DEBUG] debug-file - Update task entry:default@PackageHap input file:C:\Users\34857\DevEcoStudioProjects\GreenGroth\entry\build\default\generated\profile\default\BuildProfile.ets cache by regenerate.
[2025-11-21T18:38:46.609] [DEBUG] debug-file - Update task entry:default@PackageHap output file:C:\Users\34857\DevEcoStudioProjects\GreenGroth\entry\build\default\outputs\default\entry-default-unsigned.hap cache.
[2025-11-21T18:38:46.610] [DEBUG] debug-file - Update task entry:default@PackageHap output file:C:\Users\34857\DevEcoStudioProjects\GreenGroth\entry\build\default\intermediates\source_map\default\sourceMaps.map cache.
[2025-11-21T18:38:46.610] [DEBUG] debug-file - Update task entry:default@PackageHap output file:C:\Users\34857\DevEcoStudioProjects\GreenGroth\entry\build\default\outputs\default\mapping\sourceMaps.map cache.
[2025-11-21T18:38:46.611] [DEBUG] debug-file - Incremental task entry:default@PackageHap post-execution cost:10 ms .
[2025-11-21T18:38:46.611] [DEBUG] debug-file - Update task entry:default@SignHap input file:C:\Users\34857\.ohos\config\default_GreenGroth_2zkMoGRQ23T0hwfrix4UQ-P3d7ce_fX4DJwYQf7UnIw=.cer cache by regenerate.
[2025-11-21T18:38:46.611] [DEBUG] debug-file - Update task entry:default@SignHap input file:C:\Users\34857\.ohos\config\default_GreenGroth_2zkMoGRQ23T0hwfrix4UQ-P3d7ce_fX4DJwYQf7UnIw=.p7b cache by regenerate.
[2025-11-21T18:38:46.612] [DEBUG] debug-file - Update task entry:default@SignHap input file:C:\Users\34857\.ohos\config\default_GreenGroth_2zkMoGRQ23T0hwfrix4UQ-P3d7ce_fX4DJwYQf7UnIw=.p12 cache by regenerate.
[2025-11-21T18:38:46.612] [DEBUG] debug-file - Update task entry:default@SignHap input file:C:\Users\34857\DevEcoStudioProjects\GreenGroth\entry\build\default\outputs\default\entry-default-unsigned.hap cache from map.
[2025-11-21T18:38:46.612] [DEBUG] debug-file - Update task entry:default@SignHap output file:C:\Users\34857\DevEcoStudioProjects\GreenGroth\entry\build\default\outputs\default\entry-default-signed.hap cache.
[2025-11-21T18:38:46.612] [DEBUG] debug-file - Incremental task entry:default@SignHap post-execution cost:2 ms .
[2025-11-21T18:38:46.613] [DEBUG] debug-file - Update task entry:default@CollectDebugSymbol input file:C:\Users\34857\DevEcoStudioProjects\GreenGroth\entry\build\default\intermediates\loader_out\default\ets\sourceMaps.map cache by regenerate.
[2025-11-21T18:38:46.613] [DEBUG] debug-file - Update task entry:default@CollectDebugSymbol input file:C:\Users\34857\DevEcoStudioProjects\GreenGroth\entry\build\default\intermediates\libs\default cache by regenerate.
[2025-11-21T18:38:46.614] [DEBUG] debug-file - Update task entry:default@CollectDebugSymbol output file:C:\Users\34857\DevEcoStudioProjects\GreenGroth\entry\build\default\outputs\default\symbol cache.
[2025-11-21T18:38:46.614] [DEBUG] debug-file - Incremental task entry:default@CollectDebugSymbol post-execution cost:2 ms .
[2025-11-21T18:38:46.642] [DEBUG] debug-file - hvigor build process will be closed.
[2025-11-21T18:38:46.642] [DEBUG] debug-file - java daemon socket close code:1000 reason:close by user
[2025-11-21T18:38:46.648] [DEBUG] debug-file - session manager: send message to worker process.
[2025-11-21T18:38:46.648] [DEBUG] debug-file - session manager: send message to worker process.
[2025-11-21T18:38:46.649] [DEBUG] debug-file - watch worker: worker id should be larger than 0. Nothing will be sent to any worker thread.
[2025-11-21T18:38:46.649] [DEBUG] debug-file - watch worker: worker id should be larger than 0. Nothing will be sent to any worker thread.
[2025-11-22T11:43:49.878] [DEBUG] debug-file - env: nodejsVersion=v18.20.1
[2025-11-22T11:43:49.991] [DEBUG] debug-file - env: daemon=true
[2025-11-22T11:43:49.880] [DEBUG] debug-file - env: hvigor-config.json5 content = {
  modelVersion: '6.0.0',
  dependencies: {},
  execution: {},
  logging: {},
  debugging: {},
  nodeOptions: {}
}
[2025-11-22T11:43:51.445] [DEBUG] debug-file - java daemon tryConnect failed Error: connect ECONNREFUSED 127.0.0.1:45050
[2025-11-22T11:43:51.480] [DEBUG] debug-file - java daemon started at port 45050 pid 7676
[2025-11-22T11:43:51.529] [DEBUG] debug-file - session manager: set active socket. socketId=axikDKz4ef9xtLbeAAAB
[2025-11-22T11:43:52.926] [DEBUG] debug-file - watch worker: worker id should be larger than 0. Nothing will be sent to any worker thread.
[2025-11-22T11:43:52.941] [DEBUG] debug-file - Hvigor init with startParameters:{
  hvigorfileTypeCheck: false,
  parallelExecution: true,
  incrementalExecution: true,
  printStackTrace: false,
  daemon: true,
  analyze: 0,
  logLevel: Level { level: 20000, levelStr: 'INFO', colour: 'green' },
  optimizationStrategy: 'memory',
  hotCompile: undefined,
  hotReloadBuild: undefined
}
[2025-11-22T11:43:52.947] [DEBUG] debug-file - Cache service initialization finished in 7 ms 
[2025-11-22T11:43:52.950] [DEBUG] debug-file - hvigorfile, resolving C:\Users\34857\DevEcoStudioProjects\GreenGroth\hvigorfile.ts
[2025-11-22T11:43:57.141] [DEBUG] debug-file - hvigorfile, require result:  { default: { plugins: [] } }
[2025-11-22T11:43:57.142] [DEBUG] debug-file - hvigorfile, binding system plugins null
[2025-11-22T11:43:57.393] [DEBUG] debug-file - Start initialize project's product build option map with build mode debug.
[2025-11-22T11:43:57.393] [DEBUG] debug-file - Picking option from product 'default' with build mode 'debug'.
[2025-11-22T11:43:57.394] [DEBUG] debug-file - Product 'default' build option initialized
[2025-11-22T11:43:57.394] [DEBUG] debug-file - End initialize project's product build option map with build mode 'debug'.
[2025-11-22T11:43:57.397] [DEBUG] debug-file - Obtain build option for product 'default'in this build.
[2025-11-22T11:43:57.408] [DEBUG] debug-file - C:\Users\34857\DevEcoStudioProjects\GreenGroth\build\cache\default\remote_hsp\remoteHspCache.json not exists.
[2025-11-22T11:43:57.412] [DEBUG] debug-file - Local scan or download HarmonyOS sdk components toolchains,ets,js,native,previewer
[2025-11-22T11:43:57.419] [DEBUG] debug-file - Local scan or download hmscore sdk components toolchains,ets,native
[2025-11-22T11:43:57.424] [DEBUG] debug-file - Start recording SDK configuration permission data.
[2025-11-22T11:43:57.468] [DEBUG] debug-file - Sdk init in 58 ms 
[2025-11-22T11:43:57.474] [DEBUG] debug-file - Project task initialization takes 5 ms 
[2025-11-22T11:43:57.475] [DEBUG] debug-file - hvigorfile, binding custom plugins []
[2025-11-22T11:43:57.475] [DEBUG] debug-file - hvigorfile, no custom plugins were found in C:\Users\34857\DevEcoStudioProjects\GreenGroth\hvigorfile.ts
[2025-11-22T11:43:57.475] [DEBUG] debug-file - hvigorfile, resolve finished C:\Users\34857\DevEcoStudioProjects\GreenGroth\hvigorfile.ts
[2025-11-22T11:43:57.476] [DEBUG] debug-file - hvigorfile, resolving C:\Users\34857\DevEcoStudioProjects\GreenGroth\entry\hvigorfile.ts
[2025-11-22T11:43:57.486] [DEBUG] debug-file - hvigorfile, require result:  { default: { plugins: [] } }
[2025-11-22T11:43:57.486] [DEBUG] debug-file - hvigorfile, binding system plugins null
[2025-11-22T11:43:57.489] [DEBUG] debug-file - failed to load cangjie to dynamically generate schemas: Error: Cannot find module '@ohos/cangjie-build-support/index'
Require stack:
- C:\Program Files\Huawei\DevEco Studio\tools\hvigor\hvigor-ohos-plugin\src\plugin\factory\plugin-factory.js
- C:\Program Files\Huawei\DevEco Studio\tools\hvigor\hvigor-ohos-plugin\index.js
- C:\Users\34857\DevEcoStudioProjects\GreenGroth\hvigorfile.ts
- C:\Program Files\Huawei\DevEco Studio\tools\hvigor\hvigor\src\base\internal\lifecycle\configuration.js
- C:\Program Files\Huawei\DevEco Studio\tools\hvigor\hvigor\src\base\boot\index.js
- C:\Program Files\Huawei\DevEco Studio\tools\hvigor\hvigor\src\base\daemon\cluster\worker-process-lifecycle.js
- C:\Program Files\Huawei\DevEco Studio\tools\hvigor\hvigor\src\base\daemon\process\daemon-process-boot-script.js
[2025-11-22T11:43:57.510] [DEBUG] debug-file - Start initialize module-target build option map, moduleName=entry, buildMode=debug
[2025-11-22T11:43:57.511] [DEBUG] debug-file - Target 'default' config initialized
[2025-11-22T11:43:57.512] [DEBUG] debug-file - Target 'ohosTest' config initialized
[2025-11-22T11:43:57.513] [DEBUG] debug-file - Module 'entry' target 'default' build option initialized
[2025-11-22T11:43:57.513] [DEBUG] debug-file - Module 'entry' target 'ohosTest' build option initialized
[2025-11-22T11:43:57.513] [DEBUG] debug-file - End initialize module-target build option map, moduleName=entry
[2025-11-22T11:43:57.513] [DEBUG] debug-file - Start initialize module-target build option map, moduleName=entry, buildMode=release
[2025-11-22T11:43:57.513] [DEBUG] debug-file - Target 'default' config initialized
[2025-11-22T11:43:57.515] [DEBUG] debug-file - Target 'ohosTest' config initialized
[2025-11-22T11:43:57.515] [DEBUG] debug-file - Module 'entry' target 'default' build option initialized
[2025-11-22T11:43:57.515] [DEBUG] debug-file - Module 'entry' target 'ohosTest' build option initialized
[2025-11-22T11:43:57.516] [DEBUG] debug-file - End initialize module-target build option map, moduleName=entry
[2025-11-22T11:43:57.516] [DEBUG] debug-file - Start initialize module-target build option map, moduleName=entry, buildMode=debug
[2025-11-22T11:43:57.516] [DEBUG] debug-file - Target 'default' config initialized
[2025-11-22T11:43:57.517] [DEBUG] debug-file - Target 'ohosTest' config initialized
[2025-11-22T11:43:57.518] [DEBUG] debug-file - Module 'entry' target 'default' build option initialized
[2025-11-22T11:43:57.518] [DEBUG] debug-file - Module 'entry' target 'ohosTest' build option initialized
[2025-11-22T11:43:57.518] [DEBUG] debug-file - End initialize module-target build option map, moduleName=entry
[2025-11-22T11:43:57.519] [DEBUG] debug-file - Obtain build option for module 'entry' target 'default'in this build.
[2025-11-22T11:43:57.528] [DEBUG] debug-file - Module entry task initialization takes 8 ms 
[2025-11-22T11:43:57.529] [DEBUG] debug-file - hvigorfile, binding custom plugins []
[2025-11-22T11:43:57.529] [DEBUG] debug-file - hvigorfile, no custom plugins were found in C:\Users\34857\DevEcoStudioProjects\GreenGroth\entry\hvigorfile.ts
[2025-11-22T11:43:57.529] [DEBUG] debug-file - hvigorfile, resolve finished C:\Users\34857\DevEcoStudioProjects\GreenGroth\entry\hvigorfile.ts
[2025-11-22T11:43:57.627] [DEBUG] debug-file - hvigorfile, resolve hvigorfile dependencies in 97 ms 
[2025-11-22T11:43:57.628] [DEBUG] debug-file - project has submodules:entry
[2025-11-22T11:43:57.631] [DEBUG] debug-file - start to load updatedOhPackageInfo to the disk
[2025-11-22T11:43:57.646] [DEBUG] debug-file - load to the disk finished
[2025-11-22T11:43:57.649] [DEBUG] debug-file - Start to initialize dependency information.
[2025-11-22T11:43:57.675] [DEBUG] debug-file - Module GreenGroth Collected Dependency: 
[2025-11-22T11:43:57.675] [DEBUG] debug-file - Module GreenGroth's total dependency: 0
[2025-11-22T11:43:57.677] [DEBUG] debug-file - Start to initialize dependency information.
[2025-11-22T11:43:57.697] [DEBUG] debug-file - Module entry Collected Dependency: C:\Users\34857\DevEcoStudioProjects\GreenGroth\oh_modules\.ohpm\@ohos+axios@2.2.6\oh_modules\@ohos\axios
[2025-11-22T11:43:57.697] [DEBUG] debug-file - Module entry's total dependency: 1
[2025-11-22T11:43:57.705] [DEBUG] debug-file - Configuration phase cost:4 s 757 ms 
[2025-11-22T11:43:57.708] [DEBUG] debug-file - Configuration task cost before running: 4 s 777 ms 
[2025-11-22T11:43:57.724] [DEBUG] debug-file - Executing task :entry:default@PreBuild
[2025-11-22T11:43:57.728] [DEBUG] debug-file - Task 'entry:default@PreBuild' cost while wrapping incremental declarations: 1 ms 
[2025-11-22T11:43:57.751] [DEBUG] debug-file - entry:default@PreBuild is not up-to-date, since the input file 'C:\Users\34857\DevEcoStudioProjects\GreenGroth\entry\src\main\module.json5' has been changed.
[2025-11-22T11:43:57.752] [DEBUG] debug-file - Incremental task entry:default@PreBuild pre-execution cost: 14 ms .
[2025-11-22T11:43:57.914] [DEBUG] debug-file - current product is not Atomic service.
[2025-11-22T11:43:57.916] [DEBUG] debug-file - Use tool [win32: JAVA_HOME, CLASSPATH]
 [
  { JAVA_HOME: 'C:\\Program Files\\Huawei\\DevEco Studio\\jbr' },
  { CLASSPATH: undefined }
]
[2025-11-22T11:43:57.916] [DEBUG] debug-file - Use tool [win32: NODE_HOME]
 [
  {
    NODE_HOME: 'C:\\Program Files\\Huawei\\DevEco Studio\\tools\\node'
  }
]
[2025-11-22T11:43:57.917] [DEBUG] debug-file - entry : default@PreBuild cost memory 9.594215393066406
[2025-11-22T11:43:57.917] [DEBUG] debug-file - runTaskFromQueue task cost before running: 4 s 986 ms 
[2025-11-22T11:43:57.922] [INFO] debug-file - Finished :entry:default@PreBuild... after 194 ms 
[2025-11-22T11:43:57.923] [DEBUG] debug-file - Executing task :entry:default@CreateModuleInfo
[2025-11-22T11:43:57.924] [DEBUG] debug-file - Task 'entry:default@CreateModuleInfo' cost while wrapping incremental declarations: 1 ms 
[2025-11-22T11:43:57.924] [DEBUG] debug-file - entry : default@CreateModuleInfo cost memory 0.04290008544921875
[2025-11-22T11:43:57.925] [DEBUG] debug-file - runTaskFromQueue task cost before running: 4 s 993 ms 
[2025-11-22T11:43:57.925] [INFO] debug-file - Finished :entry:default@CreateModuleInfo... after 2 ms 
[2025-11-22T11:43:57.933] [DEBUG] debug-file - Executing task :entry:default@GenerateMetadata
[2025-11-22T11:43:57.934] [DEBUG] debug-file - Task 'entry:default@GenerateMetadata' cost while wrapping incremental declarations: 1 ms 
[2025-11-22T11:43:57.934] [DEBUG] debug-file - entry:default@GenerateMetadata is not up-to-date, since the input file 'C:\Users\34857\DevEcoStudioProjects\GreenGroth\entry\src\main\module.json5' has been changed.
[2025-11-22T11:43:57.935] [DEBUG] debug-file - Incremental task entry:default@GenerateMetadata pre-execution cost: 1 ms .
[2025-11-22T11:43:57.936] [DEBUG] debug-file - entry : default@GenerateMetadata cost memory 0.10698699951171875
[2025-11-22T11:43:57.937] [DEBUG] debug-file - runTaskFromQueue task cost before running: 5 s 5 ms 
[2025-11-22T11:43:57.937] [INFO] debug-file - Finished :entry:default@GenerateMetadata... after 5 ms 
[2025-11-22T11:43:57.939] [DEBUG] debug-file - Executing task :entry:default@ConfigureCmake
[2025-11-22T11:43:57.939] [DEBUG] debug-file - entry : default@ConfigureCmake cost memory 0.0161590576171875
[2025-11-22T11:43:57.939] [DEBUG] debug-file - runTaskFromQueue task cost before running: 5 s 8 ms 
[2025-11-22T11:43:57.940] [INFO] debug-file - Finished :entry:default@ConfigureCmake... after 1 ms 
[2025-11-22T11:43:57.941] [DEBUG] debug-file - Executing task :entry:default@MergeProfile
[2025-11-22T11:43:57.942] [DEBUG] debug-file - Task 'entry:default@MergeProfile' cost while wrapping incremental declarations: 1 ms 
[2025-11-22T11:43:57.945] [DEBUG] debug-file - entry:default@MergeProfile is not up-to-date, since the input file 'C:\Users\34857\DevEcoStudioProjects\GreenGroth\entry\src\main\module.json5' has been changed.
[2025-11-22T11:43:57.945] [DEBUG] debug-file - Incremental task entry:default@MergeProfile pre-execution cost: 3 ms .
[2025-11-22T11:43:57.946] [DEBUG] debug-file - Change app api release type with 'Release'
[2025-11-22T11:43:57.946] [DEBUG] debug-file - Change app compile API version with '6.0.0.47'
[2025-11-22T11:43:57.946] [DEBUG] debug-file - Change app target API version with '50005017'
[2025-11-22T11:43:57.946] [DEBUG] debug-file - Change app minimum API version with '50000012'
[2025-11-22T11:43:57.946] [DEBUG] debug-file - Use cli appEnvironment
[2025-11-22T11:43:57.967] [DEBUG] debug-file - entry : default@MergeProfile cost memory 0.5005111694335938
[2025-11-22T11:43:57.967] [DEBUG] debug-file - runTaskFromQueue task cost before running: 5 s 36 ms 
[2025-11-22T11:43:57.968] [INFO] debug-file - Finished :entry:default@MergeProfile... after 26 ms 
[2025-11-22T11:43:57.970] [DEBUG] debug-file - Executing task :entry:default@CreateBuildProfile
[2025-11-22T11:43:57.971] [DEBUG] debug-file - Task 'entry:default@CreateBuildProfile' cost while wrapping incremental declarations: 2 ms 
[2025-11-22T11:43:57.975] [DEBUG] debug-file - Incremental task entry:default@CreateBuildProfile pre-execution cost: 4 ms .
[2025-11-22T11:43:57.975] [DEBUG] debug-file - entry : default@CreateBuildProfile cost memory 0.11057281494140625
[2025-11-22T11:43:57.975] [INFO] debug-file - UP-TO-DATE :entry:default@CreateBuildProfile...  
[2025-11-22T11:43:57.978] [DEBUG] debug-file - Executing task :entry:default@PreCheckSyscap
[2025-11-22T11:43:57.978] [DEBUG] debug-file - entry : default@PreCheckSyscap cost memory 0.0164947509765625
[2025-11-22T11:43:57.979] [DEBUG] debug-file - runTaskFromQueue task cost before running: 5 s 47 ms 
[2025-11-22T11:43:57.979] [INFO] debug-file - Finished :entry:default@PreCheckSyscap... after 1 ms 
[2025-11-22T11:43:57.982] [DEBUG] debug-file - Executing task :entry:default@GeneratePkgContextInfo
[2025-11-22T11:43:58.001] [DEBUG] debug-file - Task 'entry:default@GeneratePkgContextInfo' cost while wrapping incremental declarations: 1 ms 
[2025-11-22T11:43:58.003] [DEBUG] debug-file - Incremental task entry:default@GeneratePkgContextInfo pre-execution cost: 2 ms .
[2025-11-22T11:43:58.004] [DEBUG] debug-file - entry : default@GeneratePkgContextInfo cost memory 0.7037124633789062
[2025-11-22T11:43:58.004] [INFO] debug-file - UP-TO-DATE :entry:default@GeneratePkgContextInfo...  
[2025-11-22T11:43:58.015] [DEBUG] debug-file - Executing task :entry:default@ProcessIntegratedHsp
[2025-11-22T11:43:58.016] [DEBUG] debug-file - entry:default@ProcessIntegratedHsp is not up-to-date, since the output file 'C:\Users\34857\DevEcoStudioProjects\GreenGroth\build\cache\default\integrated_hsp\integratedHspCache.json' does not exist.
[2025-11-22T11:43:58.016] [DEBUG] debug-file - Incremental task entry:default@ProcessIntegratedHsp pre-execution cost: 1 ms .
[2025-11-22T11:43:58.016] [DEBUG] debug-file - entry : default@ProcessIntegratedHsp cost memory 0.06458282470703125
[2025-11-22T11:43:58.016] [DEBUG] debug-file - runTaskFromQueue task cost before running: 5 s 85 ms 
[2025-11-22T11:43:58.017] [INFO] debug-file - Finished :entry:default@ProcessIntegratedHsp... after 2 ms 
[2025-11-22T11:43:58.019] [DEBUG] debug-file - Executing task :entry:default@BuildNativeWithCmake
[2025-11-22T11:43:58.019] [DEBUG] debug-file - entry : default@BuildNativeWithCmake cost memory 0.01760101318359375
[2025-11-22T11:43:58.019] [DEBUG] debug-file - runTaskFromQueue task cost before running: 5 s 88 ms 
[2025-11-22T11:43:58.020] [INFO] debug-file - Finished :entry:default@BuildNativeWithCmake... after 1 ms 
[2025-11-22T11:43:58.022] [DEBUG] debug-file - Executing task :entry:default@MakePackInfo
[2025-11-22T11:43:58.026] [DEBUG] debug-file - entry:default@MakePackInfo is not up-to-date, since the input file 'C:\Users\34857\DevEcoStudioProjects\GreenGroth\entry\src\main\module.json5' has been changed.
[2025-11-22T11:43:58.027] [DEBUG] debug-file - Incremental task entry:default@MakePackInfo pre-execution cost: 3 ms .
[2025-11-22T11:43:58.028] [DEBUG] debug-file - Module Pack Info:  {
  summary: {
    app: { bundleName: 'c***h', bundleType: 'app', version: [Object] },
    modules: [ [Object] ]
  },
  packages: [
    {
      deviceType: [Array],
      moduleType: 'entry',
      deliveryWithInstall: true,
      name: 'entry-default'
    }
  ]
}
[2025-11-22T11:43:58.030] [DEBUG] debug-file - entry : default@MakePackInfo cost memory 0.163177490234375
[2025-11-22T11:43:58.030] [DEBUG] debug-file - runTaskFromQueue task cost before running: 5 s 99 ms 
[2025-11-22T11:43:58.031] [INFO] debug-file - Finished :entry:default@MakePackInfo... after 9 ms 
[2025-11-22T11:43:58.034] [DEBUG] debug-file - Executing task :entry:default@SyscapTransform
[2025-11-22T11:43:58.034] [DEBUG] debug-file - File: 'C:\Users\34857\DevEcoStudioProjects\GreenGroth\entry\src\main\syscap.json' from 'sysCapJsonPath' is not exists, just ignore.
[2025-11-22T11:43:58.036] [DEBUG] debug-file - Task 'entry:default@SyscapTransform' cost while wrapping incremental declarations: 3 ms 
[2025-11-22T11:43:58.081] [DEBUG] debug-file - entry:default@SyscapTransform is not up-to-date, since the output file 'C:\Users\34857\DevEcoStudioProjects\GreenGroth\entry\build\default\intermediates\syscap\default\rpcid.sc' does not exist.
[2025-11-22T11:43:58.082] [DEBUG] debug-file - Incremental task entry:default@SyscapTransform pre-execution cost: 46 ms .
[2025-11-22T11:43:58.082] [DEBUG] debug-file - entry : default@SyscapTransform cost memory 0.164459228515625
[2025-11-22T11:43:58.082] [DEBUG] debug-file - runTaskFromQueue task cost before running: 5 s 151 ms 
[2025-11-22T11:43:58.083] [INFO] debug-file - Finished :entry:default@SyscapTransform... after 49 ms 
[2025-11-22T11:43:58.086] [DEBUG] debug-file - Executing task :entry:default@ProcessProfile
[2025-11-22T11:43:58.088] [DEBUG] debug-file - Task 'entry:default@ProcessProfile' cost while wrapping incremental declarations: 1 ms 
[2025-11-22T11:43:58.089] [DEBUG] debug-file - entry:default@ProcessProfile is not up-to-date, since the input file 'C:\Users\34857\DevEcoStudioProjects\GreenGroth\entry\build\default\intermediates\merge_profile\default\module.json' has been changed.
[2025-11-22T11:43:58.090] [DEBUG] debug-file - Incremental task entry:default@ProcessProfile pre-execution cost: 2 ms .
[2025-11-22T11:43:58.092] [DEBUG] debug-file - [
  'C:\\Program Files\\Huawei\\DevEco Studio\\tools\\node\\node.exe',
  'C:\\Program Files\\Huawei\\DevEco Studio\\sdk\\default\\openharmony\\ets\\build-tools\\ets-loader\\bin\\ark\\ts2abc.js',
  '--target-api-version',
  '12',
  '--target-api-sub-version',
  'beta1'
]
[2025-11-22T11:43:58.249] [DEBUG] debug-file - 12.0.2.0
[2025-11-22T11:43:58.251] [DEBUG] debug-file - No need to add fake ui ability because of not in preview process.
[2025-11-22T11:43:58.253] [DEBUG] debug-file - entry : default@ProcessProfile cost memory 1.9054412841796875
[2025-11-22T11:43:58.253] [DEBUG] debug-file - runTaskFromQueue task cost before running: 5 s 322 ms 
[2025-11-22T11:43:58.254] [INFO] debug-file - Finished :entry:default@ProcessProfile... after 168 ms 
[2025-11-22T11:43:58.256] [DEBUG] debug-file - Executing task :entry:default@ProcessRouterMap
[2025-11-22T11:43:58.263] [DEBUG] debug-file - entry:default@ProcessRouterMap is not up-to-date, since the input file 'C:\Users\34857\DevEcoStudioProjects\GreenGroth\entry\src\main\module.json5' has been changed.
[2025-11-22T11:43:58.264] [DEBUG] debug-file - Incremental task entry:default@ProcessRouterMap pre-execution cost: 5 ms .
[2025-11-22T11:43:58.266] [DEBUG] debug-file - entry : default@ProcessRouterMap cost memory 0.177947998046875
[2025-11-22T11:43:58.267] [DEBUG] debug-file - runTaskFromQueue task cost before running: 5 s 335 ms 
[2025-11-22T11:43:58.268] [INFO] debug-file - Finished :entry:default@ProcessRouterMap... after 11 ms 
[2025-11-22T11:43:58.270] [DEBUG] debug-file - Executing task :entry:default@ProcessShareConfig
[2025-11-22T11:43:58.276] [DEBUG] debug-file - entry:default@ProcessShareConfig is not up-to-date, since the input file 'C:\Users\34857\DevEcoStudioProjects\GreenGroth\entry\src\main\module.json5' has been changed.
[2025-11-22T11:43:58.276] [DEBUG] debug-file - Incremental task entry:default@ProcessShareConfig pre-execution cost: 5 ms .
[2025-11-22T11:43:58.278] [DEBUG] debug-file - entry : default@ProcessShareConfig cost memory 0.16655731201171875
[2025-11-22T11:43:58.279] [DEBUG] debug-file - runTaskFromQueue task cost before running: 5 s 347 ms 
[2025-11-22T11:43:58.280] [INFO] debug-file - Finished :entry:default@ProcessShareConfig... after 9 ms 
[2025-11-22T11:43:58.282] [DEBUG] debug-file - Executing task :entry:default@ProcessStartupConfig
[2025-11-22T11:43:58.282] [DEBUG] debug-file - Task 'entry:default@ProcessStartupConfig' cost while wrapping incremental declarations: 1 ms 
[2025-11-22T11:43:58.285] [DEBUG] debug-file - entry:default@ProcessStartupConfig is not up-to-date, since the output file 'C:\Users\34857\DevEcoStudioProjects\GreenGroth\entry\build\default\intermediates\startup\default\startup_config.json' does not exist.
[2025-11-22T11:43:58.285] [DEBUG] debug-file - Incremental task entry:default@ProcessStartupConfig pre-execution cost: 2 ms .
[2025-11-22T11:43:58.287] [DEBUG] debug-file - entry : default@ProcessStartupConfig cost memory 0.17823028564453125
[2025-11-22T11:43:58.287] [DEBUG] debug-file - runTaskFromQueue task cost before running: 5 s 356 ms 
[2025-11-22T11:43:58.288] [INFO] debug-file - Finished :entry:default@ProcessStartupConfig... after 6 ms 
[2025-11-22T11:43:58.290] [DEBUG] debug-file - Executing task :entry:default@BuildNativeWithNinja
[2025-11-22T11:43:58.291] [DEBUG] debug-file - entry : default@BuildNativeWithNinja cost memory 0.02474212646484375
[2025-11-22T11:43:58.291] [DEBUG] debug-file - runTaskFromQueue task cost before running: 5 s 360 ms 
[2025-11-22T11:43:58.291] [INFO] debug-file - Finished :entry:default@BuildNativeWithNinja... after 1 ms 
[2025-11-22T11:43:58.294] [DEBUG] debug-file - restool module names: entry; moduleName=entry, taskName=default@ProcessResource
[2025-11-22T11:43:58.298] [DEBUG] debug-file - Executing task :entry:default@ProcessResource
[2025-11-22T11:43:58.298] [DEBUG] debug-file - Task 'entry:default@ProcessResource' cost while wrapping incremental declarations: 1 ms 
[2025-11-22T11:43:58.301] [DEBUG] debug-file - Incremental task entry:default@ProcessResource pre-execution cost: 3 ms .
[2025-11-22T11:43:58.301] [DEBUG] debug-file - entry : default@ProcessResource cost memory 0.14780426025390625
[2025-11-22T11:43:58.304] [INFO] debug-file - UP-TO-DATE :entry:default@ProcessResource...  
[2025-11-22T11:43:58.307] [DEBUG] debug-file - Executing task :entry:default@GenerateLoaderJson
[2025-11-22T11:43:58.309] [DEBUG] debug-file - Task 'entry:default@GenerateLoaderJson' cost while wrapping incremental declarations: 1 ms 
[2025-11-22T11:43:58.326] [DEBUG] debug-file - entry:default@GenerateLoaderJson is not up-to-date, since the input file 'C:\Users\34857\DevEcoStudioProjects\GreenGroth\entry\build\default\intermediates\router_map\default\temp-router-map.json' has been changed.
[2025-11-22T11:43:58.326] [DEBUG] debug-file - Incremental task entry:default@GenerateLoaderJson pre-execution cost: 11 ms .
[2025-11-22T11:43:58.335] [DEBUG] debug-file - entry : default@GenerateLoaderJson cost memory 0.878204345703125
[2025-11-22T11:43:58.335] [DEBUG] debug-file - runTaskFromQueue task cost before running: 5 s 404 ms 
[2025-11-22T11:43:58.342] [INFO] debug-file - Finished :entry:default@GenerateLoaderJson... after 28 ms 
[2025-11-22T11:43:58.345] [DEBUG] debug-file - Executing task :entry:default@ProcessLibs
[2025-11-22T11:43:58.355] [DEBUG] debug-file - Incremental task entry:default@ProcessLibs pre-execution cost: 6 ms .
[2025-11-22T11:43:58.355] [DEBUG] debug-file - entry : default@ProcessLibs cost memory 0.203155517578125
[2025-11-22T11:43:58.356] [INFO] debug-file - UP-TO-DATE :entry:default@ProcessLibs...  
[2025-11-22T11:43:58.358] [DEBUG] debug-file - restool module names: entry; moduleName=entry, taskName=default@CompileResource
[2025-11-22T11:43:58.361] [DEBUG] debug-file - Executing task :entry:default@CompileResource
[2025-11-22T11:43:58.403] [DEBUG] debug-file - entry:default@CompileResource is not up-to-date, since the input file 'C:\Users\34857\DevEcoStudioProjects\GreenGroth\entry\build\default\intermediates\res\default\resource_str' has been changed.
[2025-11-22T11:43:58.403] [DEBUG] debug-file - Incremental task entry:default@CompileResource pre-execution cost: 39 ms .
[2025-11-22T11:43:58.707] [DEBUG] debug-file - Use tool [C:\Program Files\Huawei\DevEco Studio\sdk\default\openharmony\toolchains\restool.exe]
 [
  'C:\\Program Files\\Huawei\\DevEco Studio\\sdk\\default\\openharmony\\toolchains\\restool.exe',
  '-l',
  'C:\\Users\\34857\\DevEcoStudioProjects\\GreenGroth\\entry\\build\\default\\intermediates\\res\\default\\resConfig.json'
]
[2025-11-22T11:43:58.711] [DEBUG] debug-file - current process  memoryUsage: {
  rss: 242249728,
  heapTotal: 180662272,
  heapUsed: 157863200,
  external: 14396415,
  arrayBuffers: 11495218
} os memoryUsage :9.670978546142578
[2025-11-22T11:43:58.911] [DEBUG] debug-file - Info: Pack: normal pack mode

[2025-11-22T11:43:58.975] [DEBUG] debug-file - Info: hardware concurrency count is : 12
Info: thread count is : 12

[2025-11-22T11:43:58.976] [DEBUG] debug-file - Info: thread pool is started

[2025-11-22T11:43:58.980] [DEBUG] debug-file - Info: GenericCompiler::CompileFiles

[2025-11-22T11:43:58.990] [DEBUG] debug-file - Info: GenericCompiler::CompileFiles

[2025-11-22T11:43:58.990] [DEBUG] debug-file - Warning: 'C:\Users\34857\DevEcoStudioProjects\GreenGroth\entry\src\main\resources\base\media\background.png' is defined repeatedly.
Warning: 'C:\Users\34857\DevEcoStudioProjects\GreenGroth\entry\src\main\resources\base\media\layered_image.json' is defined repeatedly.
Warning: 'C:\Users\34857\DevEcoStudioProjects\GreenGroth\entry\src\main\resources\base\media\foreground.png' is defined repeatedly.

[2025-11-22T11:43:58.992] [DEBUG] debug-file - Info: GenericCompiler::CompileFiles

[2025-11-22T11:43:59.005] [DEBUG] debug-file - Warning: 'page_show' conflict, first declared.
at C:\Users\34857\DevEcoStudioProjects\GreenGroth\oh_modules\.ohpm\@ohos+axios@2.2.6\oh_modules\@ohos\axios\src\main\resources\base\element\string.json
but declared again.
at C:\Users\34857\DevEcoStudioProjects\GreenGroth\entry\build\default\intermediates\res\default\resource_str\base\element\string.json
Warning: 'page_show' conflict, first declared.
at C:\Users\34857\DevEcoStudioProjects\GreenGroth\oh_modules\.ohpm\@ohos+axios@2.2.6\oh_modules\@ohos\axios\src\main\resources\en_US\element\string.json
but declared again.
at C:\Users\34857\DevEcoStudioProjects\GreenGroth\entry\build\default\intermediates\res\default\resource_str\en_US\element\string.json
Warning: 'page_show' conflict, first declared.
at C:\Users\34857\DevEcoStudioProjects\GreenGroth\oh_modules\.ohpm\@ohos+axios@2.2.6\oh_modules\@ohos\axios\src\main\resources\zh_CN\element\string.json
but declared again.
at C:\Users\34857\DevEcoStudioProjects\GreenGroth\entry\build\default\intermediates\res\default\resource_str\zh_CN\element\string.json

[2025-11-22T11:43:59.011] [DEBUG] debug-file - 11-22 11:43:59.012 14160 20844 E C01400/ImageTranscoderUtils: DecodeToRGBA IN
11-22 11:43:59.012 14160 20844 E C01400/ImageTranscoderUtils: ImageFilter IN C:\Users\34857\DevEcoStudioProjects\GreenGroth\AppScope\resources\base\media\background.png

[2025-11-22T11:43:59.060] [DEBUG] debug-file - 11-22 11:43:59.060 14160 20844 E C01400/ImageTranscoderUtils: DecodeToRGBA IN
11-22 11:43:59.060 14160 20844 E C01400/ImageTranscoderUtils: ImageFilter IN C:\Users\34857\DevEcoStudioProjects\GreenGroth\AppScope\resources\base\media\foreground.png

[2025-11-22T11:43:59.106] [DEBUG] debug-file - Info: can't scale media json file.

[2025-11-22T11:43:59.106] [DEBUG] debug-file - Warning: The width or height of the png file referenced by the icon exceeds the limit (41 pixels)
at C:\Users\34857\DevEcoStudioProjects\GreenGroth\AppScope\resources\base\media\background.png

[2025-11-22T11:43:59.107] [DEBUG] debug-file - Warning: The width or height of the png file referenced by the icon exceeds the limit (41 pixels)
at C:\Users\34857\DevEcoStudioProjects\GreenGroth\AppScope\resources\base\media\foreground.png
Warning: C:\Users\34857\DevEcoStudioProjects\GreenGroth\AppScope\resources\base\media\layered_image.json is not png format

[2025-11-22T11:43:59.109] [DEBUG] debug-file - Info: restool resources compile success.

[2025-11-22T11:43:59.109] [DEBUG] debug-file - Info: thread pool is stopped

[2025-11-22T11:43:59.172] [DEBUG] debug-file - entry : default@CompileResource cost memory -33.19603729248047
[2025-11-22T11:43:59.172] [DEBUG] debug-file - runTaskFromQueue task cost before running: 6 s 241 ms 
[2025-11-22T11:43:59.174] [INFO] debug-file - Finished :entry:default@CompileResource... after 812 ms 
[2025-11-22T11:43:59.177] [DEBUG] debug-file - Executing task :entry:default@DoNativeStrip
[2025-11-22T11:43:59.177] [DEBUG] debug-file - Task 'entry:default@DoNativeStrip' cost while wrapping incremental declarations: 1 ms 
[2025-11-22T11:43:59.180] [DEBUG] debug-file - Incremental task entry:default@DoNativeStrip pre-execution cost: 3 ms .
[2025-11-22T11:43:59.180] [DEBUG] debug-file - entry : default@DoNativeStrip cost memory 0.0863494873046875
[2025-11-22T11:43:59.180] [INFO] debug-file - UP-TO-DATE :entry:default@DoNativeStrip...  
[2025-11-22T11:43:59.183] [DEBUG] debug-file - Executing task :entry:default@CompileArkTS
[2025-11-22T11:43:59.184] [DEBUG] debug-file - obfuscationOptions: undefined
[2025-11-22T11:43:59.215] [DEBUG] debug-file - entry:default@CompileArkTS is not up-to-date, since the input file 'C:\Users\34857\DevEcoStudioProjects\GreenGroth\entry\build\default\intermediates\loader\default' has been changed.
[2025-11-22T11:43:59.215] [DEBUG] debug-file - Incremental task entry:default@CompileArkTS pre-execution cost: 12 ms .
[2025-11-22T11:43:59.249] [DEBUG] debug-file - build config:
[2025-11-22T11:43:59.250] [DEBUG] debug-file - {
  moduleType: 'entry',
  perf: 0,
  targetName: '.default',
  packageManagerType: 'ohpm',
  localPropertiesPath: 'C:\\Users\\34857\\DevEcoStudioProjects\\GreenGroth\\local.properties',
  isPreview: false,
  isOhosTest: false,
  isLocalTest: false,
  buildMode: 'Debug',
  hotReloadBuild: undefined,
  watchMode: 'false',
  aceProfilePath: 'C:\\Users\\34857\\DevEcoStudioProjects\\GreenGroth\\entry\\build\\default\\intermediates\\res\\default\\resources\\base\\profile',
  etsLoaderPath: 'C:\\Program Files\\Huawei\\DevEco Studio\\sdk\\default\\openharmony\\ets\\build-tools\\ets-loader',
  modulePath: 'C:\\Users\\34857\\DevEcoStudioProjects\\GreenGroth\\entry',
  testFrameworkPar: {
    testMode: undefined,
    coveragePathFilter: undefined,
    coverageMode: undefined
  },
  needCoverageInsert: false,
  debugLine: false,
  projectTopDir: 'C:\\Users\\34857\\DevEcoStudioProjects\\GreenGroth',
  compileSdkVersion: 20,
  compatibleSdkVersion: 12,
  compatibleSdkVersionStage: 'beta1',
  bundleName: 'c***h',
  etsLoaderVersion: '6.0.0.47',
  etsLoaderReleaseType: 'Release',
  aotCompileMode: 'type',
  apPath: 'C:\\Users\\34857\\DevEcoStudioProjects\\GreenGroth\\entry\\modules.ap',
  entryModuleName: 'entry',
  entryModuleVersion: '1.0.0',
  entryPackageName: 'entry',
  allModuleNameHash: 'ac322dda3fe62b69ea7761d20fdc32fe',
  externalApiPaths: [
    'C:\\Program Files\\Huawei\\DevEco Studio\\sdk\\default\\hms\\ets'
  ],
  compilerTypes: [],
  isCrossplatform: false,
  hvigorPluginFile: undefined,
  compilePluginPath: undefined,
  buildGeneratedProfilePath: 'C:\\Users\\34857\\DevEcoStudioProjects\\GreenGroth\\entry\\build\\default\\generated\\profile\\default',
  bundleType: 'app',
  arkTSVersion: undefined,
  apiVersion: 20,
  needCompleteSourcesMap: false,
  isFaMode: false,
  strictMode: {
    caseSensitiveCheck: true,
    useNormalizedOHMUrl: true,
    noExternalImportByPath: true
  },
  buildDir: 'C:\\Users\\34857\\DevEcoStudioProjects\\GreenGroth\\entry\\build',
  deviceTypes: [ 'phone', 'tablet', 'tv', 'wearable', 'car' ],
  useNormalizedOHMUrl: true,
  pkgContextInfo: {
    '@ohos/axios': {
      packageName: '@ohos/axios',
      bundleName: '*****',
      moduleName: '',
      version: '2.2.6',
      entryPath: 'index.js',
      isSO: false,
      dependencyAlias: ''
    },
    '@ohos/hypium': {
      packageName: '@ohos/hypium',
      bundleName: '*****',
      moduleName: '',
      version: '1.0.24',
      entryPath: 'index.js',
      isSO: false,
      dependencyAlias: ''
    },
    '@ohos/hamock': {
      packageName: '@ohos/hamock',
      bundleName: '*****',
      moduleName: '',
      version: '1.0.0',
      entryPath: 'index.ets',
      isSO: false,
      dependencyAlias: ''
    },
    entry: {
      packageName: 'entry',
      bundleName: '*****',
      moduleName: '',
      version: '',
      entryPath: 'src/main/',
      isSO: false,
      dependencyAlias: ''
    }
  },
  ohPackagePathMap: {},
  dependencyAliasMap: {},
  permission: {
    requestPermissions: [ [Object], [Object] ],
    definePermissions: undefined
  },
  integratedHsp: false,
  projectArkOption: undefined,
  sourceMapDir: undefined,
  branchElimination: false,
  transformLib: undefined,
  caseSensitiveCheck: true,
  tsImportSendable: false,
  resolveConflictMode: true,
  depName2RootPath: {},
  depName2DepInfo: {},
  rootPathSet: [ 'C:\\Users\\34857\\DevEcoStudioProjects\\GreenGroth' ],
  useNativeResolver: true,
  shouldEmitJs: true,
  useTscResolve: false,
  singleFileEmit: false,
  userProjectConfig: {
    autoLazyImport: false,
    allowEmptyBundleName: false,
    reExportCheckMode: 'noCheck',
    executionMode: 'memory',
    usePathPlaceholder: false,
    writeRollupCache: true,
    isExpandImportEnabled: false,
    expandImportExclude: '',
    ignoreCrossplatformCheck: false,
    isPreloadSoEnabled: false
  },
  skipOhModulesLint: false,
  executionMode: 'memory',
  autoLazyImport: false,
  allowEmptyBundleName: false,
  reExportCheckMode: 'noCheck',
  usePathPlaceholder: false,
  writeRollupCache: true,
  isExpandImportEnabled: false,
  expandImportExclude: '',
  ignoreCrossplatformCheck: false,
  isPreloadSoEnabled: false,
  arkCompileCachePath: 'C:\\Users\\34857\\DevEcoStudioProjects\\GreenGroth\\entry\\build\\default\\cache\\default\\default@CompileArkTS\\esmodule',
  aceModuleJsonPath: 'C:\\Users\\34857\\DevEcoStudioProjects\\GreenGroth\\entry\\build\\default\\intermediates\\res\\default\\ark_module.json',
  appResource: 'C:\\Users\\34857\\DevEcoStudioProjects\\GreenGroth\\entry\\build\\default\\intermediates\\res\\default\\ResourceTable.txt',
  rawFileResource: 'C:\\Users\\34857\\DevEcoStudioProjects\\GreenGroth\\entry\\build\\default\\intermediates\\res\\default\\resources\\rawfile',
  resourceTableHash: '2eb32ec2dde5d60271a0f22321271b93',
  runtimeOS: 'HarmonyOS',
  sdkInfo: 'false:20:6.0.0.47:Release',
  aceModuleRoot: 'C:\\Users\\34857\\DevEcoStudioProjects\\GreenGroth\\entry\\src\\main\\ets',
  compileMode: 'esmodule',
  aceSuperVisualPath: 'C:\\Users\\34857\\DevEcoStudioProjects\\GreenGroth\\entry\\src\\main\\supervisual',
  aceBuildJson: 'C:\\Users\\34857\\DevEcoStudioProjects\\GreenGroth\\entry\\build\\default\\intermediates\\loader\\default\\loader.json',
  cachePath: 'C:\\Users\\34857\\DevEcoStudioProjects\\GreenGroth\\entry\\build\\default\\cache\\default\\default@CompileArkTS\\esmodule\\debug',
  aceModuleBuild: 'C:\\Users\\34857\\DevEcoStudioProjects\\GreenGroth\\entry\\build\\default\\intermediates\\loader_out\\default\\ets',
  supportChunks: true,
  declaredFilesPath: undefined,
  shouldCollectDirectImportees: false,
  isByteCodeHarOptimize: false,
  expandImportPath: undefined,
  pkgNameToPkgBriefInfo: {
    '@ohos/axios': {
      pkgRoot: 'C:\\Users\\34857\\DevEcoStudioProjects\\GreenGroth\\oh_modules\\.ohpm\\@ohos+axios@2.2.6\\oh_modules\\@ohos\\axios',
      pkgName: '@ohos/axios',
      sourceRoots: [Array]
    },
    entry: {
      pkgRoot: 'C:\\Users\\34857\\DevEcoStudioProjects\\GreenGroth\\entry',
      originalSourceRoots: undefined,
      sourceRoots: [Array],
      pkgName: 'entry'
    }
  },
  projectModel: {
    'C:\\Users\\34857\\DevEcoStudioProjects\\GreenGroth\\entry\\src\\main': {
      moduleName: 'entry',
      modulePkgPath: 'C:\\Users\\34857\\DevEcoStudioProjects\\GreenGroth\\entry',
      belongProjectPath: 'C:\\Users\\34857\\DevEcoStudioProjects\\GreenGroth'
    },
    'C:\\Users\\34857\\DevEcoStudioProjects\\GreenGroth\\entry\\build\\default\\intermediates\\src\\ohosTest\\ets': {
      moduleName: 'entry_test',
      modulePkgPath: 'C:\\Users\\34857\\DevEcoStudioProjects\\GreenGroth\\entry',
      belongProjectPath: 'C:\\Users\\34857\\DevEcoStudioProjects\\GreenGroth'
    },
    'C:\\Users\\34857\\DevEcoStudioProjects\\GreenGroth\\entry\\src\\ohosTest': {
      moduleName: 'entry_test',
      modulePkgPath: 'C:\\Users\\34857\\DevEcoStudioProjects\\GreenGroth\\entry',
      belongProjectPath: 'C:\\Users\\34857\\DevEcoStudioProjects\\GreenGroth'
    },
    'C:\\Users\\34857\\DevEcoStudioProjects\\GreenGroth\\entry': {
      moduleName: 'entry',
      modulePkgPath: 'C:\\Users\\34857\\DevEcoStudioProjects\\GreenGroth\\entry',
      belongProjectPath: 'C:\\Users\\34857\\DevEcoStudioProjects\\GreenGroth'
    },
    'C:\\Users\\34857\\DevEcoStudioProjects\\GreenGroth': {
      moduleName: 'GreenGroth',
      modulePkgPath: 'C:\\Users\\34857\\DevEcoStudioProjects\\GreenGroth',
      belongProjectPath: 'C:\\Users\\34857\\DevEcoStudioProjects\\GreenGroth'
    }
  },
  pkgJsonFileHash: '544be47d257731be7f8e0bd07118193f',
  allModulePaths: [ 'C:\\Users\\34857\\DevEcoStudioProjects\\GreenGroth\\entry' ],
  routerMap: {},
  obfuscationOptions: undefined,
  byteCodeHarToDependencyKeys: undefined,
  compileBlockPkg: [],
  mockParams: {
    decorator: '@MockSetup',
    packageName: '@ohos/hamock',
    etsSourceRootPath: 'src/main/ets',
    mockConfigPath: 'C:\\Users\\34857\\DevEcoStudioProjects\\GreenGroth\\entry\\src\\mock\\mock-config.json5',
    mockConfigKey2ModuleInfo: {},
    source2ModuleIdMap: {}
  },
  copyCodeResourceEnable: false,
  copyCodeResourceExcludes: [],
  copyCodeResourceIncludes: undefined,
  uiTransformOptimization: false,
  sdkPath: 'C:/Program Files/Huawei/DevEco Studio/sdk',
  needPreloadSoFileSet: {},
  preloadSoFilePath: 'C:\\Users\\34857\\DevEcoStudioProjects\\GreenGroth\\entry\\build\\default\\intermediates\\preload\\default\\preload.json',
  useSourceHash: false,
  localModuleParamMap: {},
  otherPaths: {
    '@ohos/axios/*': [
      '..\\..\\..\\..\\oh_modules\\.ohpm\\@ohos+axios@2.2.6\\oh_modules\\@ohos\\axios\\src\\main\\*'
    ],
    'entry/*': [
      '..\\*',
      '..\\..\\..\\build\\default\\generated\\profile\\default\\*'
    ]
  },
  collectImportersConfig: undefined
}
[2025-11-22T11:43:59.250] [DEBUG] debug-file - Compile arkts with external api path: C:\Program Files\Huawei\DevEco Studio\sdk\default\hms\ets
[2025-11-22T11:43:59.253] [DEBUG] debug-file - Since there is no instance or instance is terminated, create a new worker pool.
[2025-11-22T11:43:59.253] [DEBUG] debug-file - Worker pool is initialized with config:  {
  minPoolNum: 2,
  maxPoolNum: undefined,
  maxCoreSize: undefined,
  cacheCapacity: undefined,
  cacheTtl: undefined
}
[2025-11-22T11:43:59.255] [DEBUG] debug-file - Create  resident worker with id: 0.
[2025-11-22T11:43:59.259] [DEBUG] debug-file - Create  resident worker with id: 1.
[2025-11-22T11:43:59.266] [DEBUG] debug-file - default@CompileArkTS work[0] is submitted.
[2025-11-22T11:43:59.267] [DEBUG] debug-file - default@CompileArkTS work[0] is pushed to ready queue.
[2025-11-22T11:43:59.267] [DEBUG] debug-file - A work dispatched to worker[11] failed because unable to get work from ready queue.
[2025-11-22T11:43:59.268] [DEBUG] debug-file - A work dispatched to worker[10] failed because unable to get work from ready queue.
[2025-11-22T11:43:59.268] [DEBUG] debug-file - A work dispatched to worker[9] failed because unable to get work from ready queue.
[2025-11-22T11:43:59.268] [DEBUG] debug-file - A work dispatched to worker[8] failed because unable to get work from ready queue.
[2025-11-22T11:43:59.268] [DEBUG] debug-file - A work dispatched to worker[7] failed because unable to get work from ready queue.
[2025-11-22T11:43:59.269] [DEBUG] debug-file - A work dispatched to worker[6] failed because unable to get work from ready queue.
[2025-11-22T11:43:59.269] [DEBUG] debug-file - A work dispatched to worker[5] failed because unable to get work from ready queue.
[2025-11-22T11:43:59.269] [DEBUG] debug-file - Create  resident worker with id: 4.
[2025-11-22T11:43:59.272] [DEBUG] debug-file - default@CompileArkTS work[0] has been dispatched to worker[4].
[2025-11-22T11:43:59.272] [DEBUG] debug-file - default@CompileArkTS work[0] is dispatched.
[2025-11-22T11:43:59.273] [DEBUG] debug-file - entry : default@CompileArkTS cost memory 2.016632080078125
[2025-11-22T11:43:59.277] [DEBUG] debug-file - Executing task :entry:default@BuildJS
[2025-11-22T11:43:59.291] [DEBUG] debug-file - entry : default@BuildJS cost memory 0.1514739990234375
[2025-11-22T11:43:59.291] [DEBUG] debug-file - runTaskFromQueue task cost before running: 6 s 360 ms 
[2025-11-22T11:43:59.291] [INFO] debug-file - Finished :entry:default@BuildJS... after 15 ms 
[2025-11-22T11:43:59.295] [DEBUG] debug-file - Executing task :entry:default@CacheNativeLibs
[2025-11-22T11:43:59.297] [DEBUG] debug-file - Task 'entry:default@CacheNativeLibs' cost while wrapping incremental declarations: 2 ms 
[2025-11-22T11:43:59.303] [DEBUG] debug-file - Incremental task entry:default@CacheNativeLibs pre-execution cost: 6 ms .
[2025-11-22T11:43:59.303] [DEBUG] debug-file - entry : default@CacheNativeLibs cost memory 0.100677490234375
[2025-11-22T11:43:59.304] [INFO] debug-file - UP-TO-DATE :entry:default@CacheNativeLibs...  
[2025-11-22T11:44:13.005] [WARN] debug-file - [33mWARN: [33m[33mArkTS:WARN File: C:/Users/34857/DevEcoStudioProjects/GreenGroth/entry/src/main/ets/database/PlantDatabase.ets:12:31
 Function may throw exceptions. Special handling is required.
[39m[39m
[33mWARN: [33m[33mArkTS:WARN File: C:/Users/34857/DevEcoStudioProjects/GreenGroth/entry/src/main/ets/database/PlantDatabase.ets:28:11
 Function may throw exceptions. Special handling is required.
[39m[39m
[33mWARN: [33m[33mArkTS:WARN File: C:/Users/34857/DevEcoStudioProjects/GreenGroth/entry/src/main/ets/database/PlantDatabase.ets:29:11
 Function may throw exceptions. Special handling is required.
[39m[39m
[33mWARN: [33m[33mArkTS:WARN File: C:/Users/34857/DevEcoStudioProjects/GreenGroth/entry/src/main/ets/database/PlantDatabase.ets:37:24
 Function may throw exceptions. Special handling is required.
[39m[39m
[33mWARN: [33m[33mArkTS:WARN File: C:/Users/34857/DevEcoStudioProjects/GreenGroth/entry/src/main/ets/database/PlantDatabase.ets:47:11
 Function may throw exceptions. Special handling is required.
[39m[39m
[33mWARN: [33m[33mArkTS:WARN File: C:/Users/34857/DevEcoStudioProjects/GreenGroth/entry/src/main/ets/database/PlantDatabase.ets:48:11
 Function may throw exceptions. Special handling is required.
[39m[39m
[33mWARN: [33m[33mArkTS:WARN File: C:/Users/34857/DevEcoStudioProjects/GreenGroth/entry/src/main/ets/utils/ImageUtils.ets:39:45
 'packing' has been deprecated.
[39m[39m
[33mWARN: [33m[33mArkTS:WARN File: C:/Users/34857/DevEcoStudioProjects/GreenGroth/entry/src/main/ets/utils/ImgSave.ets:38:45
 'packing' has been deprecated.
[39m[39m
[33mWARN: [33m[33mArkTS:WARN File: C:/Users/34857/DevEcoStudioProjects/GreenGroth/entry/src/main/ets/pages/Index.ets:15:46
 'getContext' has been deprecated.
[39m[39m
[33mWARN: [33m[33mArkTS:WARN File: C:/Users/34857/DevEcoStudioProjects/GreenGroth/entry/src/main/ets/pages/Index.ets:82:20
 'pushUrl' has been deprecated.
[39m[39m
[33mWARN: [33m[33mArkTS:WARN File: C:/Users/34857/DevEcoStudioProjects/GreenGroth/entry/src/main/ets/pages/Index.ets:94:38
 The system capacity of this api 'picker' is not supported on all devices
[39m[39m
[33mWARN: [33m[33mArkTS:WARN File: C:/Users/34857/DevEcoStudioProjects/GreenGroth/entry/src/main/ets/pages/Index.ets:94:45
 'PhotoSelectOptions' has been deprecated.
[39m[39m
[33mWARN: [33m[33mArkTS:WARN File: C:/Users/34857/DevEcoStudioProjects/GreenGroth/entry/src/main/ets/pages/Index.ets:94:45
 The system capacity of this api 'PhotoSelectOptions' is not supported on all devices
[39m[39m
[33mWARN: [33m[33mArkTS:WARN File: C:/Users/34857/DevEcoStudioProjects/GreenGroth/entry/src/main/ets/pages/Index.ets:95:26
 'MIMEType' has been deprecated.
[39m[39m
[33mWARN: [33m[33mArkTS:WARN File: C:/Users/34857/DevEcoStudioProjects/GreenGroth/entry/src/main/ets/pages/Index.ets:95:26
 The system capacity of this api 'MIMEType' is not supported on all devices
[39m[39m
[33mWARN: [33m[33mArkTS:WARN File: C:/Users/34857/DevEcoStudioProjects/GreenGroth/entry/src/main/ets/pages/Index.ets:95:37
 The system capacity of this api 'picker' is not supported on all devices
[39m[39m
[33mWARN: [33m[33mArkTS:WARN File: C:/Users/34857/DevEcoStudioProjects/GreenGroth/entry/src/main/ets/pages/Index.ets:95:44
 'PhotoViewMIMETypes' has been deprecated.
[39m[39m
[33mWARN: [33m[33mArkTS:WARN File: C:/Users/34857/DevEcoStudioProjects/GreenGroth/entry/src/main/ets/pages/Index.ets:95:44
 The system capacity of this api 'PhotoViewMIMETypes' is not supported on all devices
[39m[39m
[33mWARN: [33m[33mArkTS:WARN File: C:/Users/34857/DevEcoStudioProjects/GreenGroth/entry/src/main/ets/pages/Index.ets:95:63
 'IMAGE_TYPE' has been deprecated.
[39m[39m
[33mWARN: [33m[33mArkTS:WARN File: C:/Users/34857/DevEcoStudioProjects/GreenGroth/entry/src/main/ets/pages/Index.ets:95:63
 The system capacity of this api 'IMAGE_TYPE' is not supported on all devices
[39m[39m
[33mWARN: [33m[33mArkTS:WARN File: C:/Users/34857/DevEcoStudioProjects/GreenGroth/entry/src/main/ets/pages/Index.ets:96:26
 'maxSelectNumber' has been deprecated.
[39m[39m
[33mWARN: [33m[33mArkTS:WARN File: C:/Users/34857/DevEcoStudioProjects/GreenGroth/entry/src/main/ets/pages/Index.ets:96:26
 The system capacity of this api 'maxSelectNumber' is not supported on all devices
[39m[39m
[33mWARN: [33m[33mArkTS:WARN File: C:/Users/34857/DevEcoStudioProjects/GreenGroth/entry/src/main/ets/pages/Index.ets:98:35
 The system capacity of this api 'picker' is not supported on all devices
[39m[39m
[33mWARN: [33m[33mArkTS:WARN File: C:/Users/34857/DevEcoStudioProjects/GreenGroth/entry/src/main/ets/pages/Index.ets:98:42
 'PhotoViewPicker' has been deprecated.
[39m[39m
[33mWARN: [33m[33mArkTS:WARN File: C:/Users/34857/DevEcoStudioProjects/GreenGroth/entry/src/main/ets/pages/Index.ets:98:42
 The system capacity of this api 'PhotoViewPicker' is not supported on all devices
[39m[39m
[33mWARN: [33m[33mArkTS:WARN File: C:/Users/34857/DevEcoStudioProjects/GreenGroth/entry/src/main/ets/pages/Index.ets:99:44
 'select' has been deprecated.
[39m[39m
[33mWARN: [33m[33mArkTS:WARN File: C:/Users/34857/DevEcoStudioProjects/GreenGroth/entry/src/main/ets/pages/Index.ets:99:44
 The system capacity of this api 'select' is not supported on all devices
[39m[39m
[33mWARN: [33m[33mArkTS:WARN File: C:/Users/34857/DevEcoStudioProjects/GreenGroth/entry/src/main/ets/pages/Index.ets:101:28
 'photoUris' has been deprecated.
[39m[39m
[33mWARN: [33m[33mArkTS:WARN File: C:/Users/34857/DevEcoStudioProjects/GreenGroth/entry/src/main/ets/pages/Index.ets:101:28
 The system capacity of this api 'photoUris' is not supported on all devices
[39m[39m
[33mWARN: [33m[33mArkTS:WARN File: C:/Users/34857/DevEcoStudioProjects/GreenGroth/entry/src/main/ets/pages/Index.ets:102:37
 'photoUris' has been deprecated.
[39m[39m
[33mWARN: [33m[33mArkTS:WARN File: C:/Users/34857/DevEcoStudioProjects/GreenGroth/entry/src/main/ets/pages/Index.ets:102:37
 The system capacity of this api 'photoUris' is not supported on all devices
[39m[39m
[33mWARN: [33m[33mArkTS:WARN File: C:/Users/34857/DevEcoStudioProjects/GreenGroth/entry/src/main/ets/pages/Index.ets:112:15
 The system capacity of this api 'cameraPicker' is not supported on all devices
[39m[39m
[33mWARN: [33m[33mArkTS:WARN File: C:/Users/34857/DevEcoStudioProjects/GreenGroth/entry/src/main/ets/pages/Index.ets:112:28
 The system capacity of this api 'pick' is not supported on all devices
[39m[39m
[33mWARN: [33m[33mArkTS:WARN File: C:/Users/34857/DevEcoStudioProjects/GreenGroth/entry/src/main/ets/pages/Index.ets:114:12
 The system capacity of this api 'cameraPicker' is not supported on all devices
[39m[39m
[33mWARN: [33m[33mArkTS:WARN File: C:/Users/34857/DevEcoStudioProjects/GreenGroth/entry/src/main/ets/pages/Index.ets:114:25
 The system capacity of this api 'PickerMediaType' is not supported on all devices
[39m[39m
[33mWARN: [33m[33mArkTS:WARN File: C:/Users/34857/DevEcoStudioProjects/GreenGroth/entry/src/main/ets/pages/Index.ets:114:41
 The system capacity of this api 'PHOTO' is not supported on all devices
[39m[39m
[33mWARN: [33m[33mArkTS:WARN File: C:/Users/34857/DevEcoStudioProjects/GreenGroth/entry/src/main/ets/pages/Index.ets:118:40
 The system capacity of this api 'resultUri' is not supported on all devices
[39m[39m
[33mWARN: [33m[33mArkTS:WARN File: C:/Users/34857/DevEcoStudioProjects/GreenGroth/entry/src/main/ets/pages/Index.ets:119:43
 The system capacity of this api 'resultUri' is not supported on all devices
[39m[39m
[33mWARN: [33m[33mArkTS:WARN File: C:/Users/34857/DevEcoStudioProjects/GreenGroth/entry/src/main/ets/pages/Index.ets:142:20
 'pushUrl' has been deprecated.
[39m[39m
[33mWARN: [33m[33mArkTS:WARN File: C:/Users/34857/DevEcoStudioProjects/GreenGroth/entry/src/main/ets/pages/Index.ets:152:13
 Function may throw exceptions. Special handling is required.
[39m[39m
[33mWARN: [33m[33mArkTS:WARN File: C:/Users/34857/DevEcoStudioProjects/GreenGroth/entry/src/main/ets/pages/Index.ets:152:20
 'pushUrl' has been deprecated.
[39m[39m
[33mWARN: [33m[33mArkTS:WARN File: C:/Users/34857/DevEcoStudioProjects/GreenGroth/entry/src/main/ets/pages/ResultPage.ets:10:27
 'getParams' has been deprecated.
[39m[39m
[33mWARN: [33m[33mArkTS:WARN File: C:/Users/34857/DevEcoStudioProjects/GreenGroth/entry/src/main/ets/pages/ResultPage.ets:21:33
 'back' has been deprecated.
[39m[39m
[33mWARN: [33m[33mArkTS:WARN File: C:/Users/34857/DevEcoStudioProjects/GreenGroth/entry/src/main/ets/pages/FailedResultPage.ets:10:27
 'getParams' has been deprecated.
[39m[39m
[33mWARN: [33m[33mArkTS:WARN File: C:/Users/34857/DevEcoStudioProjects/GreenGroth/entry/src/main/ets/pages/FailedResultPage.ets:20:33
 'back' has been deprecated.
[39m[39m
[33mWARN: [33m[33mArkTS:WARN File: C:/Users/34857/DevEcoStudioProjects/GreenGroth/entry/src/main/ets/pages/HandbookPage.ets:13:23
 'getContext' has been deprecated.
[39m[39m
[33mWARN: [33m[33mArkTS:WARN File: C:/Users/34857/DevEcoStudioProjects/GreenGroth/entry/src/main/ets/pages/HandbookPage.ets:27:33
 'back' has been deprecated.
[39m[39m
[33mWARN: [33m[33mArkTS:WARN File: C:/Users/34857/DevEcoStudioProjects/GreenGroth/entry/src/main/ets/pages/HandbookPage.ets:95:14
 'pushUrl' has been deprecated.
[39m[39m

[2025-11-22T11:44:13.005] [DEBUG] debug-file - Ark compile task finished.finished time is 2774741428900
[2025-11-22T11:44:13.006] [DEBUG] debug-file - worker[4] has one work done.
[2025-11-22T11:44:13.009] [DEBUG] debug-file - default@CompileArkTS work[0] done.
[2025-11-22T11:44:13.009] [DEBUG] debug-file - A work dispatched to worker[4] failed because unable to get work from ready queue.
[2025-11-22T11:44:13.013] [INFO] debug-file - Finished :entry:default@CompileArkTS... after 8 s 337 ms 
[2025-11-22T11:44:13.015] [DEBUG] debug-file - Executing task :entry:default@GeneratePkgModuleJson
[2025-11-22T11:44:13.015] [DEBUG] debug-file - File: 'C:\Users\34857\DevEcoStudioProjects\GreenGroth\entry\build\default\intermediates\preload\default\preload.json' from 'preloadSoJsonPath' is not exists, just ignore.
[2025-11-22T11:44:13.016] [DEBUG] debug-file - Task 'entry:default@GeneratePkgModuleJson' cost while wrapping incremental declarations: 1 ms 
[2025-11-22T11:44:13.017] [DEBUG] debug-file - entry:default@GeneratePkgModuleJson is not up-to-date, since the input file 'C:\Users\34857\DevEcoStudioProjects\GreenGroth\entry\build\default\intermediates\res\default\module.json' has been changed.
[2025-11-22T11:44:13.017] [DEBUG] debug-file - Incremental task entry:default@GeneratePkgModuleJson pre-execution cost: 1 ms .
[2025-11-22T11:44:13.020] [DEBUG] debug-file - entry : default@GeneratePkgModuleJson cost memory 0.112518310546875
[2025-11-22T11:44:13.020] [DEBUG] debug-file - runTaskFromQueue task cost before running: 20 s 88 ms 
[2025-11-22T11:44:13.020] [INFO] debug-file - Finished :entry:default@GeneratePkgModuleJson... after 5 ms 
[2025-11-22T11:44:13.021] [DEBUG] debug-file - Executing task :entry:default@ProcessCompiledResources
[2025-11-22T11:44:13.021] [DEBUG] debug-file - File: 'C:\Users\34857\DevEcoStudioProjects\GreenGroth\entry\build\default\intermediates\preload\default\preload.json' from 'preloadSoJsonPath' is not exists, just ignore.
[2025-11-22T11:44:13.021] [DEBUG] debug-file - Task 'entry:default@ProcessCompiledResources' cost while wrapping incremental declarations: 1 ms 
[2025-11-22T11:44:13.022] [DEBUG] debug-file - entry : default@ProcessCompiledResources cost memory 0.066009521484375
[2025-11-22T11:44:13.022] [DEBUG] debug-file - runTaskFromQueue task cost before running: 20 s 91 ms 
[2025-11-22T11:44:13.022] [INFO] debug-file - Finished :entry:default@ProcessCompiledResources... after 2 ms 
[2025-11-22T11:44:13.025] [DEBUG] debug-file - Executing task :entry:default@PackageHap
[2025-11-22T11:44:13.031] [DEBUG] debug-file - entry:default@PackageHap is not up-to-date, since the input file 'C:\Users\34857\DevEcoStudioProjects\GreenGroth\entry\build\default\intermediates\res\default\module.json' has been changed.
[2025-11-22T11:44:13.031] [DEBUG] debug-file - Incremental task entry:default@PackageHap pre-execution cost: 5 ms .
[2025-11-22T11:44:13.033] [DEBUG] debug-file - Use tool [C:\Program Files\Huawei\DevEco Studio\sdk\default\openharmony\toolchains\lib\app_packing_tool.jar]
 [
  'java',
  '-Dfile.encoding=GBK',
  '-jar',
  'C:\\Program Files\\Huawei\\DevEco Studio\\sdk\\default\\openharmony\\toolchains\\lib\\app_packing_tool.jar',
  '--mode',
  'hap',
  '--force',
  'true',
  '--lib-path',
  'C:\\Users\\34857\\DevEcoStudioProjects\\GreenGroth\\entry\\build\\default\\intermediates\\stripped_native_libs\\default',
  '--json-path',
  'C:\\Users\\34857\\DevEcoStudioProjects\\GreenGroth\\entry\\build\\default\\intermediates\\package\\default\\module.json',
  '--resources-path',
  'C:\\Users\\34857\\DevEcoStudioProjects\\GreenGroth\\entry\\build\\default\\intermediates\\res\\default\\resources',
  '--index-path',
  'C:\\Users\\34857\\DevEcoStudioProjects\\GreenGroth\\entry\\build\\default\\intermediates\\res\\default\\resources.index',
  '--pack-info-path',
  'C:\\Users\\34857\\DevEcoStudioProjects\\GreenGroth\\entry\\build\\default\\outputs\\default\\pack.info',
  '--out-path',
  'C:\\Users\\34857\\DevEcoStudioProjects\\GreenGroth\\entry\\build\\default\\outputs\\default\\entry-default-unsigned.hap',
  '--ets-path',
  'C:\\Users\\34857\\DevEcoStudioProjects\\GreenGroth\\entry\\build\\default\\intermediates\\loader_out\\default\\ets',
  '--pkg-context-path',
  'C:\\Users\\34857\\DevEcoStudioProjects\\GreenGroth\\entry\\build\\default\\intermediates\\loader\\default\\pkgContextInfo.json'
]
[2025-11-22T11:44:13.573] [DEBUG] debug-file - java daemon socket received message:{"code":0,"message":"pack success"}
[2025-11-22T11:44:13.585] [DEBUG] debug-file - entry : default@PackageHap cost memory 0.5832443237304688
[2025-11-22T11:44:13.585] [DEBUG] debug-file - runTaskFromQueue task cost before running: 20 s 654 ms 
[2025-11-22T11:44:13.589] [INFO] debug-file - Finished :entry:default@PackageHap... after 560 ms 
[2025-11-22T11:44:13.591] [DEBUG] debug-file - Executing task :entry:default@PackingCheck
[2025-11-22T11:44:13.608] [DEBUG] debug-file - entry : default@PackingCheck cost memory 0.623138427734375
[2025-11-22T11:44:13.608] [DEBUG] debug-file - runTaskFromQueue task cost before running: 20 s 677 ms 
[2025-11-22T11:44:13.608] [INFO] debug-file - Finished :entry:default@PackingCheck... after 17 ms 
[2025-11-22T11:44:13.612] [DEBUG] debug-file - Executing task :entry:default@SignHap
[2025-11-22T11:44:13.617] [DEBUG] debug-file - entry:default@SignHap is not up-to-date, since the input file 'C:\Users\34857\DevEcoStudioProjects\GreenGroth\entry\build\default\outputs\default\entry-default-unsigned.hap' has been changed.
[2025-11-22T11:44:13.618] [DEBUG] debug-file - Incremental task entry:default@SignHap pre-execution cost: 4 ms .
[2025-11-22T11:44:13.642] [DEBUG] debug-file - java daemon socket close code:1000 reason:close by user
[2025-11-22T11:44:14.675] [DEBUG] debug-file - java daemon socket received message:{"code":0,"message":"verify profile success"}
[2025-11-22T11:44:14.684] [DEBUG] debug-file - java daemon socket close code:1000 reason:close by user
[2025-11-22T11:44:15.134] [DEBUG] debug-file - java daemon socket received message:{"code":0,"message":"sign app success"}
[2025-11-22T11:44:15.135] [DEBUG] debug-file - entry : default@SignHap cost memory 0.785552978515625
[2025-11-22T11:44:15.135] [DEBUG] debug-file - runTaskFromQueue task cost before running: 22 s 204 ms 
[2025-11-22T11:44:15.136] [INFO] debug-file - Finished :entry:default@SignHap... after 1 s 523 ms 
[2025-11-22T11:44:15.139] [DEBUG] debug-file - Executing task :entry:default@CollectDebugSymbol
[2025-11-22T11:44:15.142] [DEBUG] debug-file - entry : default@CollectDebugSymbol cost memory 0.101409912109375
[2025-11-22T11:44:15.142] [DEBUG] debug-file - runTaskFromQueue task cost before running: 22 s 211 ms 
[2025-11-22T11:44:15.142] [INFO] debug-file - Finished :entry:default@CollectDebugSymbol... after 4 ms 
[2025-11-22T11:44:15.143] [DEBUG] debug-file - Executing task :entry:assembleHap
[2025-11-22T11:44:15.143] [DEBUG] debug-file - entry : assembleHap cost memory 0.01439666748046875
[2025-11-22T11:44:15.143] [DEBUG] debug-file - runTaskFromQueue task cost before running: 22 s 212 ms 
[2025-11-22T11:44:15.143] [INFO] debug-file - Finished :entry:assembleHap... after 1 ms 
[2025-11-22T11:44:15.155] [INFO] debug-file - BUILD SUCCESSFUL in 22 s 223 ms 
[2025-11-22T11:44:15.158] [DEBUG] debug-file - Update task entry:default@PreBuild input file:C:\Users\34857\DevEcoStudioProjects\GreenGroth\AppScope\app.json5 cache by regenerate.
[2025-11-22T11:44:15.159] [DEBUG] debug-file - Update task entry:default@PreBuild input file:C:\Users\34857\DevEcoStudioProjects\GreenGroth\entry\src\main\module.json5 cache from map.
[2025-11-22T11:44:15.159] [DEBUG] debug-file - Update task entry:default@PreBuild input file:C:\Users\34857\DevEcoStudioProjects\GreenGroth\build-profile.json5 cache by regenerate.
[2025-11-22T11:44:15.159] [DEBUG] debug-file - Update task entry:default@PreBuild input file:C:\Users\34857\DevEcoStudioProjects\GreenGroth\entry\build-profile.json5 cache by regenerate.
[2025-11-22T11:44:15.160] [DEBUG] debug-file - Update task entry:default@PreBuild input file:C:\Users\34857\DevEcoStudioProjects\GreenGroth\entry\src\main\resources\base\profile\main_pages.json cache by regenerate.
[2025-11-22T11:44:15.161] [DEBUG] debug-file - Update task entry:default@PreBuild input file:C:\Users\34857\DevEcoStudioProjects\GreenGroth\hvigor\hvigor-config.json5 cache by regenerate.
[2025-11-22T11:44:15.161] [DEBUG] debug-file - Update task entry:default@PreBuild input file:C:\Users\34857\DevEcoStudioProjects\GreenGroth\entry\src\mock\mock-config.json5 cache by regenerate.
[2025-11-22T11:44:15.162] [DEBUG] debug-file - Update task entry:default@PreBuild input file:C:\Users\34857\DevEcoStudioProjects\GreenGroth\entry\oh-package.json5 cache by regenerate.
[2025-11-22T11:44:15.163] [DEBUG] debug-file - Update task entry:default@PreBuild input file:C:\Users\34857\DevEcoStudioProjects\GreenGroth\oh-package.json5 cache by regenerate.
[2025-11-22T11:44:15.164] [DEBUG] debug-file - Incremental task entry:default@PreBuild post-execution cost:8 ms .
[2025-11-22T11:44:15.164] [DEBUG] debug-file - Update task entry:default@CreateModuleInfo output file:C:\Users\34857\DevEcoStudioProjects\GreenGroth\entry\build\default\generated\profile\default\ModuleInfo.ts cache.
[2025-11-22T11:44:15.164] [DEBUG] debug-file - Incremental task entry:default@CreateModuleInfo post-execution cost:1 ms .
[2025-11-22T11:44:15.164] [DEBUG] debug-file - Update task entry:default@GenerateMetadata input file:C:\Users\34857\DevEcoStudioProjects\GreenGroth\entry\src\main\module.json5 cache from map.
[2025-11-22T11:44:15.165] [DEBUG] debug-file - Update task entry:default@GenerateMetadata output file:C:\Users\34857\DevEcoStudioProjects\GreenGroth\entry\build\default\intermediates\hap_metadata\default\output_metadata.json cache.
[2025-11-22T11:44:15.165] [DEBUG] debug-file - Incremental task entry:default@GenerateMetadata post-execution cost:1 ms .
[2025-11-22T11:44:15.166] [DEBUG] debug-file - Update task entry:default@MergeProfile input file:C:\Users\34857\DevEcoStudioProjects\GreenGroth\AppScope\app.json5 cache by regenerate.
[2025-11-22T11:44:15.166] [DEBUG] debug-file - Update task entry:default@MergeProfile input file:C:\Users\34857\DevEcoStudioProjects\GreenGroth\build-profile.json5 cache by regenerate.
[2025-11-22T11:44:15.167] [DEBUG] debug-file - Update task entry:default@MergeProfile input file:C:\Users\34857\DevEcoStudioProjects\GreenGroth\entry\src\main\module.json5 cache from map.
[2025-11-22T11:44:15.167] [DEBUG] debug-file - Update task entry:default@MergeProfile input file:C:\Users\34857\DevEcoStudioProjects\GreenGroth\oh_modules\.ohpm\@ohos+axios@2.2.6\oh_modules\@ohos\axios\src\main\module.json cache by regenerate.
[2025-11-22T11:44:15.167] [DEBUG] debug-file - Update task entry:default@MergeProfile output file:C:\Users\34857\DevEcoStudioProjects\GreenGroth\entry\build\default\intermediates\merge_profile\default\module.json cache.
[2025-11-22T11:44:15.168] [DEBUG] debug-file - Incremental task entry:default@MergeProfile post-execution cost:3 ms .
[2025-11-22T11:44:15.168] [DEBUG] debug-file - There is no need to refresh cache, since the incremental task entry:default@CreateBuildProfile is up-to-date.
[2025-11-22T11:44:15.168] [DEBUG] debug-file - There is no need to refresh cache, since the incremental task entry:default@GeneratePkgContextInfo is up-to-date.
[2025-11-22T11:44:15.168] [DEBUG] debug-file - Update task entry:default@ProcessIntegratedHsp output file:C:\Users\34857\DevEcoStudioProjects\GreenGroth\build\cache\default\integrated_hsp\integratedHspCache.json cache.
[2025-11-22T11:44:15.168] [DEBUG] debug-file - Incremental task entry:default@ProcessIntegratedHsp post-execution cost:1 ms .
[2025-11-22T11:44:15.169] [DEBUG] debug-file - Update task entry:default@MakePackInfo input file:C:\Users\34857\DevEcoStudioProjects\GreenGroth\AppScope\app.json5 cache by regenerate.
[2025-11-22T11:44:15.170] [DEBUG] debug-file - Update task entry:default@MakePackInfo input file:C:\Users\34857\DevEcoStudioProjects\GreenGroth\entry\src\main\module.json5 cache from map.
[2025-11-22T11:44:15.170] [DEBUG] debug-file - Update task entry:default@MakePackInfo input file:C:\Users\34857\DevEcoStudioProjects\GreenGroth\build-profile.json5 cache by regenerate.
[2025-11-22T11:44:15.170] [DEBUG] debug-file - Update task entry:default@MakePackInfo input file:C:\Users\34857\DevEcoStudioProjects\GreenGroth\entry\src\main\resources\base\profile\backup_config.json cache by regenerate.
[2025-11-22T11:44:15.171] [DEBUG] debug-file - Update task entry:default@MakePackInfo output file:C:\Users\34857\DevEcoStudioProjects\GreenGroth\entry\build\default\outputs\default\pack.info cache.
[2025-11-22T11:44:15.172] [DEBUG] debug-file - Incremental task entry:default@MakePackInfo post-execution cost:3 ms .
[2025-11-22T11:44:15.172] [DEBUG] debug-file - Update task entry:default@SyscapTransform input file:C:\Program Files\Huawei\DevEco Studio\sdk\default\openharmony\toolchains\syscap_tool.exe cache by regenerate.
[2025-11-22T11:44:15.172] [DEBUG] debug-file - Update task entry:default@SyscapTransform input file:C:\Program Files\Huawei\DevEco Studio\sdk\default\openharmony\ets\api\device-define cache by regenerate.
[2025-11-22T11:44:15.175] [DEBUG] debug-file - Update task entry:default@SyscapTransform output file:C:\Users\34857\DevEcoStudioProjects\GreenGroth\entry\build\default\intermediates\syscap\default\rpcid.sc cache.
[2025-11-22T11:44:15.175] [DEBUG] debug-file - Incremental task entry:default@SyscapTransform post-execution cost:4 ms .
[2025-11-22T11:44:15.175] [DEBUG] debug-file - Update task entry:default@ProcessProfile input file:C:\Users\34857\DevEcoStudioProjects\GreenGroth\entry\build\default\intermediates\merge_profile\default\module.json cache from map.
[2025-11-22T11:44:15.175] [DEBUG] debug-file - Update task entry:default@ProcessProfile output file:C:\Users\34857\DevEcoStudioProjects\GreenGroth\entry\build\default\intermediates\process_profile\default\module.json cache.
[2025-11-22T11:44:15.176] [DEBUG] debug-file - Incremental task entry:default@ProcessProfile post-execution cost:1 ms .
[2025-11-22T11:44:15.177] [DEBUG] debug-file - Update task entry:default@ProcessRouterMap input file:C:\Users\34857\DevEcoStudioProjects\GreenGroth\entry\oh-package.json5 cache by regenerate.
[2025-11-22T11:44:15.178] [DEBUG] debug-file - Update task entry:default@ProcessRouterMap input file:C:\Users\34857\DevEcoStudioProjects\GreenGroth\oh-package.json5 cache by regenerate.
[2025-11-22T11:44:15.178] [DEBUG] debug-file - Update task entry:default@ProcessRouterMap input file:C:\Users\34857\DevEcoStudioProjects\GreenGroth\entry\src\main\module.json5 cache from map.
[2025-11-22T11:44:15.178] [DEBUG] debug-file - Update task entry:default@ProcessRouterMap input file:C:\Users\34857\DevEcoStudioProjects\GreenGroth\entry\build\default\intermediates\loader\default\pkgContextInfo.json cache by regenerate.
[2025-11-22T11:44:15.179] [DEBUG] debug-file - Update task entry:default@ProcessRouterMap output file:C:\Users\34857\DevEcoStudioProjects\GreenGroth\entry\build\default\intermediates\router_map\default\temp-router-map.json cache.
[2025-11-22T11:44:15.179] [DEBUG] debug-file - Update task entry:default@ProcessRouterMap output file:C:\Users\34857\DevEcoStudioProjects\GreenGroth\entry\build\default\intermediates\router_map\default\loader-router-map.json cache.
[2025-11-22T11:44:15.180] [DEBUG] debug-file - Incremental task entry:default@ProcessRouterMap post-execution cost:4 ms .
[2025-11-22T11:44:15.181] [DEBUG] debug-file - Update task entry:default@ProcessShareConfig input file:C:\Users\34857\DevEcoStudioProjects\GreenGroth\entry\oh-package.json5 cache by regenerate.
[2025-11-22T11:44:15.181] [DEBUG] debug-file - Update task entry:default@ProcessShareConfig input file:C:\Users\34857\DevEcoStudioProjects\GreenGroth\oh-package.json5 cache by regenerate.
[2025-11-22T11:44:15.182] [DEBUG] debug-file - Update task entry:default@ProcessShareConfig input file:C:\Users\34857\DevEcoStudioProjects\GreenGroth\entry\src\main\module.json5 cache from map.
[2025-11-22T11:44:15.182] [DEBUG] debug-file - Update task entry:default@ProcessShareConfig input file:C:\Users\34857\DevEcoStudioProjects\GreenGroth\entry\build\default\intermediates\loader\default\pkgContextInfo.json cache by regenerate.
[2025-11-22T11:44:15.182] [DEBUG] debug-file - Update task entry:default@ProcessShareConfig output file:C:\Users\34857\DevEcoStudioProjects\GreenGroth\entry\build\default\intermediates\share_config\default\temp-share-config.json cache.
[2025-11-22T11:44:15.183] [DEBUG] debug-file - Incremental task entry:default@ProcessShareConfig post-execution cost:4 ms .
[2025-11-22T11:44:15.184] [DEBUG] debug-file - Update task entry:default@ProcessStartupConfig input file:C:\Users\34857\DevEcoStudioProjects\GreenGroth\entry\build\default\intermediates\loader\default\pkgContextInfo.json cache by regenerate.
[2025-11-22T11:44:15.184] [DEBUG] debug-file - Update task entry:default@ProcessStartupConfig output file:C:\Users\34857\DevEcoStudioProjects\GreenGroth\entry\build\default\intermediates\startup\default\startup_config.json cache.
[2025-11-22T11:44:15.185] [DEBUG] debug-file - Incremental task entry:default@ProcessStartupConfig post-execution cost:2 ms .
[2025-11-22T11:44:15.185] [DEBUG] debug-file - There is no need to refresh cache, since the incremental task entry:default@ProcessResource is up-to-date.
[2025-11-22T11:44:15.188] [DEBUG] debug-file - Update task entry:default@GenerateLoaderJson input file:C:\Users\34857\DevEcoStudioProjects\GreenGroth\entry\src\mock\mock-config.json5 cache by regenerate.
[2025-11-22T11:44:15.189] [DEBUG] debug-file - Update task entry:default@GenerateLoaderJson input file:C:\Users\34857\DevEcoStudioProjects\GreenGroth\entry\build\default\intermediates\loader\default\pkgContextInfo.json cache by regenerate.
[2025-11-22T11:44:15.189] [DEBUG] debug-file - Update task entry:default@GenerateLoaderJson input file:C:\Users\34857\DevEcoStudioProjects\GreenGroth\entry\build\default\intermediates\router_map\default\temp-router-map.json cache from map.
[2025-11-22T11:44:15.189] [DEBUG] debug-file - Update task entry:default@GenerateLoaderJson output file:C:\Users\34857\DevEcoStudioProjects\GreenGroth\entry\build\default\intermediates\loader\default\loader.json cache.
[2025-11-22T11:44:15.190] [DEBUG] debug-file - Incremental task entry:default@GenerateLoaderJson post-execution cost:5 ms .
[2025-11-22T11:44:15.190] [DEBUG] debug-file - There is no need to refresh cache, since the incremental task entry:default@ProcessLibs is up-to-date.
[2025-11-22T11:44:15.192] [DEBUG] debug-file - Update task entry:default@CompileResource input file:C:\Users\34857\DevEcoStudioProjects\GreenGroth\entry\src\main\resources cache by regenerate.
[2025-11-22T11:44:15.201] [DEBUG] debug-file - Update task entry:default@CompileResource input file:C:\Users\34857\DevEcoStudioProjects\GreenGroth\oh_modules\.ohpm\@ohos+axios@2.2.6\oh_modules\@ohos\axios\src\main\resources cache by regenerate.
[2025-11-22T11:44:15.206] [DEBUG] debug-file - Update task entry:default@CompileResource input file:C:\Users\34857\DevEcoStudioProjects\GreenGroth\entry\build\default\intermediates\res\default\resource_str cache from map.
[2025-11-22T11:44:15.206] [DEBUG] debug-file - Update task entry:default@CompileResource input file:C:\Users\34857\DevEcoStudioProjects\GreenGroth\AppScope\resources cache by regenerate.
[2025-11-22T11:44:15.209] [DEBUG] debug-file - Update task entry:default@CompileResource input file:C:\Users\34857\DevEcoStudioProjects\GreenGroth\entry\build\default\intermediates\process_profile\default\module.json cache by regenerate.
[2025-11-22T11:44:15.210] [DEBUG] debug-file - Update task entry:default@CompileResource input file:C:\Users\34857\DevEcoStudioProjects\GreenGroth\entry\build\default\intermediates\res\default\resConfig.json cache by regenerate.
[2025-11-22T11:44:15.210] [DEBUG] debug-file - Update task entry:default@CompileResource output file:C:\Users\34857\DevEcoStudioProjects\GreenGroth\entry\build\default\intermediates\res\default cache.
[2025-11-22T11:44:15.225] [DEBUG] debug-file - Update task entry:default@CompileResource output file:C:\Users\34857\DevEcoStudioProjects\GreenGroth\entry\build\default\generated\r\default\ResourceTable.h cache.
[2025-11-22T11:44:15.226] [DEBUG] debug-file - Update task entry:default@CompileResource output file:C:\Users\34857\DevEcoStudioProjects\GreenGroth\entry\build\default\generated\r\default cache.
[2025-11-22T11:44:15.227] [DEBUG] debug-file - Incremental task entry:default@CompileResource post-execution cost:37 ms .
[2025-11-22T11:44:15.227] [DEBUG] debug-file - There is no need to refresh cache, since the incremental task entry:default@DoNativeStrip is up-to-date.
[2025-11-22T11:44:15.230] [DEBUG] debug-file - Update task entry:default@CompileArkTS input file:C:\Users\34857\DevEcoStudioProjects\GreenGroth\entry\build\default\intermediates\loader\default cache from map.
[2025-11-22T11:44:15.230] [DEBUG] debug-file - Update task entry:default@CompileArkTS input file:C:\Users\34857\DevEcoStudioProjects\GreenGroth\oh_modules\.ohpm\@ohos+axios@2.2.6\oh_modules\@ohos\axios\index.js cache by regenerate.
[2025-11-22T11:44:15.231] [DEBUG] debug-file - Update task entry:default@CompileArkTS input file:C:\Users\34857\DevEcoStudioProjects\GreenGroth\oh_modules\.ohpm\@ohos+axios@2.2.6\oh_modules\@ohos\axios\src\main\ets cache by regenerate.
[2025-11-22T11:44:15.263] [DEBUG] debug-file - Update task entry:default@CompileArkTS input file:C:\Users\34857\DevEcoStudioProjects\GreenGroth\entry\build\default\intermediates\res\default\resources\rawfile cache by regenerate.
[2025-11-22T11:44:15.266] [DEBUG] debug-file - Update task entry:default@CompileArkTS input file:C:\Users\34857\DevEcoStudioProjects\GreenGroth\entry\build\default\intermediates\res\default\ResourceTable.txt cache by regenerate.
[2025-11-22T11:44:15.266] [DEBUG] debug-file - Update task entry:default@CompileArkTS input file:C:\Users\34857\DevEcoStudioProjects\GreenGroth\entry\build\default\intermediates\res\default\ark_module.json cache by regenerate.
[2025-11-22T11:44:15.267] [DEBUG] debug-file - Update task entry:default@CompileArkTS input file:C:\Users\34857\DevEcoStudioProjects\GreenGroth\entry\build\default\intermediates\res\default\resources\base\profile cache by regenerate.
[2025-11-22T11:44:15.268] [DEBUG] debug-file - Update task entry:default@CompileArkTS input file:C:\Users\34857\DevEcoStudioProjects\GreenGroth\entry\src\main\ets cache by regenerate.
[2025-11-22T11:44:15.277] [DEBUG] debug-file - Update task entry:default@CompileArkTS input file:C:\Users\34857\DevEcoStudioProjects\GreenGroth\entry\build\default\intermediates\loader\default\pkgContextInfo.json cache by regenerate.
[2025-11-22T11:44:15.277] [DEBUG] debug-file - Update task entry:default@CompileArkTS input file:C:\Users\34857\DevEcoStudioProjects\GreenGroth\entry\build\default\generated\profile\default\BuildProfile.ets cache by regenerate.
[2025-11-22T11:44:15.278] [DEBUG] debug-file - Update task entry:default@CompileArkTS input file:C:\Users\34857\DevEcoStudioProjects\GreenGroth\entry\src\mock\mock-config.json5 cache by regenerate.
[2025-11-22T11:44:15.278] [DEBUG] debug-file - Update task entry:default@CompileArkTS output file:C:\Users\34857\DevEcoStudioProjects\GreenGroth\entry\build\default\intermediates\loader_out\default\ets cache.
[2025-11-22T11:44:15.280] [DEBUG] debug-file - Incremental task entry:default@CompileArkTS post-execution cost:53 ms .
[2025-11-22T11:44:15.282] [DEBUG] debug-file - Update task entry:default@BuildJS input file:C:\Users\34857\DevEcoStudioProjects\GreenGroth\entry\build\default\intermediates\loader\default cache by regenerate.
[2025-11-22T11:44:15.284] [DEBUG] debug-file - Update task entry:default@BuildJS input file:C:\Users\34857\DevEcoStudioProjects\GreenGroth\oh_modules\.ohpm\@ohos+axios@2.2.6\oh_modules\@ohos\axios\index.js cache by regenerate.
[2025-11-22T11:44:15.284] [DEBUG] debug-file - Update task entry:default@BuildJS input file:C:\Users\34857\DevEcoStudioProjects\GreenGroth\entry\build\default\intermediates\res\default\resources\rawfile cache by regenerate.
[2025-11-22T11:44:15.286] [DEBUG] debug-file - Update task entry:default@BuildJS input file:C:\Users\34857\DevEcoStudioProjects\GreenGroth\entry\build\default\intermediates\res\default\ResourceTable.txt cache by regenerate.
[2025-11-22T11:44:15.286] [DEBUG] debug-file - Update task entry:default@BuildJS input file:C:\Users\34857\DevEcoStudioProjects\GreenGroth\entry\build\default\intermediates\res\default\ark_module.json cache by regenerate.
[2025-11-22T11:44:15.287] [DEBUG] debug-file - Update task entry:default@BuildJS input file:C:\Users\34857\DevEcoStudioProjects\GreenGroth\entry\build\default\intermediates\res\default\resources\base\profile cache by regenerate.
[2025-11-22T11:44:15.288] [DEBUG] debug-file - Update task entry:default@BuildJS input file:C:\Users\34857\DevEcoStudioProjects\GreenGroth\entry\build\default\intermediates\loader\default\pkgContextInfo.json cache by regenerate.
[2025-11-22T11:44:15.289] [DEBUG] debug-file - Update task entry:default@BuildJS output file:C:\Users\34857\DevEcoStudioProjects\GreenGroth\entry\build\default\intermediates\loader_out\default\js cache.
[2025-11-22T11:44:15.289] [DEBUG] debug-file - Incremental task entry:default@BuildJS post-execution cost:10 ms .
[2025-11-22T11:44:15.289] [DEBUG] debug-file - There is no need to refresh cache, since the incremental task entry:default@CacheNativeLibs is up-to-date.
[2025-11-22T11:44:15.289] [DEBUG] debug-file - Update task entry:default@GeneratePkgModuleJson input file:C:\Users\34857\DevEcoStudioProjects\GreenGroth\entry\build\default\intermediates\res\default\module.json cache from map.
[2025-11-22T11:44:15.289] [DEBUG] debug-file - Update task entry:default@GeneratePkgModuleJson output file:C:\Users\34857\DevEcoStudioProjects\GreenGroth\entry\build\default\intermediates\package\default\module.json cache.
[2025-11-22T11:44:15.290] [DEBUG] debug-file - Incremental task entry:default@GeneratePkgModuleJson post-execution cost:1 ms .
[2025-11-22T11:44:15.290] [DEBUG] debug-file - Incremental task entry:default@ProcessCompiledResources post-execution cost:1 ms .
[2025-11-22T11:44:15.291] [DEBUG] debug-file - Update task entry:default@PackageHap input file:C:\Users\34857\DevEcoStudioProjects\GreenGroth\entry\build\default\intermediates\stripped_native_libs\default cache by regenerate.
[2025-11-22T11:44:15.292] [DEBUG] debug-file - Update task entry:default@PackageHap input file:C:\Users\34857\DevEcoStudioProjects\GreenGroth\entry\build\default\intermediates\res\default\module.json cache from map.
[2025-11-22T11:44:15.292] [DEBUG] debug-file - Update task entry:default@PackageHap input file:C:\Users\34857\DevEcoStudioProjects\GreenGroth\entry\build\default\intermediates\res\default\resources cache by regenerate.
[2025-11-22T11:44:15.298] [DEBUG] debug-file - Update task entry:default@PackageHap input file:C:\Users\34857\DevEcoStudioProjects\GreenGroth\entry\build\default\intermediates\res\default\resources.index cache by regenerate.
[2025-11-22T11:44:15.299] [DEBUG] debug-file - Update task entry:default@PackageHap input file:C:\Users\34857\DevEcoStudioProjects\GreenGroth\entry\build\default\outputs\default\pack.info cache by regenerate.
[2025-11-22T11:44:15.299] [DEBUG] debug-file - Update task entry:default@PackageHap input file:C:\Users\34857\DevEcoStudioProjects\GreenGroth\entry\build\default\intermediates\loader_out\default\ets cache by regenerate.
[2025-11-22T11:44:15.300] [DEBUG] debug-file - Update task entry:default@PackageHap input file:C:\Users\34857\DevEcoStudioProjects\GreenGroth\entry\build\default\intermediates\loader\default\pkgContextInfo.json cache by regenerate.
[2025-11-22T11:44:15.301] [DEBUG] debug-file - Update task entry:default@PackageHap input file:C:\Users\34857\DevEcoStudioProjects\GreenGroth\entry\build\default\intermediates\loader_out\default\ets\sourceMaps.map cache by regenerate.
[2025-11-22T11:44:15.301] [DEBUG] debug-file - Update task entry:default@PackageHap input file:C:\Users\34857\DevEcoStudioProjects\GreenGroth\entry\build\default\generated\profile\default\BuildProfile.ets cache by regenerate.
[2025-11-22T11:44:15.302] [DEBUG] debug-file - Update task entry:default@PackageHap output file:C:\Users\34857\DevEcoStudioProjects\GreenGroth\entry\build\default\outputs\default\entry-default-unsigned.hap cache.
[2025-11-22T11:44:15.302] [DEBUG] debug-file - Update task entry:default@PackageHap output file:C:\Users\34857\DevEcoStudioProjects\GreenGroth\entry\build\default\intermediates\source_map\default\sourceMaps.map cache.
[2025-11-22T11:44:15.303] [DEBUG] debug-file - Update task entry:default@PackageHap output file:C:\Users\34857\DevEcoStudioProjects\GreenGroth\entry\build\default\outputs\default\mapping\sourceMaps.map cache.
[2025-11-22T11:44:15.303] [DEBUG] debug-file - Incremental task entry:default@PackageHap post-execution cost:14 ms .
[2025-11-22T11:44:15.304] [DEBUG] debug-file - Update task entry:default@SignHap input file:C:\Users\34857\.ohos\config\default_GreenGroth_2zkMoGRQ23T0hwfrix4UQ-P3d7ce_fX4DJwYQf7UnIw=.cer cache by regenerate.
[2025-11-22T11:44:15.304] [DEBUG] debug-file - Update task entry:default@SignHap input file:C:\Users\34857\.ohos\config\default_GreenGroth_2zkMoGRQ23T0hwfrix4UQ-P3d7ce_fX4DJwYQf7UnIw=.p7b cache by regenerate.
[2025-11-22T11:44:15.305] [DEBUG] debug-file - Update task entry:default@SignHap input file:C:\Users\34857\.ohos\config\default_GreenGroth_2zkMoGRQ23T0hwfrix4UQ-P3d7ce_fX4DJwYQf7UnIw=.p12 cache by regenerate.
[2025-11-22T11:44:15.305] [DEBUG] debug-file - Update task entry:default@SignHap input file:C:\Users\34857\DevEcoStudioProjects\GreenGroth\entry\build\default\outputs\default\entry-default-unsigned.hap cache from map.
[2025-11-22T11:44:15.305] [DEBUG] debug-file - Update task entry:default@SignHap output file:C:\Users\34857\DevEcoStudioProjects\GreenGroth\entry\build\default\outputs\default\entry-default-signed.hap cache.
[2025-11-22T11:44:15.306] [DEBUG] debug-file - Incremental task entry:default@SignHap post-execution cost:3 ms .
[2025-11-22T11:44:15.307] [DEBUG] debug-file - Update task entry:default@CollectDebugSymbol input file:C:\Users\34857\DevEcoStudioProjects\GreenGroth\entry\build\default\intermediates\loader_out\default\ets\sourceMaps.map cache by regenerate.
[2025-11-22T11:44:15.307] [DEBUG] debug-file - Update task entry:default@CollectDebugSymbol input file:C:\Users\34857\DevEcoStudioProjects\GreenGroth\entry\build\default\intermediates\libs\default cache by regenerate.
[2025-11-22T11:44:15.308] [DEBUG] debug-file - Update task entry:default@CollectDebugSymbol output file:C:\Users\34857\DevEcoStudioProjects\GreenGroth\entry\build\default\outputs\default\symbol cache.
[2025-11-22T11:44:15.309] [DEBUG] debug-file - Incremental task entry:default@CollectDebugSymbol post-execution cost:3 ms .
[2025-11-22T11:44:15.349] [DEBUG] debug-file - Cleanup worker 0.
[2025-11-22T11:44:15.350] [DEBUG] debug-file - Worker 0 has been cleaned up.
[2025-11-22T11:44:15.350] [DEBUG] debug-file - Current idle worker size: 2.
[2025-11-22T11:44:15.350] [DEBUG] debug-file - Current resident worker size: 3.
[2025-11-22T11:44:15.350] [DEBUG] debug-file - Cleanup worker 1.
[2025-11-22T11:44:15.350] [DEBUG] debug-file - Worker 1 has been cleaned up.
[2025-11-22T11:44:15.350] [DEBUG] debug-file - Current idle worker size: 1.
[2025-11-22T11:44:15.350] [DEBUG] debug-file - Current resident worker size: 3.
[2025-11-22T11:44:15.353] [DEBUG] debug-file - hvigor build process will be closed.
[2025-11-22T11:44:15.353] [DEBUG] debug-file - java daemon socket close code:1000 reason:close by user
[2025-11-22T11:44:15.359] [DEBUG] debug-file - session manager: send message to worker process.
[2025-11-22T11:44:15.360] [DEBUG] debug-file - session manager: send message to worker process.
[2025-11-22T11:44:15.355] [DEBUG] debug-file - worker[1] exits with exit code 1.
[2025-11-22T11:44:15.358] [DEBUG] debug-file - worker[0] exits with exit code 1.
[2025-11-22T11:44:15.359] [DEBUG] debug-file - watch worker: worker id should be larger than 0. Nothing will be sent to any worker thread.
[2025-11-22T11:44:15.359] [DEBUG] debug-file - watch worker: worker id should be larger than 0. Nothing will be sent to any worker thread.
[2025-11-22T12:33:35.288] [DEBUG] debug-file - env: nodejsVersion=v18.20.1
[2025-11-22T12:33:35.391] [DEBUG] debug-file - env: daemon=true
[2025-11-22T12:33:35.292] [DEBUG] debug-file - env: hvigor-config.json5 content = {
  modelVersion: '6.0.0',
  dependencies: {},
  execution: {},
  logging: {},
  debugging: {},
  nodeOptions: {}
}
[2025-11-22T12:33:36.960] [DEBUG] debug-file - java daemon tryConnect failed Error: connect ECONNREFUSED 127.0.0.1:45050
[2025-11-22T12:33:36.969] [DEBUG] debug-file - java daemon started at port 45050 pid 24032
[2025-11-22T12:33:37.035] [DEBUG] debug-file - session manager: set active socket. socketId=ZtWOIDWjrk4ZBiBkAAAB
[2025-11-22T12:33:39.003] [DEBUG] debug-file - watch worker: worker id should be larger than 0. Nothing will be sent to any worker thread.
[2025-11-22T12:33:39.021] [DEBUG] debug-file - Hvigor init with startParameters:{
  hvigorfileTypeCheck: false,
  parallelExecution: true,
  incrementalExecution: true,
  printStackTrace: false,
  daemon: true,
  analyze: 0,
  logLevel: Level { level: 20000, levelStr: 'INFO', colour: 'green' },
  optimizationStrategy: 'memory',
  hotCompile: undefined,
  hotReloadBuild: undefined
}
[2025-11-22T12:33:39.032] [DEBUG] debug-file - Cache service initialization finished in 11 ms 
[2025-11-22T12:33:39.035] [DEBUG] debug-file - hvigorfile, resolving C:\Users\34857\DevEcoStudioProjects\GreenGroth\hvigorfile.ts
[2025-11-22T12:33:43.611] [DEBUG] debug-file - hvigorfile, require result:  { default: { plugins: [] } }
[2025-11-22T12:33:43.612] [DEBUG] debug-file - hvigorfile, binding system plugins null
[2025-11-22T12:33:43.848] [DEBUG] debug-file - Start initialize project's product build option map with build mode debug.
[2025-11-22T12:33:43.848] [DEBUG] debug-file - Picking option from product 'default' with build mode 'debug'.
[2025-11-22T12:33:43.849] [DEBUG] debug-file - Product 'default' build option initialized
[2025-11-22T12:33:43.849] [DEBUG] debug-file - End initialize project's product build option map with build mode 'debug'.
[2025-11-22T12:33:43.852] [DEBUG] debug-file - Obtain build option for product 'default'in this build.
[2025-11-22T12:33:43.863] [DEBUG] debug-file - C:\Users\34857\DevEcoStudioProjects\GreenGroth\build\cache\default\remote_hsp\remoteHspCache.json not exists.
[2025-11-22T12:33:43.867] [DEBUG] debug-file - Local scan or download HarmonyOS sdk components toolchains,ets,js,native,previewer
[2025-11-22T12:33:43.872] [DEBUG] debug-file - Local scan or download hmscore sdk components toolchains,ets,native
[2025-11-22T12:33:43.875] [DEBUG] debug-file - Start recording SDK configuration permission data.
[2025-11-22T12:33:43.917] [DEBUG] debug-file - Sdk init in 52 ms 
[2025-11-22T12:33:43.924] [DEBUG] debug-file - Project task initialization takes 6 ms 
[2025-11-22T12:33:43.924] [DEBUG] debug-file - hvigorfile, binding custom plugins []
[2025-11-22T12:33:43.924] [DEBUG] debug-file - hvigorfile, no custom plugins were found in C:\Users\34857\DevEcoStudioProjects\GreenGroth\hvigorfile.ts
[2025-11-22T12:33:43.924] [DEBUG] debug-file - hvigorfile, resolve finished C:\Users\34857\DevEcoStudioProjects\GreenGroth\hvigorfile.ts
[2025-11-22T12:33:43.925] [DEBUG] debug-file - hvigorfile, resolving C:\Users\34857\DevEcoStudioProjects\GreenGroth\entry\hvigorfile.ts
[2025-11-22T12:33:43.933] [DEBUG] debug-file - hvigorfile, require result:  { default: { plugins: [] } }
[2025-11-22T12:33:43.933] [DEBUG] debug-file - hvigorfile, binding system plugins null
[2025-11-22T12:33:43.935] [DEBUG] debug-file - failed to load cangjie to dynamically generate schemas: Error: Cannot find module '@ohos/cangjie-build-support/index'
Require stack:
- C:\Program Files\Huawei\DevEco Studio\tools\hvigor\hvigor-ohos-plugin\src\plugin\factory\plugin-factory.js
- C:\Program Files\Huawei\DevEco Studio\tools\hvigor\hvigor-ohos-plugin\index.js
- C:\Users\34857\DevEcoStudioProjects\GreenGroth\hvigorfile.ts
- C:\Program Files\Huawei\DevEco Studio\tools\hvigor\hvigor\src\base\internal\lifecycle\configuration.js
- C:\Program Files\Huawei\DevEco Studio\tools\hvigor\hvigor\src\base\boot\index.js
- C:\Program Files\Huawei\DevEco Studio\tools\hvigor\hvigor\src\base\daemon\cluster\worker-process-lifecycle.js
- C:\Program Files\Huawei\DevEco Studio\tools\hvigor\hvigor\src\base\daemon\process\daemon-process-boot-script.js
[2025-11-22T12:33:43.954] [DEBUG] debug-file - Start initialize module-target build option map, moduleName=entry, buildMode=debug
[2025-11-22T12:33:43.955] [DEBUG] debug-file - Target 'default' config initialized
[2025-11-22T12:33:43.956] [DEBUG] debug-file - Target 'ohosTest' config initialized
[2025-11-22T12:33:43.956] [DEBUG] debug-file - Module 'entry' target 'default' build option initialized
[2025-11-22T12:33:43.957] [DEBUG] debug-file - Module 'entry' target 'ohosTest' build option initialized
[2025-11-22T12:33:43.957] [DEBUG] debug-file - End initialize module-target build option map, moduleName=entry
[2025-11-22T12:33:43.957] [DEBUG] debug-file - Start initialize module-target build option map, moduleName=entry, buildMode=release
[2025-11-22T12:33:43.957] [DEBUG] debug-file - Target 'default' config initialized
[2025-11-22T12:33:43.958] [DEBUG] debug-file - Target 'ohosTest' config initialized
[2025-11-22T12:33:43.958] [DEBUG] debug-file - Module 'entry' target 'default' build option initialized
[2025-11-22T12:33:43.958] [DEBUG] debug-file - Module 'entry' target 'ohosTest' build option initialized
[2025-11-22T12:33:43.958] [DEBUG] debug-file - End initialize module-target build option map, moduleName=entry
[2025-11-22T12:33:43.958] [DEBUG] debug-file - Start initialize module-target build option map, moduleName=entry, buildMode=debug
[2025-11-22T12:33:43.959] [DEBUG] debug-file - Target 'default' config initialized
[2025-11-22T12:33:43.959] [DEBUG] debug-file - Target 'ohosTest' config initialized
[2025-11-22T12:33:43.959] [DEBUG] debug-file - Module 'entry' target 'default' build option initialized
[2025-11-22T12:33:43.959] [DEBUG] debug-file - Module 'entry' target 'ohosTest' build option initialized
[2025-11-22T12:33:43.959] [DEBUG] debug-file - End initialize module-target build option map, moduleName=entry
[2025-11-22T12:33:43.960] [DEBUG] debug-file - Obtain build option for module 'entry' target 'default'in this build.
[2025-11-22T12:33:43.968] [DEBUG] debug-file - Module entry task initialization takes 7 ms 
[2025-11-22T12:33:43.968] [DEBUG] debug-file - hvigorfile, binding custom plugins []
[2025-11-22T12:33:43.968] [DEBUG] debug-file - hvigorfile, no custom plugins were found in C:\Users\34857\DevEcoStudioProjects\GreenGroth\entry\hvigorfile.ts
[2025-11-22T12:33:43.968] [DEBUG] debug-file - hvigorfile, resolve finished C:\Users\34857\DevEcoStudioProjects\GreenGroth\entry\hvigorfile.ts
[2025-11-22T12:33:44.075] [DEBUG] debug-file - hvigorfile, resolve hvigorfile dependencies in 107 ms 
[2025-11-22T12:33:44.076] [DEBUG] debug-file - project has submodules:entry
[2025-11-22T12:33:44.081] [DEBUG] debug-file - start to load updatedOhPackageInfo to the disk
[2025-11-22T12:33:44.098] [DEBUG] debug-file - load to the disk finished
[2025-11-22T12:33:44.101] [DEBUG] debug-file - Start to initialize dependency information.
[2025-11-22T12:33:44.138] [DEBUG] debug-file - Module GreenGroth Collected Dependency: 
[2025-11-22T12:33:44.138] [DEBUG] debug-file - Module GreenGroth's total dependency: 0
[2025-11-22T12:33:44.141] [DEBUG] debug-file - Start to initialize dependency information.
[2025-11-22T12:33:44.167] [DEBUG] debug-file - Module entry Collected Dependency: C:\Users\34857\DevEcoStudioProjects\GreenGroth\oh_modules\.ohpm\@ohos+axios@2.2.6\oh_modules\@ohos\axios
[2025-11-22T12:33:44.167] [DEBUG] debug-file - Module entry's total dependency: 1
[2025-11-22T12:33:44.179] [DEBUG] debug-file - Configuration phase cost:5 s 147 ms 
[2025-11-22T12:33:44.184] [DEBUG] debug-file - Configuration task cost before running: 5 s 175 ms 
[2025-11-22T12:33:44.203] [DEBUG] debug-file - Executing task :entry:default@PreBuild
[2025-11-22T12:33:44.206] [DEBUG] debug-file - Task 'entry:default@PreBuild' cost while wrapping incremental declarations: 1 ms 
[2025-11-22T12:33:44.236] [DEBUG] debug-file - Incremental task entry:default@PreBuild pre-execution cost: 18 ms .
[2025-11-22T12:33:44.236] [DEBUG] debug-file - entry : default@PreBuild cost memory 0.619598388671875
[2025-11-22T12:33:44.243] [INFO] debug-file - UP-TO-DATE :entry:default@PreBuild...  
[2025-11-22T12:33:44.245] [DEBUG] debug-file - Executing task :entry:default@CreateModuleInfo
[2025-11-22T12:33:44.245] [DEBUG] debug-file - Task 'entry:default@CreateModuleInfo' cost while wrapping incremental declarations: 1 ms 
[2025-11-22T12:33:44.246] [DEBUG] debug-file - entry : default@CreateModuleInfo cost memory 0.04254150390625
[2025-11-22T12:33:44.247] [DEBUG] debug-file - runTaskFromQueue task cost before running: 5 s 238 ms 
[2025-11-22T12:33:44.247] [INFO] debug-file - Finished :entry:default@CreateModuleInfo... after 2 ms 
[2025-11-22T12:33:44.257] [DEBUG] debug-file - Executing task :entry:default@GenerateMetadata
[2025-11-22T12:33:44.259] [DEBUG] debug-file - Task 'entry:default@GenerateMetadata' cost while wrapping incremental declarations: 2 ms 
[2025-11-22T12:33:44.262] [DEBUG] debug-file - Incremental task entry:default@GenerateMetadata pre-execution cost: 3 ms .
[2025-11-22T12:33:44.262] [DEBUG] debug-file - entry : default@GenerateMetadata cost memory 0.1011505126953125
[2025-11-22T12:33:44.262] [INFO] debug-file - UP-TO-DATE :entry:default@GenerateMetadata...  
[2025-11-22T12:33:44.265] [DEBUG] debug-file - Executing task :entry:default@ConfigureCmake
[2025-11-22T12:33:44.265] [DEBUG] debug-file - entry : default@ConfigureCmake cost memory 0.016143798828125
[2025-11-22T12:33:44.265] [DEBUG] debug-file - runTaskFromQueue task cost before running: 5 s 257 ms 
[2025-11-22T12:33:44.266] [INFO] debug-file - Finished :entry:default@ConfigureCmake... after 1 ms 
[2025-11-22T12:33:44.268] [DEBUG] debug-file - Executing task :entry:default@MergeProfile
[2025-11-22T12:33:44.269] [DEBUG] debug-file - Task 'entry:default@MergeProfile' cost while wrapping incremental declarations: 1 ms 
[2025-11-22T12:33:44.276] [DEBUG] debug-file - Incremental task entry:default@MergeProfile pre-execution cost: 6 ms .
[2025-11-22T12:33:44.276] [DEBUG] debug-file - entry : default@MergeProfile cost memory 0.16039276123046875
[2025-11-22T12:33:44.277] [INFO] debug-file - UP-TO-DATE :entry:default@MergeProfile...  
[2025-11-22T12:33:44.279] [DEBUG] debug-file - Executing task :entry:default@CreateBuildProfile
[2025-11-22T12:33:44.281] [DEBUG] debug-file - Task 'entry:default@CreateBuildProfile' cost while wrapping incremental declarations: 1 ms 
[2025-11-22T12:33:44.283] [DEBUG] debug-file - Incremental task entry:default@CreateBuildProfile pre-execution cost: 3 ms .
[2025-11-22T12:33:44.283] [DEBUG] debug-file - entry : default@CreateBuildProfile cost memory 0.1056976318359375
[2025-11-22T12:33:44.283] [INFO] debug-file - UP-TO-DATE :entry:default@CreateBuildProfile...  
[2025-11-22T12:33:44.286] [DEBUG] debug-file - Executing task :entry:default@PreCheckSyscap
[2025-11-22T12:33:44.286] [DEBUG] debug-file - entry : default@PreCheckSyscap cost memory 0.01638031005859375
[2025-11-22T12:33:44.286] [DEBUG] debug-file - runTaskFromQueue task cost before running: 5 s 278 ms 
[2025-11-22T12:33:44.287] [INFO] debug-file - Finished :entry:default@PreCheckSyscap... after 1 ms 
[2025-11-22T12:33:44.290] [DEBUG] debug-file - Executing task :entry:default@GeneratePkgContextInfo
[2025-11-22T12:33:44.306] [DEBUG] debug-file - Task 'entry:default@GeneratePkgContextInfo' cost while wrapping incremental declarations: 1 ms 
[2025-11-22T12:33:44.307] [DEBUG] debug-file - Incremental task entry:default@GeneratePkgContextInfo pre-execution cost: 2 ms .
[2025-11-22T12:33:44.308] [DEBUG] debug-file - entry : default@GeneratePkgContextInfo cost memory 0.3367462158203125
[2025-11-22T12:33:44.308] [INFO] debug-file - UP-TO-DATE :entry:default@GeneratePkgContextInfo...  
[2025-11-22T12:33:44.319] [DEBUG] debug-file - Executing task :entry:default@ProcessIntegratedHsp
[2025-11-22T12:33:44.320] [DEBUG] debug-file - entry:default@ProcessIntegratedHsp is not up-to-date, since the output file 'C:\Users\34857\DevEcoStudioProjects\GreenGroth\build\cache\default\integrated_hsp\integratedHspCache.json' does not exist.
[2025-11-22T12:33:44.320] [DEBUG] debug-file - Incremental task entry:default@ProcessIntegratedHsp pre-execution cost: 1 ms .
[2025-11-22T12:33:44.320] [DEBUG] debug-file - entry : default@ProcessIntegratedHsp cost memory 0.06439208984375
[2025-11-22T12:33:44.320] [DEBUG] debug-file - runTaskFromQueue task cost before running: 5 s 312 ms 
[2025-11-22T12:33:44.321] [INFO] debug-file - Finished :entry:default@ProcessIntegratedHsp... after 2 ms 
[2025-11-22T12:33:44.323] [DEBUG] debug-file - Executing task :entry:default@BuildNativeWithCmake
[2025-11-22T12:33:44.324] [DEBUG] debug-file - entry : default@BuildNativeWithCmake cost memory 0.01757049560546875
[2025-11-22T12:33:44.324] [DEBUG] debug-file - runTaskFromQueue task cost before running: 5 s 315 ms 
[2025-11-22T12:33:44.324] [INFO] debug-file - Finished :entry:default@BuildNativeWithCmake... after 2 ms 
[2025-11-22T12:33:44.327] [DEBUG] debug-file - Executing task :entry:default@MakePackInfo
[2025-11-22T12:33:44.335] [DEBUG] debug-file - Incremental task entry:default@MakePackInfo pre-execution cost: 6 ms .
[2025-11-22T12:33:44.335] [DEBUG] debug-file - entry : default@MakePackInfo cost memory 0.13808441162109375
[2025-11-22T12:33:44.336] [INFO] debug-file - UP-TO-DATE :entry:default@MakePackInfo...  
[2025-11-22T12:33:44.339] [DEBUG] debug-file - Executing task :entry:default@SyscapTransform
[2025-11-22T12:33:44.339] [DEBUG] debug-file - File: 'C:\Users\34857\DevEcoStudioProjects\GreenGroth\entry\src\main\syscap.json' from 'sysCapJsonPath' is not exists, just ignore.
[2025-11-22T12:33:44.341] [DEBUG] debug-file - Task 'entry:default@SyscapTransform' cost while wrapping incremental declarations: 3 ms 
[2025-11-22T12:33:44.361] [DEBUG] debug-file - entry:default@SyscapTransform is not up-to-date, since the output file 'C:\Users\34857\DevEcoStudioProjects\GreenGroth\entry\build\default\intermediates\syscap\default\rpcid.sc' does not exist.
[2025-11-22T12:33:44.362] [DEBUG] debug-file - Incremental task entry:default@SyscapTransform pre-execution cost: 20 ms .
[2025-11-22T12:33:44.362] [DEBUG] debug-file - entry : default@SyscapTransform cost memory 0.16436767578125
[2025-11-22T12:33:44.362] [DEBUG] debug-file - runTaskFromQueue task cost before running: 5 s 353 ms 
[2025-11-22T12:33:44.362] [INFO] debug-file - Finished :entry:default@SyscapTransform... after 24 ms 
[2025-11-22T12:33:44.365] [DEBUG] debug-file - Executing task :entry:default@ProcessProfile
[2025-11-22T12:33:44.366] [DEBUG] debug-file - Task 'entry:default@ProcessProfile' cost while wrapping incremental declarations: 1 ms 
[2025-11-22T12:33:44.368] [DEBUG] debug-file - Incremental task entry:default@ProcessProfile pre-execution cost: 2 ms .
[2025-11-22T12:33:44.369] [DEBUG] debug-file - entry : default@ProcessProfile cost memory 0.1851348876953125
[2025-11-22T12:33:44.369] [INFO] debug-file - UP-TO-DATE :entry:default@ProcessProfile...  
[2025-11-22T12:33:44.371] [DEBUG] debug-file - Executing task :entry:default@ProcessRouterMap
[2025-11-22T12:33:44.377] [DEBUG] debug-file - Incremental task entry:default@ProcessRouterMap pre-execution cost: 5 ms .
[2025-11-22T12:33:44.377] [DEBUG] debug-file - entry : default@ProcessRouterMap cost memory 0.18914794921875
[2025-11-22T12:33:44.379] [INFO] debug-file - UP-TO-DATE :entry:default@ProcessRouterMap...  
[2025-11-22T12:33:44.381] [DEBUG] debug-file - Executing task :entry:default@ProcessShareConfig
[2025-11-22T12:33:44.387] [DEBUG] debug-file - Incremental task entry:default@ProcessShareConfig pre-execution cost: 5 ms .
[2025-11-22T12:33:44.388] [DEBUG] debug-file - entry : default@ProcessShareConfig cost memory 0.1701507568359375
[2025-11-22T12:33:44.389] [INFO] debug-file - UP-TO-DATE :entry:default@ProcessShareConfig...  
[2025-11-22T12:33:44.391] [DEBUG] debug-file - Executing task :entry:default@ProcessStartupConfig
[2025-11-22T12:33:44.391] [DEBUG] debug-file - Task 'entry:default@ProcessStartupConfig' cost while wrapping incremental declarations: 1 ms 
[2025-11-22T12:33:44.393] [DEBUG] debug-file - entry:default@ProcessStartupConfig is not up-to-date, since the output file 'C:\Users\34857\DevEcoStudioProjects\GreenGroth\entry\build\default\intermediates\startup\default\startup_config.json' does not exist.
[2025-11-22T12:33:44.394] [DEBUG] debug-file - Incremental task entry:default@ProcessStartupConfig pre-execution cost: 2 ms .
[2025-11-22T12:33:44.396] [DEBUG] debug-file - entry : default@ProcessStartupConfig cost memory 0.17507171630859375
[2025-11-22T12:33:44.396] [DEBUG] debug-file - runTaskFromQueue task cost before running: 5 s 387 ms 
[2025-11-22T12:33:44.397] [INFO] debug-file - Finished :entry:default@ProcessStartupConfig... after 6 ms 
[2025-11-22T12:33:44.399] [DEBUG] debug-file - Executing task :entry:default@BuildNativeWithNinja
[2025-11-22T12:33:44.399] [DEBUG] debug-file - entry : default@BuildNativeWithNinja cost memory 0.02465057373046875
[2025-11-22T12:33:44.400] [DEBUG] debug-file - runTaskFromQueue task cost before running: 5 s 391 ms 
[2025-11-22T12:33:44.400] [INFO] debug-file - Finished :entry:default@BuildNativeWithNinja... after 2 ms 
[2025-11-22T12:33:44.403] [DEBUG] debug-file - restool module names: entry; moduleName=entry, taskName=default@ProcessResource
[2025-11-22T12:33:44.408] [DEBUG] debug-file - Executing task :entry:default@ProcessResource
[2025-11-22T12:33:44.408] [DEBUG] debug-file - Task 'entry:default@ProcessResource' cost while wrapping incremental declarations: 1 ms 
[2025-11-22T12:33:44.411] [DEBUG] debug-file - Incremental task entry:default@ProcessResource pre-execution cost: 2 ms .
[2025-11-22T12:33:44.411] [DEBUG] debug-file - entry : default@ProcessResource cost memory 0.1466064453125
[2025-11-22T12:33:44.414] [INFO] debug-file - UP-TO-DATE :entry:default@ProcessResource...  
[2025-11-22T12:33:44.418] [DEBUG] debug-file - Executing task :entry:default@GenerateLoaderJson
[2025-11-22T12:33:44.420] [DEBUG] debug-file - Task 'entry:default@GenerateLoaderJson' cost while wrapping incremental declarations: 1 ms 
[2025-11-22T12:33:44.435] [DEBUG] debug-file - Incremental task entry:default@GenerateLoaderJson pre-execution cost: 9 ms .
[2025-11-22T12:33:44.436] [DEBUG] debug-file - entry : default@GenerateLoaderJson cost memory 0.6708831787109375
[2025-11-22T12:33:44.441] [INFO] debug-file - UP-TO-DATE :entry:default@GenerateLoaderJson...  
[2025-11-22T12:33:44.442] [DEBUG] debug-file - Executing task :entry:default@ProcessLibs
[2025-11-22T12:33:44.449] [DEBUG] debug-file - Incremental task entry:default@ProcessLibs pre-execution cost: 4 ms .
[2025-11-22T12:33:44.449] [DEBUG] debug-file - entry : default@ProcessLibs cost memory 0.20114898681640625
[2025-11-22T12:33:44.451] [INFO] debug-file - UP-TO-DATE :entry:default@ProcessLibs...  
[2025-11-22T12:33:44.454] [DEBUG] debug-file - restool module names: entry; moduleName=entry, taskName=default@CompileResource
[2025-11-22T12:33:44.456] [DEBUG] debug-file - Executing task :entry:default@CompileResource
[2025-11-22T12:33:44.512] [DEBUG] debug-file - Incremental task entry:default@CompileResource pre-execution cost: 52 ms .
[2025-11-22T12:33:44.513] [DEBUG] debug-file - entry : default@CompileResource cost memory -7.645271301269531
[2025-11-22T12:33:44.515] [INFO] debug-file - UP-TO-DATE :entry:default@CompileResource...  
[2025-11-22T12:33:44.518] [DEBUG] debug-file - Executing task :entry:default@DoNativeStrip
[2025-11-22T12:33:44.518] [DEBUG] debug-file - Task 'entry:default@DoNativeStrip' cost while wrapping incremental declarations: 1 ms 
[2025-11-22T12:33:44.521] [DEBUG] debug-file - Incremental task entry:default@DoNativeStrip pre-execution cost: 3 ms .
[2025-11-22T12:33:44.521] [DEBUG] debug-file - entry : default@DoNativeStrip cost memory 0.08750152587890625
[2025-11-22T12:33:44.522] [INFO] debug-file - UP-TO-DATE :entry:default@DoNativeStrip...  
[2025-11-22T12:33:44.525] [DEBUG] debug-file - Executing task :entry:default@CompileArkTS
[2025-11-22T12:33:44.526] [DEBUG] debug-file - obfuscationOptions: undefined
[2025-11-22T12:33:44.597] [DEBUG] debug-file - Incremental task entry:default@CompileArkTS pre-execution cost: 54 ms .
[2025-11-22T12:33:44.597] [DEBUG] debug-file - entry : default@CompileArkTS cost memory 1.723663330078125
[2025-11-22T12:33:44.600] [INFO] debug-file - UP-TO-DATE :entry:default@CompileArkTS...  
[2025-11-22T12:33:44.602] [DEBUG] debug-file - Executing task :entry:default@BuildJS
[2025-11-22T12:33:44.608] [DEBUG] debug-file - entry : default@BuildJS cost memory 0.1504669189453125
[2025-11-22T12:33:44.608] [DEBUG] debug-file - runTaskFromQueue task cost before running: 5 s 599 ms 
[2025-11-22T12:33:44.608] [INFO] debug-file - Finished :entry:default@BuildJS... after 7 ms 
[2025-11-22T12:33:44.610] [DEBUG] debug-file - Executing task :entry:default@CacheNativeLibs
[2025-11-22T12:33:44.611] [DEBUG] debug-file - Task 'entry:default@CacheNativeLibs' cost while wrapping incremental declarations: 1 ms 
[2025-11-22T12:33:44.613] [DEBUG] debug-file - Incremental task entry:default@CacheNativeLibs pre-execution cost: 2 ms .
[2025-11-22T12:33:44.613] [DEBUG] debug-file - entry : default@CacheNativeLibs cost memory 0.10395050048828125
[2025-11-22T12:33:44.614] [INFO] debug-file - UP-TO-DATE :entry:default@CacheNativeLibs...  
[2025-11-22T12:33:44.615] [DEBUG] debug-file - Executing task :entry:default@GeneratePkgModuleJson
[2025-11-22T12:33:44.615] [DEBUG] debug-file - File: 'C:\Users\34857\DevEcoStudioProjects\GreenGroth\entry\build\default\intermediates\preload\default\preload.json' from 'preloadSoJsonPath' is not exists, just ignore.
[2025-11-22T12:33:44.616] [DEBUG] debug-file - Task 'entry:default@GeneratePkgModuleJson' cost while wrapping incremental declarations: 1 ms 
[2025-11-22T12:33:44.617] [DEBUG] debug-file - Incremental task entry:default@GeneratePkgModuleJson pre-execution cost: 2 ms .
[2025-11-22T12:33:44.617] [DEBUG] debug-file - entry : default@GeneratePkgModuleJson cost memory 0.09786224365234375
[2025-11-22T12:33:44.618] [INFO] debug-file - UP-TO-DATE :entry:default@GeneratePkgModuleJson...  
[2025-11-22T12:33:44.619] [DEBUG] debug-file - Executing task :entry:default@ProcessCompiledResources
[2025-11-22T12:33:44.619] [DEBUG] debug-file - File: 'C:\Users\34857\DevEcoStudioProjects\GreenGroth\entry\build\default\intermediates\preload\default\preload.json' from 'preloadSoJsonPath' is not exists, just ignore.
[2025-11-22T12:33:44.620] [DEBUG] debug-file - Task 'entry:default@ProcessCompiledResources' cost while wrapping incremental declarations: 1 ms 
[2025-11-22T12:33:44.620] [DEBUG] debug-file - entry : default@ProcessCompiledResources cost memory 0.06597900390625
[2025-11-22T12:33:44.621] [DEBUG] debug-file - runTaskFromQueue task cost before running: 5 s 612 ms 
[2025-11-22T12:33:44.621] [INFO] debug-file - Finished :entry:default@ProcessCompiledResources... after 2 ms 
[2025-11-22T12:33:44.625] [DEBUG] debug-file - Executing task :entry:default@PackageHap
[2025-11-22T12:33:44.650] [DEBUG] debug-file - Incremental task entry:default@PackageHap pre-execution cost: 23 ms .
[2025-11-22T12:33:44.650] [DEBUG] debug-file - entry : default@PackageHap cost memory 0.5024185180664062
[2025-11-22T12:33:44.653] [INFO] debug-file - UP-TO-DATE :entry:default@PackageHap...  
[2025-11-22T12:33:44.655] [DEBUG] debug-file - Executing task :entry:default@PackingCheck
[2025-11-22T12:33:44.669] [DEBUG] debug-file - entry : default@PackingCheck cost memory 0.3517303466796875
[2025-11-22T12:33:44.669] [DEBUG] debug-file - runTaskFromQueue task cost before running: 5 s 660 ms 
[2025-11-22T12:33:44.669] [INFO] debug-file - Finished :entry:default@PackingCheck... after 14 ms 
[2025-11-22T12:33:44.675] [DEBUG] debug-file - Executing task :entry:default@SignHap
[2025-11-22T12:33:44.682] [DEBUG] debug-file - Incremental task entry:default@SignHap pre-execution cost: 5 ms .
[2025-11-22T12:33:44.682] [DEBUG] debug-file - entry : default@SignHap cost memory 0.1155242919921875
[2025-11-22T12:33:44.683] [INFO] debug-file - UP-TO-DATE :entry:default@SignHap...  
[2025-11-22T12:33:44.686] [DEBUG] debug-file - Executing task :entry:default@CollectDebugSymbol
[2025-11-22T12:33:44.689] [DEBUG] debug-file - entry : default@CollectDebugSymbol cost memory 0.101165771484375
[2025-11-22T12:33:44.689] [DEBUG] debug-file - runTaskFromQueue task cost before running: 5 s 680 ms 
[2025-11-22T12:33:44.689] [INFO] debug-file - Finished :entry:default@CollectDebugSymbol... after 3 ms 
[2025-11-22T12:33:44.689] [DEBUG] debug-file - Executing task :entry:assembleHap
[2025-11-22T12:33:44.690] [DEBUG] debug-file - entry : assembleHap cost memory 0.01465606689453125
[2025-11-22T12:33:44.690] [DEBUG] debug-file - runTaskFromQueue task cost before running: 5 s 681 ms 
[2025-11-22T12:33:44.690] [INFO] debug-file - Finished :entry:assembleHap... after 1 ms 
[2025-11-22T12:33:44.700] [INFO] debug-file - BUILD SUCCESSFUL in 5 s 691 ms 
[2025-11-22T12:33:44.701] [DEBUG] debug-file - There is no need to refresh cache, since the incremental task entry:default@PreBuild is up-to-date.
[2025-11-22T12:33:44.702] [DEBUG] debug-file - Update task entry:default@CreateModuleInfo output file:C:\Users\34857\DevEcoStudioProjects\GreenGroth\entry\build\default\generated\profile\default\ModuleInfo.ts cache.
[2025-11-22T12:33:44.703] [DEBUG] debug-file - Incremental task entry:default@CreateModuleInfo post-execution cost:2 ms .
[2025-11-22T12:33:44.703] [DEBUG] debug-file - There is no need to refresh cache, since the incremental task entry:default@GenerateMetadata is up-to-date.
[2025-11-22T12:33:44.703] [DEBUG] debug-file - There is no need to refresh cache, since the incremental task entry:default@MergeProfile is up-to-date.
[2025-11-22T12:33:44.703] [DEBUG] debug-file - There is no need to refresh cache, since the incremental task entry:default@CreateBuildProfile is up-to-date.
[2025-11-22T12:33:44.704] [DEBUG] debug-file - There is no need to refresh cache, since the incremental task entry:default@GeneratePkgContextInfo is up-to-date.
[2025-11-22T12:33:44.704] [DEBUG] debug-file - Update task entry:default@ProcessIntegratedHsp output file:C:\Users\34857\DevEcoStudioProjects\GreenGroth\build\cache\default\integrated_hsp\integratedHspCache.json cache.
[2025-11-22T12:33:44.704] [DEBUG] debug-file - Incremental task entry:default@ProcessIntegratedHsp post-execution cost:1 ms .
[2025-11-22T12:33:44.704] [DEBUG] debug-file - There is no need to refresh cache, since the incremental task entry:default@MakePackInfo is up-to-date.
[2025-11-22T12:33:44.704] [DEBUG] debug-file - Update task entry:default@SyscapTransform input file:C:\Program Files\Huawei\DevEco Studio\sdk\default\openharmony\toolchains\syscap_tool.exe cache by regenerate.
[2025-11-22T12:33:44.705] [DEBUG] debug-file - Update task entry:default@SyscapTransform input file:C:\Program Files\Huawei\DevEco Studio\sdk\default\openharmony\ets\api\device-define cache by regenerate.
[2025-11-22T12:33:44.708] [DEBUG] debug-file - Update task entry:default@SyscapTransform output file:C:\Users\34857\DevEcoStudioProjects\GreenGroth\entry\build\default\intermediates\syscap\default\rpcid.sc cache.
[2025-11-22T12:33:44.709] [DEBUG] debug-file - Incremental task entry:default@SyscapTransform post-execution cost:5 ms .
[2025-11-22T12:33:44.709] [DEBUG] debug-file - There is no need to refresh cache, since the incremental task entry:default@ProcessProfile is up-to-date.
[2025-11-22T12:33:44.709] [DEBUG] debug-file - There is no need to refresh cache, since the incremental task entry:default@ProcessRouterMap is up-to-date.
[2025-11-22T12:33:44.709] [DEBUG] debug-file - There is no need to refresh cache, since the incremental task entry:default@ProcessShareConfig is up-to-date.
[2025-11-22T12:33:44.709] [DEBUG] debug-file - Update task entry:default@ProcessStartupConfig input file:C:\Users\34857\DevEcoStudioProjects\GreenGroth\entry\build\default\intermediates\loader\default\pkgContextInfo.json cache by regenerate.
[2025-11-22T12:33:44.710] [DEBUG] debug-file - Update task entry:default@ProcessStartupConfig output file:C:\Users\34857\DevEcoStudioProjects\GreenGroth\entry\build\default\intermediates\startup\default\startup_config.json cache.
[2025-11-22T12:33:44.711] [DEBUG] debug-file - Incremental task entry:default@ProcessStartupConfig post-execution cost:2 ms .
[2025-11-22T12:33:44.711] [DEBUG] debug-file - There is no need to refresh cache, since the incremental task entry:default@ProcessResource is up-to-date.
[2025-11-22T12:33:44.711] [DEBUG] debug-file - There is no need to refresh cache, since the incremental task entry:default@GenerateLoaderJson is up-to-date.
[2025-11-22T12:33:44.711] [DEBUG] debug-file - There is no need to refresh cache, since the incremental task entry:default@ProcessLibs is up-to-date.
[2025-11-22T12:33:44.711] [DEBUG] debug-file - There is no need to refresh cache, since the incremental task entry:default@CompileResource is up-to-date.
[2025-11-22T12:33:44.711] [DEBUG] debug-file - There is no need to refresh cache, since the incremental task entry:default@DoNativeStrip is up-to-date.
[2025-11-22T12:33:44.711] [DEBUG] debug-file - There is no need to refresh cache, since the incremental task entry:default@CompileArkTS is up-to-date.
[2025-11-22T12:33:44.714] [DEBUG] debug-file - Update task entry:default@BuildJS input file:C:\Users\34857\DevEcoStudioProjects\GreenGroth\entry\build\default\intermediates\loader\default cache by regenerate.
[2025-11-22T12:33:44.716] [DEBUG] debug-file - Update task entry:default@BuildJS input file:C:\Users\34857\DevEcoStudioProjects\GreenGroth\oh_modules\.ohpm\@ohos+axios@2.2.6\oh_modules\@ohos\axios\index.js cache by regenerate.
[2025-11-22T12:33:44.717] [DEBUG] debug-file - Update task entry:default@BuildJS input file:C:\Users\34857\DevEcoStudioProjects\GreenGroth\entry\build\default\intermediates\res\default\resources\rawfile cache by regenerate.
[2025-11-22T12:33:44.720] [DEBUG] debug-file - Update task entry:default@BuildJS input file:C:\Users\34857\DevEcoStudioProjects\GreenGroth\entry\build\default\intermediates\res\default\ResourceTable.txt cache by regenerate.
[2025-11-22T12:33:44.720] [DEBUG] debug-file - Update task entry:default@BuildJS input file:C:\Users\34857\DevEcoStudioProjects\GreenGroth\entry\build\default\intermediates\res\default\ark_module.json cache by regenerate.
[2025-11-22T12:33:44.720] [DEBUG] debug-file - Update task entry:default@BuildJS input file:C:\Users\34857\DevEcoStudioProjects\GreenGroth\entry\build\default\intermediates\res\default\resources\base\profile cache by regenerate.
[2025-11-22T12:33:44.722] [DEBUG] debug-file - Update task entry:default@BuildJS input file:C:\Users\34857\DevEcoStudioProjects\GreenGroth\entry\build\default\intermediates\loader\default\pkgContextInfo.json cache by regenerate.
[2025-11-22T12:33:44.722] [DEBUG] debug-file - Update task entry:default@BuildJS output file:C:\Users\34857\DevEcoStudioProjects\GreenGroth\entry\build\default\intermediates\loader_out\default\js cache.
[2025-11-22T12:33:44.723] [DEBUG] debug-file - Incremental task entry:default@BuildJS post-execution cost:12 ms .
[2025-11-22T12:33:44.723] [DEBUG] debug-file - There is no need to refresh cache, since the incremental task entry:default@CacheNativeLibs is up-to-date.
[2025-11-22T12:33:44.723] [DEBUG] debug-file - There is no need to refresh cache, since the incremental task entry:default@GeneratePkgModuleJson is up-to-date.
[2025-11-22T12:33:44.723] [DEBUG] debug-file - Incremental task entry:default@ProcessCompiledResources post-execution cost:1 ms .
[2025-11-22T12:33:44.723] [DEBUG] debug-file - There is no need to refresh cache, since the incremental task entry:default@PackageHap is up-to-date.
[2025-11-22T12:33:44.723] [DEBUG] debug-file - There is no need to refresh cache, since the incremental task entry:default@SignHap is up-to-date.
[2025-11-22T12:33:44.724] [DEBUG] debug-file - Update task entry:default@CollectDebugSymbol input file:C:\Users\34857\DevEcoStudioProjects\GreenGroth\entry\build\default\intermediates\loader_out\default\ets\sourceMaps.map cache by regenerate.
[2025-11-22T12:33:44.725] [DEBUG] debug-file - Update task entry:default@CollectDebugSymbol input file:C:\Users\34857\DevEcoStudioProjects\GreenGroth\entry\build\default\intermediates\libs\default cache by regenerate.
[2025-11-22T12:33:44.725] [DEBUG] debug-file - Update task entry:default@CollectDebugSymbol output file:C:\Users\34857\DevEcoStudioProjects\GreenGroth\entry\build\default\outputs\default\symbol cache.
[2025-11-22T12:33:44.726] [DEBUG] debug-file - Incremental task entry:default@CollectDebugSymbol post-execution cost:3 ms .
[2025-11-22T12:33:44.772] [DEBUG] debug-file - session manager: send message to worker process.
[2025-11-22T12:33:44.773] [DEBUG] debug-file - session manager: send message to worker process.
[2025-11-22T12:33:45.016] [DEBUG] debug-file - Since there is no instance or instance is terminated, create a new worker pool.
[2025-11-22T12:33:45.016] [DEBUG] debug-file - Worker pool is initialized with config:  {
  minPoolNum: 2,
  maxPoolNum: undefined,
  maxCoreSize: undefined,
  cacheCapacity: undefined,
  cacheTtl: undefined
}
[2025-11-22T12:33:45.018] [DEBUG] debug-file - Create  resident worker with id: 0.
[2025-11-22T12:33:45.021] [DEBUG] debug-file - Create  resident worker with id: 1.
[2025-11-22T12:33:45.026] [DEBUG] debug-file - Cleanup worker 0.
[2025-11-22T12:33:45.027] [DEBUG] debug-file - Worker 0 has been cleaned up.
[2025-11-22T12:33:45.027] [DEBUG] debug-file - Current idle worker size: 1.
[2025-11-22T12:33:45.027] [DEBUG] debug-file - Current resident worker size: 2.
[2025-11-22T12:33:45.027] [DEBUG] debug-file - Cleanup worker 1.
[2025-11-22T12:33:45.027] [DEBUG] debug-file - Worker 1 has been cleaned up.
[2025-11-22T12:33:45.027] [DEBUG] debug-file - Current idle worker size: 0.
[2025-11-22T12:33:45.028] [DEBUG] debug-file - Current resident worker size: 2.
[2025-11-22T12:33:45.030] [DEBUG] debug-file - hvigor build process will be closed.
[2025-11-22T12:33:45.042] [DEBUG] debug-file - worker[0] exits with exit code 0.
[2025-11-22T12:33:45.043] [DEBUG] debug-file - worker[1] exits with exit code 0.
[2025-11-22T12:33:45.047] [DEBUG] debug-file - watch worker: worker id should be larger than 0. Nothing will be sent to any worker thread.
[2025-11-22T12:33:45.047] [DEBUG] debug-file - watch worker: worker id should be larger than 0. Nothing will be sent to any worker thread.
